Order_Detail_ID,Order_ID,Product_ID,Quantity,Selling_Price,Item_Discount,Final_Item_Price
OD00000001,ORD0000001,P000852,1,70.27,18.58,51.69
OD00000002,ORD0000001,P002042,1,150.44,39.79,110.65
OD00000003,ORD0000001,P000357,1,69.45,18.37,51.08
OD00000004,ORD0000001,P001895,1,102.57,27.13,75.44
OD00000005,ORD0000001,P000572,1,114.51,30.28,84.23
OD00000006,ORD0000001,P002254,2,103.73,54.87,152.59
OD00000007,ORD0000002,P000089,3,81.83,16.34,229.15
OD00000008,ORD0000002,P000534,1,61.01,4.06,56.95
OD00000009,ORD0000002,P000084,1,27.33,1.82,25.51
OD00000010,ORD0000003,P000555,2,104.59,44.81,164.37
OD00000011,ORD0000003,P000954,1,100.72,21.57,79.15
OD00000012,ORD0000004,P000506,1,360.44,30.87,329.57
OD00000013,ORD0000004,P001941,2,25.45,4.36,46.54
OD00000014,ORD0000005,P000299,1,202.77,47.12,155.65
OD00000015,ORD0000005,P000954,1,100.72,23.4,77.32
OD00000016,ORD0000006,P000801,1,164.79,64.03,100.76
OD00000017,ORD0000006,P001661,3,53.94,62.87,98.95
OD00000018,ORD0000007,P001190,2,146.81,112.07,181.55
OD00000019,ORD0000007,P001292,1,524.47,200.17,324.30000000000007
OD00000020,ORD0000008,P000553,1,620.45,113.77,506.68000000000006
OD00000021,ORD0000009,P000396,1,60.37,22.88,37.49
OD00000022,ORD0000009,P000077,1,83.89,31.8,52.09
OD00000023,ORD0000009,P001631,1,94.88,35.96,58.92
OD00000024,ORD0000010,P001970,2,163.58,5.76,321.40000000000003
OD00000025,ORD0000010,P001377,3,33.21,1.76,97.87
OD00000026,ORD0000011,P000633,1,62.46,6.75,55.71
OD00000027,ORD0000011,P001395,1,165.77,17.91,147.86
OD00000028,ORD0000012,P001718,1,216.08,59.76,156.32000000000002
OD00000029,ORD0000012,P001354,3,33.96,28.18,73.69999999999999
OD00000030,ORD0000013,P000336,1,18.17,0.32,17.85
OD00000031,ORD0000013,P001757,5,69.58,6.08,341.82
OD00000032,ORD0000013,P000048,2,46.45,1.62,91.28
OD00000033,ORD0000014,P001061,1,285.79,91.89,193.90000000000003
OD00000034,ORD0000014,P000263,1,155.08,49.86,105.22
OD00000035,ORD0000015,P001154,1,275.09,105.54,169.55
OD00000036,ORD0000015,P001582,1,266.31,102.16,164.15
OD00000037,ORD0000015,P001042,1,55.74,21.38,34.36
OD00000038,ORD0000016,P000134,2,59.46,42.46,76.46000000000001
OD00000039,ORD0000016,P002199,3,95.9,102.72,184.98000000000005
OD00000040,ORD0000017,P002132,1,123.55,15.75,107.8
OD00000041,ORD0000017,P000916,1,47.59,6.07,41.52
OD00000042,ORD0000017,P000323,1,73.75,9.4,64.35
OD00000043,ORD0000018,P001227,1,33.39,2.18,31.21
OD00000044,ORD0000018,P000879,1,39.68,2.59,37.09
OD00000045,ORD0000018,P001224,1,23.51,1.54,21.97
OD00000046,ORD0000018,P001364,1,150.16,9.82,140.34
OD00000047,ORD0000019,P000925,1,115.52,42.46,73.06
OD00000048,ORD0000019,P001530,2,11.59,8.52,14.66
OD00000049,ORD0000019,P001174,1,49.59,18.23,31.360000000000003
OD00000050,ORD0000019,P000132,2,226.8,166.74,286.86
OD00000051,ORD0000020,P002036,1,175.35,41.05,134.3
OD00000052,ORD0000020,P000809,1,64.95,15.2,49.75
OD00000053,ORD0000021,P001206,2,12.4,5.88,18.92
OD00000054,ORD0000021,P001311,2,77.31,36.66,117.96
OD00000055,ORD0000021,P000343,1,86.57,20.52,66.05
OD00000056,ORD0000022,P001987,4,112.95,7.55,444.25
OD00000057,ORD0000022,P000190,2,181.94,6.08,357.8
OD00000058,ORD0000022,P000222,1,110.35,1.85,108.5
OD00000059,ORD0000022,P000404,1,74.02,1.24,72.78
OD00000060,ORD0000022,P001065,1,71.66,1.2,70.46
OD00000061,ORD0000022,P001131,1,54.3,0.91,53.39
OD00000062,ORD0000023,P001816,1,461.25,59.19,402.06
OD00000063,ORD0000024,P002015,5,67.71,4.15,334.4
OD00000064,ORD0000025,P000849,1,34.74,4.52,30.22
OD00000065,ORD0000025,P000036,1,151.09,19.64,131.45
OD00000066,ORD0000026,P002077,1,56.22,17.9,38.32
OD00000067,ORD0000026,P000177,1,157.31,50.09,107.22
OD00000068,ORD0000026,P001153,2,95.26,60.66,129.86
OD00000069,ORD0000027,P001391,5,25.99,48.17,81.77999999999999
OD00000070,ORD0000027,P001316,1,33.64,12.47,21.17
OD00000071,ORD0000027,P000339,2,32.37,24.0,40.74
OD00000072,ORD0000027,P001226,1,26.77,9.92,16.85
OD00000073,ORD0000027,P000329,3,190.35,211.69,359.36
OD00000074,ORD0000028,P001629,1,320.73,29.25,291.48
OD00000075,ORD0000028,P000892,2,140.5,25.64,255.36
OD00000076,ORD0000028,P001130,1,170.45,15.55,154.89999999999998
OD00000077,ORD0000028,P000932,1,135.01,12.32,122.69
OD00000078,ORD0000028,P000837,2,62.11,11.33,112.89
OD00000079,ORD0000028,P002283,1,121.08,11.05,110.03
OD00000080,ORD0000029,P000251,1,482.54,164.17,318.37
OD00000081,ORD0000030,P001569,1,1252.05,47.42,1204.63
OD00000082,ORD0000031,P000352,2,34.92,12.02,57.82000000000001
OD00000083,ORD0000031,P001818,4,35.43,24.39,117.33
OD00000084,ORD0000031,P001514,1,28.7,4.94,23.76
OD00000085,ORD0000031,P000929,1,228.87,39.38,189.49
OD00000086,ORD0000031,P002167,1,111.58,19.2,92.38
OD00000087,ORD0000032,P002244,1,579.03,209.54,369.49
OD00000088,ORD0000033,P000633,1,62.46,3.03,59.43
OD00000089,ORD0000033,P001155,2,25.94,2.53,49.35
OD00000090,ORD0000033,P002071,2,13.93,1.36,26.5
OD00000091,ORD0000033,P001469,1,24.39,1.19,23.2
OD00000092,ORD0000033,P000248,2,11.21,1.09,21.33
OD00000093,ORD0000034,P001688,3,91.28,101.0,172.84000000000003
OD00000094,ORD0000034,P000904,1,9.97,3.68,6.290000000000001
OD00000095,ORD0000034,P000644,2,211.75,156.2,267.3
OD00000096,ORD0000034,P001638,1,26.25,9.68,16.57
OD00000097,ORD0000034,P000886,1,467.43,172.41,295.02
OD00000098,ORD0000035,P001740,1,494.57,125.83,368.74
OD00000099,ORD0000035,P000277,4,57.8,58.83,172.37
OD00000100,ORD0000035,P000220,1,53.49,13.61,39.88
OD00000101,ORD0000036,P001302,2,176.4,73.86,278.94
OD00000102,ORD0000037,P000970,4,62.84,75.7,175.66000000000005
OD00000103,ORD0000037,P000726,4,59.46,71.63,166.21
OD00000104,ORD0000037,P001942,4,53.76,64.76,150.27999999999997
OD00000105,ORD0000038,P001433,1,227.11,27.14,199.97
OD00000106,ORD0000038,P001943,2,71.66,17.13,126.19
OD00000107,ORD0000038,P000701,4,33.4,15.97,117.63
OD00000108,ORD0000038,P001323,1,63.15,7.55,55.6
OD00000109,ORD0000038,P000386,1,56.52,6.76,49.760000000000005
OD00000110,ORD0000038,P000912,1,56.02,6.7,49.32
OD00000111,ORD0000038,P001445,1,53.4,6.38,47.02
OD00000112,ORD0000038,P000657,1,35.83,4.28,31.55
OD00000113,ORD0000039,P002197,1,317.57,101.34,216.23
OD00000114,ORD0000039,P000755,1,298.96,95.39,203.57
OD00000115,ORD0000039,P001972,1,64.76,20.66,44.10000000000001
OD00000116,ORD0000039,P001348,1,13.6,4.34,9.26
OD00000117,ORD0000040,P001472,4,96.79,5.46,381.7
OD00000118,ORD0000040,P001044,1,161.35,2.28,159.07
OD00000119,ORD0000040,P002223,2,17.24,0.49,33.989999999999995
OD00000120,ORD0000041,P000180,2,41.7,23.9,59.50000000000001
OD00000121,ORD0000041,P002250,4,57.7,66.13,164.67000000000002
OD00000122,ORD0000042,P000012,3,34.63,15.93,87.96000000000001
OD00000123,ORD0000042,P001018,2,86.93,26.66,147.20000000000002
OD00000124,ORD0000042,P000927,2,26.92,8.26,45.580000000000005
OD00000125,ORD0000042,P001432,2,63.82,19.58,108.06
OD00000126,ORD0000043,P001358,2,33.33,0.14,66.52
OD00000127,ORD0000043,P001387,1,78.99,0.17,78.82
OD00000128,ORD0000043,P000872,2,111.79,0.48,223.1
OD00000129,ORD0000044,P001477,1,516.48,153.91,362.5700000000001
OD00000130,ORD0000045,P000696,2,273.59,61.12,486.06
OD00000131,ORD0000046,P001697,1,212.08,14.92,197.16000000000005
OD00000132,ORD0000046,P001303,2,10.43,1.47,19.39
OD00000133,ORD0000046,P001101,1,32.4,2.28,30.12
OD00000134,ORD0000047,P000299,2,202.77,150.45,255.09000000000003
OD00000135,ORD0000047,P000797,2,142.8,105.95,179.65000000000003
OD00000136,ORD0000048,P002138,1,396.22,53.91,342.31
OD00000137,ORD0000048,P001394,1,101.9,13.87,88.03
OD00000138,ORD0000048,P001102,2,49.62,13.51,85.72999999999999
OD00000139,ORD0000048,P000186,1,42.44,5.78,36.66
OD00000140,ORD0000049,P000200,1,154.38,42.56,111.82
OD00000141,ORD0000049,P000190,3,181.94,150.46,395.3599999999999
OD00000142,ORD0000050,P002036,2,175.35,37.32,313.38
OD00000143,ORD0000051,P001868,1,46.28,12.9,33.38
OD00000144,ORD0000051,P000874,2,107.67,60.04,155.3
OD00000145,ORD0000052,P000021,2,61.51,21.88,101.14
OD00000146,ORD0000052,P000821,1,53.31,9.48,43.83
OD00000147,ORD0000052,P001006,1,73.59,13.09,60.5
OD00000148,ORD0000053,P000337,2,284.23,193.92,374.54
OD00000149,ORD0000053,P001652,1,30.01,10.24,19.770000000000003
OD00000150,ORD0000053,P000364,1,11.04,3.77,7.27
OD00000151,ORD0000054,P001710,2,228.94,182.86,275.02
OD00000152,ORD0000054,P001465,1,118.28,47.24,71.03999999999999
OD00000153,ORD0000054,P001231,1,105.69,42.21,63.48
OD00000154,ORD0000054,P002305,1,59.46,23.75,35.71
OD00000155,ORD0000055,P000105,2,198.95,109.23,288.67
OD00000156,ORD0000055,P000070,2,95.5,52.44,138.56
OD00000157,ORD0000055,P001646,1,117.6,32.29,85.31
OD00000158,ORD0000056,P002188,1,234.61,31.87,202.74
OD00000159,ORD0000056,P001198,1,202.13,27.45,174.68
OD00000160,ORD0000057,P001819,1,96.77,10.92,85.85
OD00000161,ORD0000057,P001156,1,102.15,11.53,90.62
OD00000162,ORD0000057,P001432,1,63.82,7.2,56.62
OD00000163,ORD0000057,P001727,1,95.65,10.8,84.85000000000001
OD00000164,ORD0000058,P000797,1,142.8,28.64,114.16
OD00000165,ORD0000058,P000919,2,87.17,34.97,139.37
OD00000166,ORD0000059,P001198,1,202.13,65.42,136.70999999999998
OD00000167,ORD0000060,P001905,1,603.53,27.8,575.73
OD00000168,ORD0000060,P000470,3,119.45,16.5,341.85
OD00000169,ORD0000060,P001718,1,216.08,9.95,206.13
OD00000170,ORD0000060,P002212,1,117.88,5.43,112.45
OD00000171,ORD0000060,P000914,2,11.88,1.09,22.67
OD00000172,ORD0000061,P001368,1,96.76,13.21,83.55000000000001
OD00000173,ORD0000061,P002308,4,266.59,145.53,920.83
OD00000174,ORD0000062,P000813,1,289.11,102.69,186.42
OD00000175,ORD0000062,P001096,1,775.02,275.27,499.75
OD00000176,ORD0000063,P000776,3,107.67,17.79,305.22
OD00000177,ORD0000063,P002041,1,123.39,6.8,116.59
OD00000178,ORD0000063,P001418,2,17.86,1.97,33.75
OD00000179,ORD0000064,P000117,1,594.9,53.76,541.14
OD00000180,ORD0000065,P001183,2,327.53,195.78,459.28
OD00000181,ORD0000066,P001937,1,58.81,0.28,58.53
OD00000182,ORD0000066,P001286,1,23.89,0.11,23.78
OD00000183,ORD0000066,P001629,1,320.73,1.52,319.21000000000004
OD00000184,ORD0000066,P000355,1,125.67,0.59,125.08
OD00000185,ORD0000067,P000209,2,241.01,43.05,438.97
OD00000186,ORD0000067,P001954,2,49.22,8.79,89.65
OD00000187,ORD0000067,P000086,1,47.24,4.22,43.02
OD00000188,ORD0000067,P001538,1,34.19,3.05,31.14
OD00000189,ORD0000067,P000924,1,23.55,2.1,21.45
OD00000190,ORD0000068,P001655,5,120.67,115.04,488.31
OD00000191,ORD0000069,P001172,1,24.43,8.87,15.56
OD00000192,ORD0000069,P000621,1,44.99,16.33,28.660000000000004
OD00000193,ORD0000069,P001875,1,62.72,22.77,39.95
OD00000194,ORD0000070,P002255,1,95.08,9.52,85.56
OD00000195,ORD0000070,P001589,1,169.59,16.98,152.61
OD00000196,ORD0000070,P001426,1,273.67,27.4,246.27
OD00000197,ORD0000071,P000759,1,642.38,163.65,478.73
OD00000198,ORD0000071,P000539,3,107.64,82.26,240.66000000000005
OD00000199,ORD0000072,P001161,4,72.63,92.45,198.07
OD00000200,ORD0000073,P001936,1,48.11,10.63,37.48
OD00000201,ORD0000073,P000217,1,438.87,96.92,341.95
OD00000202,ORD0000074,P001750,1,26.75,3.1,23.65
OD00000203,ORD0000074,P002310,1,220.84,25.62,195.22
OD00000204,ORD0000075,P001701,1,27.44,6.79,20.65
OD00000205,ORD0000075,P001073,2,58.1,28.74,87.46000000000001
OD00000206,ORD0000075,P002283,2,121.08,59.9,182.26
OD00000207,ORD0000076,P002106,2,229.38,8.46,450.3
OD00000208,ORD0000076,P001674,1,50.34,0.93,49.41
OD00000209,ORD0000077,P000886,1,467.43,152.35,315.08000000000004
OD00000210,ORD0000077,P001752,2,125.14,81.57,168.71
OD00000211,ORD0000078,P000018,1,184.38,32.06,152.32
OD00000212,ORD0000078,P000392,2,80.47,27.99,132.95
OD00000213,ORD0000078,P001458,2,61.68,21.46,101.9
OD00000214,ORD0000078,P000889,3,38.25,19.96,94.79
OD00000215,ORD0000078,P001995,1,107.98,18.78,89.2
OD00000216,ORD0000078,P001685,1,66.33,11.54,54.79
OD00000217,ORD0000078,P000580,4,13.61,9.47,44.97
OD00000218,ORD0000078,P000458,1,53.34,9.28,44.06
OD00000219,ORD0000078,P001864,1,34.94,6.08,28.86
OD00000220,ORD0000078,P000610,1,14.43,2.51,11.92
OD00000221,ORD0000079,P001125,3,81.57,14.78,229.93
OD00000222,ORD0000079,P001878,3,23.21,4.2,65.42999999999999
OD00000223,ORD0000079,P001538,1,34.19,2.06,32.129999999999995
OD00000224,ORD0000080,P002126,2,34.09,4.55,63.63000000000001
OD00000225,ORD0000080,P001277,1,128.8,8.6,120.20000000000002
OD00000226,ORD0000081,P000244,3,193.57,48.16,532.5500000000001
OD00000227,ORD0000082,P000564,5,30.78,23.95,129.95000000000002
OD00000228,ORD0000082,P000451,1,225.83,35.14,190.69
OD00000229,ORD0000083,P001994,1,96.0,15.86,80.14
OD00000230,ORD0000083,P001755,1,676.52,111.75,564.77
OD00000231,ORD0000084,P001577,2,94.02,63.29,124.75
OD00000232,ORD0000085,P000119,1,56.16,22.25,33.91
OD00000233,ORD0000085,P000717,2,204.46,161.97,246.95
OD00000234,ORD0000086,P000178,1,201.72,76.31,125.41
OD00000235,ORD0000086,P002213,2,13.25,10.02,16.48
OD00000236,ORD0000086,P000228,1,198.22,74.99,123.23
OD00000237,ORD0000087,P000005,1,414.83,49.62,365.21
OD00000238,ORD0000087,P001552,1,59.4,7.11,52.29
OD00000239,ORD0000088,P001624,2,225.32,104.82,345.82
OD00000240,ORD0000088,P002019,2,109.44,50.92,167.95999999999998
OD00000241,ORD0000088,P001347,1,32.08,7.46,24.62
OD00000242,ORD0000088,P000805,1,22.55,5.25,17.3
OD00000243,ORD0000088,P000975,1,18.64,4.34,14.3
OD00000244,ORD0000089,P001310,1,107.16,35.08,72.08
OD00000245,ORD0000089,P000465,2,117.81,77.13,158.49
OD00000246,ORD0000089,P001139,2,97.73,63.98,131.48000000000002
OD00000247,ORD0000090,P000498,2,185.73,141.09,230.37
OD00000248,ORD0000090,P001087,1,188.37,71.55,116.82
OD00000249,ORD0000090,P000851,1,109.02,41.41,67.61
OD00000250,ORD0000090,P002031,2,234.38,178.05,290.71
OD00000251,ORD0000091,P000399,1,127.88,23.7,104.18
OD00000252,ORD0000091,P000943,3,49.65,27.61,121.34
OD00000253,ORD0000091,P001324,3,50.65,28.16,123.79
OD00000254,ORD0000092,P000181,2,147.37,116.11,178.63
OD00000255,ORD0000093,P001360,4,91.77,87.5,279.58
OD00000256,ORD0000093,P001317,1,205.22,48.92,156.3
OD00000257,ORD0000093,P000773,5,35.94,42.84,136.86
OD00000258,ORD0000093,P000306,1,144.25,34.39,109.86
OD00000259,ORD0000093,P001937,2,58.81,28.04,89.58000000000001
OD00000260,ORD0000093,P000273,1,78.47,18.71,59.76
OD00000261,ORD0000093,P000346,1,28.74,6.85,21.89
OD00000262,ORD0000093,P000336,1,18.17,4.33,13.840000000000002
OD00000263,ORD0000094,P000095,3,217.36,159.25,492.83
OD00000264,ORD0000095,P001312,4,106.48,132.9,293.02
OD00000265,ORD0000096,P001396,2,178.96,139.26,218.66
OD00000266,ORD0000096,P001629,1,320.73,124.78,195.95
OD00000267,ORD0000096,P001288,1,107.47,41.81,65.66
OD00000268,ORD0000097,P001846,1,726.64,284.36,442.28
OD00000269,ORD0000098,P001722,1,73.37,0.07,73.30000000000001
OD00000270,ORD0000098,P002019,5,109.44,0.56,546.6400000000001
OD00000271,ORD0000099,P000015,3,206.98,14.76,606.18
OD00000272,ORD0000100,P000132,2,226.8,84.81,368.79
OD00000273,ORD0000100,P000189,1,864.39,161.63,702.76
OD00000274,ORD0000100,P000782,2,232.59,86.98,378.2
OD00000275,ORD0000101,P000987,1,538.74,180.73,358.01
OD00000276,ORD0000101,P000892,2,140.5,94.26,186.74
OD00000277,ORD0000101,P000991,1,51.61,17.31,34.3
OD00000278,ORD0000102,P002081,1,216.62,25.82,190.8
OD00000279,ORD0000102,P000178,1,201.72,24.05,177.67
OD00000280,ORD0000102,P000861,1,211.72,25.24,186.48
OD00000281,ORD0000103,P001439,2,114.69,76.85,152.53
OD00000282,ORD0000103,P001567,1,130.56,43.75,86.81
OD00000283,ORD0000103,P001497,1,101.53,34.02,67.50999999999999
OD00000284,ORD0000103,P002270,1,52.07,17.45,34.620000000000005
OD00000285,ORD0000103,P002269,1,46.24,15.49,30.75
OD00000286,ORD0000103,P001622,1,27.21,9.12,18.090000000000003
OD00000287,ORD0000103,P001226,1,26.77,8.97,17.799999999999997
OD00000288,ORD0000104,P002035,3,46.48,35.41,104.03
OD00000289,ORD0000104,P000943,2,49.65,25.22,74.08
OD00000290,ORD0000104,P000783,2,37.54,19.07,56.01
OD00000291,ORD0000104,P002195,2,43.32,22.0,64.64
OD00000292,ORD0000104,P000357,1,69.45,17.64,51.81
OD00000293,ORD0000104,P001458,3,61.68,47.0,138.04
OD00000294,ORD0000105,P000829,1,80.11,10.68,69.43
OD00000295,ORD0000105,P000205,1,40.84,5.45,35.39
OD00000296,ORD0000106,P002170,1,27.74,9.93,17.81
OD00000297,ORD0000106,P000674,1,275.44,98.6,176.84
OD00000298,ORD0000106,P001913,3,57.64,61.9,111.02
OD00000299,ORD0000107,P000398,3,31.28,19.21,74.63
OD00000300,ORD0000107,P000054,1,249.02,50.98,198.04
OD00000301,ORD0000108,P000565,1,74.47,21.02,53.45
OD00000302,ORD0000108,P001587,1,125.29,35.37,89.92000000000002
OD00000303,ORD0000109,P001975,2,108.97,37.28,180.66
OD00000304,ORD0000109,P000857,1,100.98,17.28,83.7
OD00000305,ORD0000109,P000175,1,269.01,46.02,222.99
OD00000306,ORD0000110,P001228,2,43.01,28.64,57.38
OD00000307,ORD0000110,P001288,4,107.47,143.11,286.77
OD00000308,ORD0000111,P001002,1,213.01,24.53,188.48
OD00000309,ORD0000111,P000556,2,62.45,14.39,110.51
OD00000310,ORD0000111,P001930,1,26.89,3.1,23.79
OD00000311,ORD0000112,P002213,2,13.25,1.98,24.52
OD00000312,ORD0000112,P001146,1,296.79,22.21,274.58000000000004
OD00000313,ORD0000113,P000922,1,763.0,258.26,504.74
OD00000314,ORD0000114,P001220,2,17.2,2.96,31.44
OD00000315,ORD0000114,P000822,5,25.33,10.9,115.75
OD00000316,ORD0000115,P001470,1,78.81,31.04,47.77
OD00000317,ORD0000115,P000876,4,77.57,122.19,188.09
OD00000318,ORD0000116,P000349,2,26.47,2.06,50.88
OD00000319,ORD0000116,P000575,1,267.96,10.4,257.56
OD00000320,ORD0000116,P000991,1,51.61,2.0,49.61
OD00000321,ORD0000116,P000541,1,63.12,2.45,60.67
OD00000322,ORD0000116,P000564,1,30.78,1.2,29.58
OD00000323,ORD0000117,P000012,1,34.63,0.93,33.7
OD00000324,ORD0000117,P000533,1,566.84,15.18,551.6600000000001
OD00000325,ORD0000117,P000703,1,51.92,1.39,50.53
OD00000326,ORD0000118,P001928,3,117.7,116.88,236.22000000000003
OD00000327,ORD0000119,P000419,1,15.4,5.66,9.74
OD00000328,ORD0000119,P002183,1,78.13,28.7,49.42999999999999
OD00000329,ORD0000119,P001827,2,250.37,183.95,316.79
OD00000330,ORD0000120,P001117,1,157.3,45.51,111.79000000000002
OD00000331,ORD0000120,P002308,2,266.59,154.27,378.91
OD00000332,ORD0000121,P000084,2,27.33,4.01,50.65
OD00000333,ORD0000121,P001548,2,302.03,44.26,559.8
OD00000334,ORD0000121,P001780,1,61.45,4.5,56.95
OD00000335,ORD0000122,P000393,1,51.43,14.01,37.42
OD00000336,ORD0000122,P001869,2,133.82,72.89,194.75
OD00000337,ORD0000123,P002278,1,336.64,122.93,213.71
OD00000338,ORD0000123,P000706,3,81.55,89.33,155.32
OD00000339,ORD0000124,P001794,1,146.5,16.86,129.64
OD00000340,ORD0000125,P000514,2,11.33,6.69,15.97
OD00000341,ORD0000125,P002313,2,64.37,37.98,90.76000000000002
OD00000342,ORD0000125,P000272,2,62.05,36.61,87.49
OD00000343,ORD0000126,P002180,1,35.25,5.94,29.31
OD00000344,ORD0000126,P000651,2,274.64,92.54,456.74
OD00000345,ORD0000127,P000069,1,169.13,65.61,103.52
OD00000346,ORD0000127,P001398,1,143.49,55.66,87.83000000000001
OD00000347,ORD0000128,P000382,1,401.82,66.65,335.17
OD00000348,ORD0000129,P001871,1,26.17,4.98,21.19
OD00000349,ORD0000129,P001293,1,33.57,6.39,27.18
OD00000350,ORD0000129,P002193,1,79.05,15.04,64.00999999999999
OD00000351,ORD0000129,P002173,1,18.12,3.45,14.670000000000002
OD00000352,ORD0000129,P001380,1,49.79,9.47,40.32
OD00000353,ORD0000130,P002281,1,130.31,36.19,94.12
OD00000354,ORD0000130,P000798,1,12.58,3.49,9.09
OD00000355,ORD0000130,P001458,4,61.68,68.52,178.2
OD00000356,ORD0000131,P002158,1,143.05,7.53,135.52
OD00000357,ORD0000132,P002210,1,211.25,30.09,181.16
OD00000358,ORD0000132,P002182,1,71.08,10.13,60.95
OD00000359,ORD0000132,P000198,1,23.36,3.33,20.03
OD00000360,ORD0000133,P000348,1,29.35,9.41,19.94
OD00000361,ORD0000133,P002165,1,601.87,192.98,408.89
OD00000362,ORD0000133,P002092,2,191.1,122.54,259.66
OD00000363,ORD0000134,P000503,1,25.84,9.5,16.34
OD00000364,ORD0000134,P000777,1,56.28,20.69,35.59
OD00000365,ORD0000134,P002100,1,84.84,31.19,53.650000000000006
OD00000366,ORD0000134,P001997,1,71.56,26.3,45.260000000000005
OD00000367,ORD0000134,P001640,1,54.74,20.12,34.620000000000005
OD00000368,ORD0000134,P001364,2,150.16,110.39,189.93
OD00000369,ORD0000135,P000904,2,9.97,7.52,12.420000000000002
OD00000370,ORD0000135,P000273,2,78.47,59.15,97.79
OD00000371,ORD0000135,P000034,1,196.43,74.03,122.4
OD00000372,ORD0000136,P001180,2,42.45,27.79,57.11000000000001
OD00000373,ORD0000136,P002159,4,87.57,114.67,235.61
OD00000374,ORD0000137,P002118,2,204.18,126.09,282.27
OD00000375,ORD0000137,P000461,2,103.58,63.96,143.2
OD00000376,ORD0000138,P000068,1,218.79,52.71,166.07999999999998
OD00000377,ORD0000139,P002048,1,180.1,37.2,142.9
OD00000378,ORD0000139,P000673,1,91.5,18.91,72.59
OD00000379,ORD0000139,P002100,1,84.84,17.53,67.31
OD00000380,ORD0000139,P001997,1,71.56,14.79,56.77
OD00000381,ORD0000139,P000434,1,47.9,9.9,38.0
OD00000382,ORD0000139,P000433,1,37.77,7.8,29.97
OD00000383,ORD0000139,P001539,1,27.42,5.67,21.75
OD00000384,ORD0000140,P000980,1,22.11,0.87,21.24
OD00000385,ORD0000140,P001312,1,106.48,4.2,102.28
OD00000386,ORD0000140,P002024,2,70.09,5.52,134.66
OD00000387,ORD0000140,P000968,2,77.9,6.14,149.66000000000005
OD00000388,ORD0000140,P002313,2,64.37,5.07,123.67000000000002
OD00000389,ORD0000141,P001670,1,511.22,130.45,380.77
OD00000390,ORD0000142,P001836,1,68.52,22.48,46.03999999999999
OD00000391,ORD0000142,P000380,2,60.87,39.93,81.81
OD00000392,ORD0000143,P000226,1,41.66,14.03,27.629999999999995
OD00000393,ORD0000143,P000433,1,37.77,12.72,25.050000000000004
OD00000394,ORD0000143,P001833,2,170.62,114.93,226.31
OD00000395,ORD0000144,P001964,2,13.88,10.66,17.1
OD00000396,ORD0000144,P000282,1,37.05,14.22,22.83
OD00000397,ORD0000144,P001112,1,204.97,78.67,126.3
OD00000398,ORD0000145,P000091,2,106.61,12.77,200.45
OD00000399,ORD0000145,P001923,1,23.49,1.41,22.08
OD00000400,ORD0000146,P002314,2,17.13,10.03,24.23
OD00000401,ORD0000146,P001941,2,25.45,14.91,35.989999999999995
OD00000402,ORD0000146,P002199,2,95.9,56.17,135.63
OD00000403,ORD0000147,P000385,1,669.94,258.35,411.59
OD00000404,ORD0000148,P001701,1,27.44,0.35,27.09
OD00000405,ORD0000148,P000616,1,146.91,1.88,145.03
OD00000406,ORD0000148,P000858,1,36.48,0.47,36.01
OD00000407,ORD0000148,P001312,2,106.48,2.73,210.23
OD00000408,ORD0000149,P000534,1,61.01,13.58,47.43
OD00000409,ORD0000149,P000272,3,62.05,41.42,144.72999999999996
OD00000410,ORD0000150,P002226,2,24.51,8.09,40.93000000000001
OD00000411,ORD0000150,P001586,2,11.2,3.7,18.7
OD00000412,ORD0000150,P001583,1,143.23,23.64,119.59
OD00000413,ORD0000150,P001412,1,63.56,10.49,53.07
OD00000414,ORD0000150,P000368,1,166.03,27.4,138.63
OD00000415,ORD0000151,P002210,1,211.25,68.96,142.29000000000002
OD00000416,ORD0000151,P000155,2,167.81,109.57,226.05
OD00000417,ORD0000152,P001159,2,40.45,13.58,67.32000000000001
OD00000418,ORD0000152,P001614,3,63.28,31.86,157.98000000000002
OD00000419,ORD0000153,P002207,2,27.0,5.09,48.91
OD00000420,ORD0000153,P000045,1,129.27,12.2,117.07
OD00000421,ORD0000154,P000397,1,25.56,10.13,15.429999999999998
OD00000422,ORD0000154,P001548,2,302.03,239.4,364.66
OD00000423,ORD0000155,P000729,3,426.6,305.29,974.5100000000002
OD00000424,ORD0000156,P000336,1,18.17,6.39,11.78
OD00000425,ORD0000156,P001075,3,114.98,121.33,223.61
OD00000426,ORD0000156,P000059,1,412.62,145.14,267.48
OD00000427,ORD0000157,P002272,4,10.52,9.04,33.04
OD00000428,ORD0000157,P002090,4,17.34,14.91,54.45
OD00000429,ORD0000158,P001700,1,293.01,104.44,188.57
OD00000430,ORD0000158,P001848,4,42.95,61.24,110.56
OD00000431,ORD0000158,P002307,1,96.24,34.31,61.92999999999999
OD00000432,ORD0000158,P001516,2,12.13,8.65,15.61
OD00000433,ORD0000159,P000540,2,21.34,4.29,38.39
OD00000434,ORD0000159,P000193,1,67.16,6.74,60.42
OD00000435,ORD0000160,P002118,1,204.18,51.75,152.43
OD00000436,ORD0000160,P001743,1,82.14,20.82,61.32
OD00000437,ORD0000161,P000526,1,100.03,6.5,93.53
OD00000438,ORD0000161,P001009,2,161.64,21.0,302.28
OD00000439,ORD0000161,P001224,1,23.51,1.53,21.98
OD00000440,ORD0000161,P001618,1,35.99,2.34,33.650000000000006
OD00000441,ORD0000162,P001933,2,124.66,67.44,181.88
OD00000442,ORD0000162,P002137,1,113.15,30.6,82.55000000000001
OD00000443,ORD0000163,P000968,2,77.9,17.59,138.21
OD00000444,ORD0000164,P000073,1,351.28,1.81,349.47
OD00000445,ORD0000165,P002140,2,161.06,79.26,242.86
OD00000446,ORD0000165,P000750,1,265.76,65.4,200.36
OD00000447,ORD0000165,P001924,1,35.3,8.69,26.61
OD00000448,ORD0000166,P000027,1,113.01,1.57,111.44
OD00000449,ORD0000166,P001836,1,68.52,0.96,67.56
OD00000450,ORD0000166,P002148,1,54.09,0.76,53.330000000000005
OD00000451,ORD0000166,P002104,1,54.06,0.76,53.3
OD00000452,ORD0000166,P000432,1,41.17,0.58,40.59
OD00000453,ORD0000166,P001813,1,40.8,0.57,40.23
OD00000454,ORD0000166,P000858,1,36.48,0.51,35.97
OD00000455,ORD0000166,P000249,1,35.26,0.49,34.77
OD00000456,ORD0000166,P000085,1,34.24,0.48,33.760000000000005
OD00000457,ORD0000166,P002290,1,27.67,0.39,27.28
OD00000458,ORD0000167,P001293,1,33.57,11.86,21.71
OD00000459,ORD0000167,P001589,2,169.59,119.84,219.34
OD00000460,ORD0000168,P001043,1,35.05,3.79,31.26
OD00000461,ORD0000168,P002017,1,196.06,21.18,174.88
OD00000462,ORD0000169,P000045,2,129.27,43.74,214.8
OD00000463,ORD0000170,P000058,2,28.18,11.97,44.39
OD00000464,ORD0000170,P001986,1,124.07,26.35,97.72
OD00000465,ORD0000170,P002224,2,54.43,23.12,85.74
OD00000466,ORD0000170,P000740,2,53.18,22.59,83.77
OD00000467,ORD0000170,P002258,1,182.7,38.8,143.89999999999998
OD00000468,ORD0000171,P002268,1,17.18,5.77,11.41
OD00000469,ORD0000171,P000074,1,170.35,57.17,113.18
OD00000470,ORD0000171,P001445,1,53.4,17.92,35.48
OD00000471,ORD0000171,P001928,2,117.7,79.0,156.4
OD00000472,ORD0000172,P001804,2,383.5,260.4,506.6
OD00000473,ORD0000173,P000824,1,272.56,106.69,165.87
OD00000474,ORD0000173,P001060,5,25.83,50.55,78.59999999999998
OD00000475,ORD0000173,P001678,1,26.35,10.31,16.04
OD00000476,ORD0000174,P001335,1,53.15,7.88,45.27
OD00000477,ORD0000174,P001178,1,97.63,14.48,83.14999999999999
OD00000478,ORD0000174,P001348,2,13.6,4.03,23.17
OD00000479,ORD0000175,P001930,1,26.89,7.61,19.28
OD00000480,ORD0000175,P001253,1,260.87,73.87,187.0
OD00000481,ORD0000176,P000483,1,282.98,77.92,205.06
OD00000482,ORD0000176,P000743,1,36.09,9.94,26.15000000000001
OD00000483,ORD0000176,P002170,1,27.74,7.64,20.1
OD00000484,ORD0000176,P000805,1,22.55,6.21,16.34
OD00000485,ORD0000176,P001223,1,175.17,48.23,126.94
OD00000486,ORD0000177,P002135,2,26.88,11.4,42.36
OD00000487,ORD0000177,P000620,2,17.31,7.34,27.28
OD00000488,ORD0000177,P002112,1,95.26,20.19,75.07000000000001
OD00000489,ORD0000178,P000714,3,24.25,2.42,70.33
OD00000490,ORD0000178,P000397,1,25.56,0.85,24.71
OD00000491,ORD0000179,P001924,2,35.3,15.65,54.95
OD00000492,ORD0000179,P001117,1,157.3,34.87,122.43
OD00000493,ORD0000179,P000380,2,60.87,26.99,94.75
OD00000494,ORD0000180,P000906,1,321.26,17.54,303.72
OD00000495,ORD0000181,P001526,2,27.35,17.6,37.1
OD00000496,ORD0000181,P002283,1,121.08,38.97,82.11
OD00000497,ORD0000181,P002259,2,224.79,144.68,304.9
OD00000498,ORD0000182,P001773,1,308.32,82.95,225.37
OD00000499,ORD0000182,P000509,1,334.51,89.99,244.52
OD00000500,ORD0000183,P001023,1,44.08,17.29,26.79
OD00000501,ORD0000183,P001164,3,193.78,228.07,353.27000000000004
OD00000502,ORD0000184,P001659,2,118.36,9.57,227.15
OD00000503,ORD0000184,P001117,1,157.3,6.35,150.95000000000002
OD00000504,ORD0000184,P000915,2,38.66,3.12,74.19999999999999
OD00000505,ORD0000185,P001970,2,163.58,41.73,285.43
OD00000506,ORD0000186,P001001,1,329.75,59.37,270.38
OD00000507,ORD0000186,P001057,1,112.0,20.16,91.84
OD00000508,ORD0000186,P000780,2,16.91,6.09,27.73
OD00000509,ORD0000186,P001620,2,77.49,27.9,127.07999999999998
OD00000510,ORD0000187,P002235,1,172.28,16.99,155.29
OD00000511,ORD0000187,P000074,1,170.35,16.79,153.56
OD00000512,ORD0000187,P000438,1,93.07,9.17,83.89999999999999
OD00000513,ORD0000187,P000357,1,69.45,6.84,62.61
OD00000514,ORD0000187,P001979,1,35.96,3.54,32.42
OD00000515,ORD0000188,P001086,3,28.87,11.28,75.33
OD00000516,ORD0000188,P001634,1,79.9,10.4,69.5
OD00000517,ORD0000188,P002079,1,309.16,40.25,268.91
OD00000518,ORD0000189,P001730,1,279.71,6.28,273.43
OD00000519,ORD0000189,P000346,1,28.74,0.65,28.09
OD00000520,ORD0000189,P001060,3,25.83,1.74,75.75
OD00000521,ORD0000190,P000093,3,80.65,43.21,198.74
OD00000522,ORD0000191,P000975,1,18.64,0.47,18.17
OD00000523,ORD0000191,P000590,4,92.56,9.28,360.96
OD00000524,ORD0000192,P001981,2,90.47,19.4,161.54
OD00000525,ORD0000192,P000736,2,62.24,13.34,111.14
OD00000526,ORD0000192,P001928,1,117.7,12.61,105.09
OD00000527,ORD0000192,P000882,2,39.72,8.51,70.92999999999999
OD00000528,ORD0000193,P000074,1,170.35,63.55,106.8
OD00000529,ORD0000193,P000726,2,59.46,44.36,74.56
OD00000530,ORD0000194,P001005,2,98.67,11.74,185.6
OD00000531,ORD0000194,P001817,1,27.04,1.61,25.43
OD00000532,ORD0000195,P001997,1,71.56,19.62,51.94
OD00000533,ORD0000195,P000875,1,54.34,14.9,39.440000000000005
OD00000534,ORD0000195,P000637,1,214.88,58.91,155.97
OD00000535,ORD0000195,P001531,1,112.69,30.89,81.8
OD00000536,ORD0000195,P000405,1,258.82,70.96,187.86
OD00000537,ORD0000196,P001404,1,351.24,107.1,244.14
OD00000538,ORD0000196,P000750,1,265.76,81.04,184.72
OD00000539,ORD0000197,P000898,1,282.83,90.57,192.26
OD00000540,ORD0000198,P002252,1,98.58,1.46,97.12
OD00000541,ORD0000198,P000041,1,273.11,4.04,269.07
OD00000542,ORD0000199,P002025,1,123.57,35.85,87.72
OD00000543,ORD0000199,P002255,2,95.08,55.18,134.98
OD00000544,ORD0000200,P000972,1,114.82,34.35,80.47
OD00000545,ORD0000200,P002151,1,41.99,12.56,29.43
OD00000546,ORD0000200,P001741,2,175.8,105.17,246.43
OD00000547,ORD0000201,P000764,3,210.94,241.32,391.5
OD00000548,ORD0000202,P001880,1,44.35,15.79,28.56
OD00000549,ORD0000202,P001227,1,33.39,11.89,21.5
OD00000550,ORD0000202,P000481,4,113.87,162.2,293.28000000000003
OD00000551,ORD0000203,P000072,2,59.91,45.6,74.22
OD00000552,ORD0000203,P001732,2,223.19,169.87,276.51
OD00000553,ORD0000204,P000650,1,825.53,207.81,617.72
OD00000554,ORD0000205,P001781,1,213.42,51.31,162.11
OD00000555,ORD0000205,P000539,1,107.64,25.88,81.76
OD00000556,ORD0000206,P001261,4,36.82,47.06,100.22
OD00000557,ORD0000206,P000020,1,71.84,22.95,48.89
OD00000558,ORD0000207,P000741,2,136.84,51.21,222.47
OD00000559,ORD0000208,P001210,1,36.08,4.23,31.85
OD00000560,ORD0000208,P002105,4,56.69,26.58,200.18
OD00000561,ORD0000208,P001792,5,26.18,15.35,115.55
OD00000562,ORD0000209,P001210,5,36.08,51.57,128.82999999999998
OD00000563,ORD0000209,P000871,2,111.44,63.71,159.17
OD00000564,ORD0000209,P000364,1,11.04,3.16,7.879999999999999
OD00000565,ORD0000209,P000616,2,146.91,83.99,209.83
OD00000566,ORD0000210,P000819,2,287.49,218.36,356.62
OD00000567,ORD0000210,P000770,1,283.84,107.79,176.04999999999995
OD00000568,ORD0000210,P000633,2,62.46,47.44,77.48
OD00000569,ORD0000210,P001017,1,81.8,31.06,50.74
OD00000570,ORD0000211,P000438,2,93.07,37.87,148.26999999999998
OD00000571,ORD0000212,P001316,1,33.64,10.84,22.8
OD00000572,ORD0000212,P000458,2,53.34,34.36,72.32000000000001
OD00000573,ORD0000212,P000203,3,108.8,105.13,221.27
OD00000574,ORD0000213,P000721,4,118.15,177.66,294.94000000000005
OD00000575,ORD0000214,P001902,2,107.96,31.53,184.39
OD00000576,ORD0000214,P001186,1,220.02,32.13,187.89
OD00000577,ORD0000215,P000688,1,40.73,16.28,24.45
OD00000578,ORD0000215,P000404,5,74.02,147.98,222.12
OD00000579,ORD0000216,P000850,4,110.52,132.73,309.35
OD00000580,ORD0000216,P001290,3,88.97,80.14,186.77
OD00000581,ORD0000217,P001238,1,533.46,41.86,491.6
OD00000582,ORD0000218,P001631,2,94.88,43.91,145.85
OD00000583,ORD0000218,P000943,2,49.65,22.98,76.32
OD00000584,ORD0000219,P001679,2,10.6,6.01,15.19
OD00000585,ORD0000219,P001938,1,227.11,64.41,162.70000000000002
OD00000586,ORD0000219,P001136,4,9.89,11.22,28.340000000000003
OD00000587,ORD0000219,P001468,1,15.46,4.38,11.080000000000002
OD00000588,ORD0000219,P001169,1,26.41,7.49,18.92
OD00000589,ORD0000219,P000194,1,215.99,61.26,154.73000000000002
OD00000590,ORD0000220,P001826,2,27.03,9.73,44.33
OD00000591,ORD0000220,P000619,2,113.0,40.67,185.33
OD00000592,ORD0000221,P000858,1,36.48,0.05,36.43
OD00000593,ORD0000221,P001506,1,235.83,0.34,235.49
OD00000594,ORD0000222,P000852,2,70.27,51.61,88.92999999999999
OD00000595,ORD0000222,P001531,1,112.69,41.39,71.3
OD00000596,ORD0000223,P001286,1,23.89,7.54,16.35
OD00000597,ORD0000223,P001730,2,279.71,176.45,382.97
OD00000598,ORD0000224,P001069,2,191.91,125.92,257.9
OD00000599,ORD0000224,P001357,1,80.51,26.41,54.10000000000001
OD00000600,ORD0000224,P001253,1,260.87,85.58,175.29000000000002
OD00000601,ORD0000225,P000904,1,9.97,3.91,6.0600000000000005
OD00000602,ORD0000225,P000604,2,17.63,13.82,21.44
OD00000603,ORD0000225,P000714,4,24.25,38.03,58.97
OD00000604,ORD0000225,P000300,2,13.12,10.29,15.95
OD00000605,ORD0000225,P002285,1,141.43,55.44,85.99000000000001
OD00000606,ORD0000226,P000165,2,204.93,20.8,389.06
OD00000607,ORD0000227,P000856,1,63.98,4.6,59.38
OD00000608,ORD0000227,P001812,2,246.79,35.46,458.12
OD00000609,ORD0000227,P001954,5,49.22,17.68,228.42
OD00000610,ORD0000227,P001206,2,12.4,1.78,23.02
OD00000611,ORD0000227,P001850,5,77.03,27.67,357.48
OD00000612,ORD0000228,P001463,2,37.61,21.04,54.18
OD00000613,ORD0000228,P001547,1,41.35,11.56,29.79
OD00000614,ORD0000228,P002225,1,36.17,10.12,26.050000000000004
OD00000615,ORD0000228,P000486,1,60.44,16.9,43.54
OD00000616,ORD0000228,P002160,1,75.66,21.16,54.5
OD00000617,ORD0000228,P000015,2,206.98,115.77,298.19
OD00000618,ORD0000229,P000363,2,380.21,208.8,551.6199999999999
OD00000619,ORD0000229,P000528,1,13.93,3.83,10.1
OD00000620,ORD0000229,P001046,1,40.61,11.15,29.46
OD00000621,ORD0000229,P000463,1,31.28,8.59,22.69
OD00000622,ORD0000229,P001424,1,394.92,108.44,286.48
OD00000623,ORD0000230,P000289,1,64.21,16.95,47.25999999999999
OD00000624,ORD0000230,P000968,2,77.9,41.12,114.68
OD00000625,ORD0000231,P001989,1,266.51,35.57,230.94
OD00000626,ORD0000231,P001370,1,177.43,23.68,153.75
OD00000627,ORD0000232,P002025,4,123.57,131.83,362.44999999999993
OD00000628,ORD0000233,P001970,2,163.58,5.51,321.65
OD00000629,ORD0000233,P001307,2,114.0,3.85,224.15
OD00000630,ORD0000233,P000644,1,211.75,3.58,208.17
OD00000631,ORD0000233,P001734,2,86.98,2.94,171.02
OD00000632,ORD0000233,P000943,2,49.65,1.68,97.62
OD00000633,ORD0000233,P000327,2,46.13,1.56,90.7
OD00000634,ORD0000233,P002136,1,55.3,0.93,54.37
OD00000635,ORD0000233,P001745,1,14.53,0.25,14.28
OD00000636,ORD0000234,P001266,1,615.58,131.87,483.71
OD00000637,ORD0000235,P002112,4,95.26,26.55,354.49
OD00000638,ORD0000236,P000378,3,117.05,78.31,272.84
OD00000639,ORD0000236,P002283,2,121.08,54.0,188.16
OD00000640,ORD0000236,P001571,1,62.69,13.98,48.71
OD00000641,ORD0000236,P000348,1,29.35,6.54,22.81
OD00000642,ORD0000237,P000771,1,383.15,65.86,317.29
OD00000643,ORD0000237,P001083,2,96.04,33.01,159.07000000000002
OD00000644,ORD0000237,P001385,2,78.63,27.03,130.23
OD00000645,ORD0000237,P001131,1,54.3,9.33,44.97
OD00000646,ORD0000238,P001364,1,150.16,47.96,102.2
OD00000647,ORD0000238,P000868,1,733.32,234.19,499.13000000000005
OD00000648,ORD0000239,P001511,4,107.7,130.35,300.45000000000005
OD00000649,ORD0000240,P000828,1,521.04,207.28,313.76
OD00000650,ORD0000240,P002245,2,59.05,46.98,71.12
OD00000651,ORD0000240,P000597,1,752.0,299.16,452.84
OD00000652,ORD0000241,P001909,1,57.15,9.53,47.62
OD00000653,ORD0000241,P001924,3,35.3,17.67,88.22999999999999
OD00000654,ORD0000241,P001560,2,85.24,28.44,142.04
OD00000655,ORD0000241,P001228,3,43.01,21.52,107.51
OD00000656,ORD0000242,P001012,2,341.22,209.77,472.6700000000001
OD00000657,ORD0000243,P000241,1,294.45,98.13,196.32
OD00000658,ORD0000243,P001713,2,88.56,59.04,118.08
OD00000659,ORD0000243,P000930,3,38.86,38.86,77.72
OD00000660,ORD0000243,P000160,1,79.22,26.41,52.81
OD00000661,ORD0000243,P000933,1,78.76,26.25,52.510000000000005
OD00000662,ORD0000243,P000020,1,71.84,23.95,47.89
OD00000663,ORD0000243,P002148,1,54.09,18.03,36.06
OD00000664,ORD0000244,P002300,1,459.95,123.5,336.45
OD00000665,ORD0000245,P001176,1,136.96,17.63,119.33
OD00000666,ORD0000245,P000084,1,27.33,3.52,23.81
OD00000667,ORD0000245,P000357,1,69.45,8.94,60.510000000000005
OD00000668,ORD0000246,P000228,1,198.22,49.18,149.04
OD00000669,ORD0000246,P002218,1,87.69,21.76,65.92999999999999
OD00000670,ORD0000247,P001998,1,55.22,17.56,37.66
OD00000671,ORD0000247,P002055,1,26.6,8.46,18.14
OD00000672,ORD0000247,P000735,1,42.74,13.59,29.15
OD00000673,ORD0000247,P001009,1,161.64,51.4,110.23999999999998
OD00000674,ORD0000247,P001766,2,241.11,153.33,328.89
OD00000675,ORD0000248,P002007,5,53.53,73.24,194.41
OD00000676,ORD0000248,P001360,5,91.77,125.55,333.29999999999995
OD00000677,ORD0000249,P002002,3,105.55,65.37,251.28
OD00000678,ORD0000249,P001122,2,80.35,33.17,127.53
OD00000679,ORD0000249,P000416,2,28.45,11.74,45.16
OD00000680,ORD0000249,P000130,1,47.74,9.85,37.89
OD00000681,ORD0000249,P000918,1,16.64,3.43,13.21
OD00000682,ORD0000250,P000391,1,316.44,75.72,240.72
OD00000683,ORD0000251,P000676,2,347.96,143.37,552.55
OD00000684,ORD0000251,P002108,1,469.76,96.78,372.98
OD00000685,ORD0000252,P002082,1,117.58,47.03,70.55
OD00000686,ORD0000252,P001289,1,278.84,111.53,167.30999999999997
OD00000687,ORD0000253,P002097,4,36.02,26.58,117.5
OD00000688,ORD0000253,P001216,1,101.43,18.71,82.72
OD00000689,ORD0000253,P002072,2,15.9,5.87,25.93
OD00000690,ORD0000253,P002053,3,47.97,26.55,117.36
OD00000691,ORD0000253,P000407,2,94.83,34.99,154.67
OD00000692,ORD0000253,P000220,1,53.49,9.87,43.620000000000005
OD00000693,ORD0000253,P000392,1,80.47,14.84,65.63
OD00000694,ORD0000253,P001499,2,275.63,101.69,449.57
OD00000695,ORD0000254,P000699,1,62.43,3.51,58.92
OD00000696,ORD0000254,P000386,1,56.52,3.18,53.34
OD00000697,ORD0000254,P001769,1,112.65,6.34,106.31
OD00000698,ORD0000254,P001224,1,23.51,1.32,22.19
OD00000699,ORD0000255,P000379,1,97.06,7.34,89.72
OD00000700,ORD0000255,P001887,1,188.72,14.28,174.44
OD00000701,ORD0000256,P000643,1,501.6,185.39,316.21000000000004
OD00000702,ORD0000257,P002069,1,61.9,3.76,58.14
OD00000703,ORD0000257,P001598,1,225.36,13.69,211.67
OD00000704,ORD0000258,P000483,1,282.98,43.36,239.62
OD00000705,ORD0000258,P001672,1,202.15,30.97,171.18
OD00000706,ORD0000259,P002261,1,187.99,31.8,156.19
OD00000707,ORD0000260,P000034,1,196.43,36.05,160.38
OD00000708,ORD0000260,P002135,1,26.88,4.93,21.95
OD00000709,ORD0000260,P000618,1,54.14,9.94,44.2
OD00000710,ORD0000261,P002031,1,234.38,87.84,146.54
OD00000711,ORD0000261,P000525,2,60.39,45.26,75.52000000000001
OD00000712,ORD0000261,P000688,1,40.73,15.26,25.47
OD00000713,ORD0000262,P001668,1,42.23,4.83,37.4
OD00000714,ORD0000262,P001710,2,228.94,52.32,405.56
OD00000715,ORD0000263,P000450,1,191.98,35.77,156.20999999999998
OD00000716,ORD0000264,P001462,1,251.4,27.51,223.89
OD00000717,ORD0000264,P000036,5,151.09,82.65,672.8000000000001
OD00000718,ORD0000265,P000607,1,302.87,34.13,268.74
OD00000719,ORD0000266,P000422,1,214.66,57.69,156.97
OD00000720,ORD0000266,P002285,1,141.43,38.0,103.43
OD00000721,ORD0000266,P000724,1,31.8,8.54,23.26
OD00000722,ORD0000267,P001511,1,107.7,2.46,105.24
OD00000723,ORD0000267,P001418,3,17.86,1.23,52.35
OD00000724,ORD0000268,P001986,1,124.07,23.24,100.83
OD00000725,ORD0000268,P000515,1,95.92,17.97,77.95
OD00000726,ORD0000268,P001430,2,137.06,51.36,222.76
OD00000727,ORD0000269,P001571,1,62.69,6.48,56.21
OD00000728,ORD0000269,P002163,1,265.72,27.47,238.25000000000003
OD00000729,ORD0000269,P000199,1,28.28,2.92,25.36
OD00000730,ORD0000269,P001630,1,70.33,7.27,63.06
OD00000731,ORD0000270,P001637,2,273.94,165.95,381.93
OD00000732,ORD0000270,P001321,2,124.39,75.36,173.42000000000002
OD00000733,ORD0000270,P001103,1,149.37,45.25,104.12
OD00000734,ORD0000271,P001535,1,11.59,3.03,8.56
OD00000735,ORD0000271,P000844,2,118.51,61.94,175.08
OD00000736,ORD0000271,P001700,1,293.01,76.58,216.43
OD00000737,ORD0000272,P001940,1,220.56,63.43,157.13
OD00000738,ORD0000272,P002273,1,107.28,30.85,76.43
OD00000739,ORD0000273,P001631,3,94.88,81.77,202.87
OD00000740,ORD0000273,P000476,1,140.45,40.34,100.11
OD00000741,ORD0000273,P001352,2,41.54,23.86,59.22
OD00000742,ORD0000273,P000119,1,56.16,16.13,40.03
OD00000743,ORD0000274,P000306,3,144.25,149.4,283.35
OD00000744,ORD0000274,P000091,1,106.61,36.8,69.81
OD00000745,ORD0000274,P001125,4,81.57,112.64,213.64
OD00000746,ORD0000275,P001392,1,201.47,28.92,172.55
OD00000747,ORD0000276,P000950,3,15.43,14.6,31.69
OD00000748,ORD0000276,P000804,1,185.47,58.51,126.96
OD00000749,ORD0000277,P001480,2,68.41,5.22,131.6
OD00000750,ORD0000277,P000021,3,61.51,7.05,177.48
OD00000751,ORD0000278,P001012,1,341.22,26.0,315.22
OD00000752,ORD0000278,P000206,1,223.59,17.03,206.56
OD00000753,ORD0000278,P000333,2,8.41,1.28,15.54
OD00000754,ORD0000279,P000240,1,299.02,17.23,281.79
OD00000755,ORD0000279,P000738,1,371.14,21.39,349.75
OD00000756,ORD0000280,P001306,4,63.83,81.57,173.75
OD00000757,ORD0000280,P001252,1,19.01,6.07,12.94
OD00000758,ORD0000280,P000849,1,34.74,11.1,23.64
OD00000759,ORD0000280,P002137,2,113.15,72.3,154.0
OD00000760,ORD0000281,P000031,1,95.77,31.56,64.21
OD00000761,ORD0000281,P002139,4,138.5,182.56,371.44
OD00000762,ORD0000282,P001586,1,11.2,2.91,8.29
OD00000763,ORD0000282,P000145,2,117.11,60.79,173.43
OD00000764,ORD0000283,P001985,1,526.56,167.87,358.68999999999994
OD00000765,ORD0000284,P002071,2,13.93,7.27,20.59
OD00000766,ORD0000284,P001752,2,125.14,65.27,185.01
OD00000767,ORD0000284,P001686,1,134.87,35.17,99.7
OD00000768,ORD0000284,P000419,1,15.4,4.02,11.38
OD00000769,ORD0000284,P002168,1,56.66,14.78,41.88
OD00000770,ORD0000284,P001847,2,112.69,58.78,166.6
OD00000771,ORD0000285,P001847,2,112.69,25.39,199.99
OD00000772,ORD0000286,P001168,2,244.78,176.96,312.6
OD00000773,ORD0000287,P001843,1,352.71,9.7,343.01
OD00000774,ORD0000287,P001730,1,279.71,7.69,272.02
OD00000775,ORD0000287,P001352,3,41.54,3.42,121.2
OD00000776,ORD0000287,P000357,1,69.45,1.91,67.54
OD00000777,ORD0000287,P001836,1,68.52,1.88,66.64
OD00000778,ORD0000287,P000538,1,62.85,1.73,61.120000000000005
OD00000779,ORD0000287,P000971,1,45.6,1.25,44.35
OD00000780,ORD0000287,P002151,1,41.99,1.15,40.84
OD00000781,ORD0000287,P001538,1,34.19,0.94,33.25
OD00000782,ORD0000288,P001764,5,34.28,6.19,165.21
OD00000783,ORD0000288,P001321,1,124.39,4.49,119.9
OD00000784,ORD0000288,P000391,1,316.44,11.43,305.01
OD00000785,ORD0000289,P001991,4,55.5,22.58,199.42
OD00000786,ORD0000289,P001910,1,28.13,2.86,25.27
OD00000787,ORD0000289,P000912,1,56.02,5.7,50.32
OD00000788,ORD0000290,P001953,1,56.75,17.65,39.1
OD00000789,ORD0000290,P000408,2,227.81,141.7,313.92
OD00000790,ORD0000290,P000437,2,137.05,85.25,188.85
OD00000791,ORD0000291,P001147,1,73.39,17.54,55.85
OD00000792,ORD0000291,P001512,2,54.84,26.22,83.46000000000001
OD00000793,ORD0000291,P000096,1,133.26,31.85,101.41
OD00000794,ORD0000291,P001022,1,171.76,41.06,130.7
OD00000795,ORD0000292,P001913,4,57.64,3.94,226.62
OD00000796,ORD0000293,P001629,1,320.73,4.72,316.01
OD00000797,ORD0000294,P000820,4,20.24,5.23,75.73
OD00000798,ORD0000294,P001790,1,36.35,2.34,34.010000000000005
OD00000799,ORD0000294,P002135,1,26.88,1.73,25.15
OD00000800,ORD0000294,P001469,1,24.39,1.57,22.82
OD00000801,ORD0000294,P000814,1,23.82,1.54,22.28
OD00000802,ORD0000294,P001996,1,16.16,1.04,15.12
OD00000803,ORD0000295,P002157,3,59.22,27.39,150.27
OD00000804,ORD0000295,P000568,2,45.21,13.94,76.48
OD00000805,ORD0000295,P001494,2,41.28,12.73,69.83
OD00000806,ORD0000295,P000020,1,71.84,11.08,60.760000000000005
OD00000807,ORD0000295,P000313,1,66.79,10.3,56.49000000000001
OD00000808,ORD0000295,P000893,2,31.64,9.76,53.52
OD00000809,ORD0000295,P000678,1,55.49,8.56,46.93
OD00000810,ORD0000295,P001224,2,23.51,7.25,39.77
OD00000811,ORD0000295,P001226,1,26.77,4.13,22.64
OD00000812,ORD0000295,P000179,1,20.62,3.18,17.44
OD00000813,ORD0000295,P000248,1,11.21,1.73,9.48
OD00000814,ORD0000295,P001032,1,9.94,1.53,8.41
OD00000815,ORD0000296,P000725,1,204.83,65.94,138.89
OD00000816,ORD0000296,P000147,2,168.64,108.57,228.71
OD00000817,ORD0000297,P000674,1,275.44,28.98,246.46
OD00000818,ORD0000297,P001813,2,40.8,8.58,73.02
OD00000819,ORD0000297,P000911,1,47.39,4.98,42.41
OD00000820,ORD0000297,P000346,1,28.74,3.02,25.72
OD00000821,ORD0000298,P000897,3,89.11,10.96,256.37
OD00000822,ORD0000298,P000964,1,11.6,0.48,11.12
OD00000823,ORD0000298,P000352,3,34.92,4.29,100.47
OD00000824,ORD0000299,P001348,2,13.6,7.23,19.97
OD00000825,ORD0000299,P000673,2,91.5,48.66,134.34
OD00000826,ORD0000299,P000050,1,93.0,24.73,68.27
OD00000827,ORD0000300,P000706,2,81.55,43.8,119.3
OD00000828,ORD0000300,P002155,1,39.19,10.52,28.67
OD00000829,ORD0000300,P000299,1,202.77,54.45,148.32
OD00000830,ORD0000300,P000904,1,9.97,2.68,7.290000000000001
OD00000831,ORD0000300,P001631,2,94.88,50.96,138.79999999999998
OD00000832,ORD0000301,P001609,2,52.22,7.89,96.55
OD00000833,ORD0000301,P002219,2,76.93,11.63,142.23000000000002
OD00000834,ORD0000302,P000407,2,94.83,68.54,121.12
OD00000835,ORD0000302,P000863,2,9.76,7.05,12.47
OD00000836,ORD0000302,P001887,3,188.72,204.6,361.56
OD00000837,ORD0000303,P001023,2,44.08,30.43,57.73
OD00000838,ORD0000303,P000604,1,17.63,6.08,11.55
OD00000839,ORD0000303,P001698,1,16.22,5.6,10.62
OD00000840,ORD0000303,P001254,1,159.54,55.06,104.48
OD00000841,ORD0000304,P000721,2,118.15,88.26,148.04
OD00000842,ORD0000304,P000053,1,172.21,64.33,107.88
OD00000843,ORD0000304,P000222,1,110.35,41.22,69.13
OD00000844,ORD0000305,P000060,3,270.55,243.23,568.4200000000001
OD00000845,ORD0000306,P000875,1,54.34,3.9,50.440000000000005
OD00000846,ORD0000306,P000673,1,91.5,6.56,84.94
OD00000847,ORD0000306,P000809,2,64.95,9.31,120.59
OD00000848,ORD0000306,P002137,2,113.15,16.23,210.07
OD00000849,ORD0000307,P000227,1,18.23,3.17,15.06
OD00000850,ORD0000307,P001547,1,41.35,7.19,34.160000000000004
OD00000851,ORD0000307,P001056,1,26.12,4.54,21.58
OD00000852,ORD0000307,P000051,1,184.6,32.1,152.5
OD00000853,ORD0000307,P000346,1,28.74,5.0,23.74
OD00000854,ORD0000307,P000273,2,78.47,27.29,129.65
OD00000855,ORD0000307,P001718,1,216.08,37.58,178.5
OD00000856,ORD0000307,P002258,1,182.7,31.77,150.92999999999998
OD00000857,ORD0000308,P000249,2,35.26,9.05,61.47
OD00000858,ORD0000308,P001337,1,56.03,7.2,48.83
OD00000859,ORD0000308,P000419,1,15.4,1.98,13.42
OD00000860,ORD0000309,P001931,1,26.27,5.06,21.21
OD00000861,ORD0000309,P001146,1,296.79,57.16,239.63
OD00000862,ORD0000310,P001979,5,35.96,0.37,179.43
OD00000863,ORD0000311,P002269,1,46.24,3.06,43.18
OD00000864,ORD0000311,P001963,1,87.3,5.79,81.50999999999999
OD00000865,ORD0000312,P002170,1,27.74,4.67,23.07
OD00000866,ORD0000312,P000006,1,88.72,14.95,73.77
OD00000867,ORD0000312,P002154,1,93.75,15.8,77.95
OD00000868,ORD0000312,P001618,2,35.99,12.13,59.85
OD00000869,ORD0000313,P000584,3,76.93,52.48,178.31000000000003
OD00000870,ORD0000313,P000556,4,62.45,56.81,192.99
OD00000871,ORD0000314,P000246,1,19.08,0.75,18.33
OD00000872,ORD0000314,P001570,1,230.66,9.03,221.63
OD00000873,ORD0000314,P000393,1,51.43,2.01,49.42
OD00000874,ORD0000314,P000688,1,40.73,1.59,39.13999999999999
OD00000875,ORD0000315,P002212,1,117.88,21.06,96.82
OD00000876,ORD0000315,P001497,1,101.53,18.13,83.4
OD00000877,ORD0000316,P001791,1,239.68,11.33,228.35
OD00000878,ORD0000317,P001416,1,135.23,51.0,84.22999999999999
OD00000879,ORD0000317,P000105,1,198.95,75.02,123.93
OD00000880,ORD0000318,P001362,2,33.2,1.51,64.89
OD00000881,ORD0000318,P000791,1,166.14,3.78,162.36
OD00000882,ORD0000318,P002126,3,34.09,2.33,99.94
OD00000883,ORD0000318,P000277,1,57.8,1.31,56.49
OD00000884,ORD0000319,P000735,5,42.74,61.55,152.15000000000003
OD00000885,ORD0000319,P001318,2,294.15,169.45,418.85
OD00000886,ORD0000319,P002173,1,18.12,5.22,12.900000000000002
OD00000887,ORD0000319,P001072,2,176.87,101.89,251.85
OD00000888,ORD0000320,P001823,1,161.67,58.25,103.42
OD00000889,ORD0000320,P000207,1,404.78,145.86,258.92
OD00000890,ORD0000321,P000205,1,40.84,9.07,31.770000000000003
OD00000891,ORD0000321,P000412,1,123.24,27.35,95.89
OD00000892,ORD0000322,P002038,1,181.16,24.08,157.07999999999998
OD00000893,ORD0000322,P001505,1,188.84,25.11,163.73000000000002
OD00000894,ORD0000323,P001214,1,73.6,29.0,44.6
OD00000895,ORD0000323,P001359,1,71.6,28.22,43.38
OD00000896,ORD0000323,P000208,1,36.35,14.33,22.020000000000003
OD00000897,ORD0000324,P000980,1,22.11,8.22,13.89
OD00000898,ORD0000324,P001127,1,76.72,28.52,48.2
OD00000899,ORD0000324,P000142,2,202.96,150.87,255.05
OD00000900,ORD0000324,P001277,1,128.8,47.87,80.93
OD00000901,ORD0000324,P000819,2,287.49,213.71,361.27
OD00000902,ORD0000325,P000171,1,270.41,43.17,227.24
OD00000903,ORD0000325,P002154,1,93.75,14.97,78.78
OD00000904,ORD0000326,P000525,5,60.39,86.57,215.38
OD00000905,ORD0000327,P000053,2,172.21,20.09,324.33
OD00000906,ORD0000327,P000097,1,54.28,3.17,51.11
OD00000907,ORD0000327,P002232,1,24.25,1.42,22.83
OD00000908,ORD0000328,P001163,1,146.38,39.66,106.72
OD00000909,ORD0000328,P001407,1,240.06,65.04,175.01999999999998
OD00000910,ORD0000328,P000654,1,293.47,79.51,213.96000000000004
OD00000911,ORD0000329,P000074,3,170.35,46.05,465.0
OD00000912,ORD0000329,P001591,2,46.86,8.44,85.28
OD00000913,ORD0000330,P001845,4,68.52,16.54,257.54
OD00000914,ORD0000330,P002210,1,211.25,12.74,198.51
OD00000915,ORD0000330,P001918,4,14.61,3.52,54.92
OD00000916,ORD0000330,P000282,1,37.05,2.23,34.82
OD00000917,ORD0000331,P002221,1,34.1,11.0,23.1
OD00000918,ORD0000331,P000199,1,28.28,9.13,19.15
OD00000919,ORD0000331,P000526,1,100.03,32.28,67.75
OD00000920,ORD0000332,P000826,3,248.69,250.57,495.5
OD00000921,ORD0000333,P000228,1,198.22,9.85,188.37
OD00000922,ORD0000334,P000858,1,36.48,14.51,21.97
OD00000923,ORD0000334,P002255,2,95.08,75.62,114.54
OD00000924,ORD0000335,P001300,1,269.27,45.0,224.27
OD00000925,ORD0000335,P001462,1,251.4,42.01,209.39
OD00000926,ORD0000335,P001351,2,83.98,28.06,139.9
OD00000927,ORD0000335,P001829,1,41.08,6.86,34.22
OD00000928,ORD0000335,P001790,1,36.35,6.07,30.28
OD00000929,ORD0000336,P001379,3,39.82,45.68,73.78
OD00000930,ORD0000336,P000896,1,253.86,97.06,156.8
OD00000931,ORD0000337,P002098,1,275.02,108.41,166.61
OD00000932,ORD0000337,P000598,3,62.73,74.19,114.0
OD00000933,ORD0000338,P000651,1,274.64,6.0,268.64
OD00000934,ORD0000338,P001664,3,10.66,0.7,31.28
OD00000935,ORD0000338,P001536,1,39.66,0.87,38.79
OD00000936,ORD0000338,P000364,3,11.04,0.72,32.4
OD00000937,ORD0000338,P001698,2,16.22,0.71,31.73
OD00000938,ORD0000338,P000766,2,11.73,0.51,22.95
OD00000939,ORD0000339,P001877,1,387.98,107.71,280.27000000000004
OD00000940,ORD0000339,P001645,2,90.36,50.17,130.55
OD00000941,ORD0000340,P002097,2,36.02,13.06,58.98
OD00000942,ORD0000340,P001521,3,80.03,43.51,196.58
OD00000943,ORD0000340,P000464,1,31.83,5.77,26.06
OD00000944,ORD0000340,P000850,1,110.52,20.03,90.49
OD00000945,ORD0000341,P001757,1,69.58,20.79,48.79
OD00000946,ORD0000341,P000246,1,19.08,5.7,13.38
OD00000947,ORD0000341,P000382,1,401.82,120.07,281.75
OD00000948,ORD0000342,P000127,2,10.64,5.19,16.09
OD00000949,ORD0000342,P001300,3,269.27,196.86,610.9499999999999
OD00000950,ORD0000343,P001156,4,102.15,116.65,291.95000000000005
OD00000951,ORD0000344,P001293,1,33.57,5.58,27.99
OD00000952,ORD0000344,P001618,1,35.99,5.99,30.0
OD00000953,ORD0000344,P001337,1,56.03,9.32,46.71
OD00000954,ORD0000344,P000199,1,28.28,4.7,23.58
OD00000955,ORD0000344,P001973,1,43.92,7.31,36.61
OD00000956,ORD0000344,P000648,1,433.97,72.18,361.79
OD00000957,ORD0000345,P000419,2,15.4,12.2,18.6
OD00000958,ORD0000345,P002097,2,36.02,28.53,43.510000000000005
OD00000959,ORD0000345,P001086,1,28.87,11.43,17.44
OD00000960,ORD0000345,P001013,2,60.68,48.06,73.3
OD00000961,ORD0000345,P001018,2,86.93,68.86,105.0
OD00000962,ORD0000345,P000345,1,318.63,126.19,192.44
OD00000963,ORD0000346,P000368,4,166.03,220.05,444.07
OD00000964,ORD0000346,P000091,1,106.61,35.33,71.28
OD00000965,ORD0000346,P001671,1,48.0,15.91,32.09
OD00000966,ORD0000347,P001130,2,170.45,91.17,249.73
OD00000967,ORD0000347,P000603,1,332.11,88.83,243.28000000000003
OD00000968,ORD0000347,P000966,2,124.31,66.5,182.12
OD00000969,ORD0000347,P002014,3,43.03,34.53,94.56
OD00000970,ORD0000348,P001545,1,481.11,62.74,418.37
OD00000971,ORD0000348,P001840,1,72.79,9.49,63.3
OD00000972,ORD0000349,P000776,1,107.67,3.75,103.92
OD00000973,ORD0000349,P000790,1,96.36,3.35,93.01
OD00000974,ORD0000349,P001608,1,51.31,1.78,49.53
OD00000975,ORD0000350,P000224,2,111.14,52.88,169.4
OD00000976,ORD0000350,P001122,1,80.35,19.11,61.24
OD00000977,ORD0000350,P000275,1,32.72,7.78,24.94
OD00000978,ORD0000351,P001017,2,81.8,20.99,142.61
OD00000979,ORD0000351,P000150,1,65.77,8.44,57.33
OD00000980,ORD0000351,P000994,3,73.25,28.2,191.55
OD00000981,ORD0000351,P000433,1,37.77,4.85,32.92
OD00000982,ORD0000351,P001703,1,35.31,4.53,30.78
OD00000983,ORD0000351,P001684,1,101.8,13.06,88.74
OD00000984,ORD0000352,P001410,1,859.97,267.55,592.4200000000001
OD00000985,ORD0000353,P001617,2,210.59,86.1,335.08000000000004
OD00000986,ORD0000354,P000025,1,34.17,9.4,24.770000000000003
OD00000987,ORD0000354,P000879,1,39.68,10.91,28.77
OD00000988,ORD0000354,P000083,1,225.25,61.94,163.31
OD00000989,ORD0000354,P002159,1,87.57,24.08,63.49
OD00000990,ORD0000354,P002173,1,18.12,4.98,13.14
OD00000991,ORD0000354,P000934,1,308.2,84.75,223.45
OD00000992,ORD0000355,P001555,1,10.37,1.64,8.729999999999999
OD00000993,ORD0000355,P001896,1,257.78,40.65,217.13
OD00000994,ORD0000355,P000177,3,157.31,74.42,397.51
OD00000995,ORD0000356,P000231,2,122.47,28.97,215.97
OD00000996,ORD0000357,P000749,2,143.15,89.95,196.35
OD00000997,ORD0000358,P000367,1,447.91,148.55,299.36
OD00000998,ORD0000358,P000060,1,270.55,89.72,180.83
OD00000999,ORD0000358,P001724,1,148.36,49.2,99.16
OD00001000,ORD0000359,P002259,1,224.79,31.61,193.18
OD00001001,ORD0000359,P002296,2,79.61,22.38,136.84
OD00001002,ORD0000359,P000965,1,154.18,21.68,132.5
OD00001003,ORD0000359,P000805,1,22.55,3.17,19.380000000000003
OD00001004,ORD0000359,P001032,2,9.94,2.79,17.09
OD00001005,ORD0000360,P000371,1,81.48,8.83,72.65
OD00001006,ORD0000360,P000897,4,89.11,38.65,317.79
OD00001007,ORD0000361,P000348,1,29.35,8.98,20.37
OD00001008,ORD0000361,P000665,1,57.5,17.59,39.91
OD00001009,ORD0000361,P001899,3,159.99,146.84,333.13
OD00001010,ORD0000361,P000645,1,558.84,170.97,387.87
OD00001011,ORD0000362,P000166,1,180.89,32.22,148.67
OD00001012,ORD0000362,P000983,3,32.85,17.56,80.99000000000001
OD00001013,ORD0000362,P000852,2,70.27,25.04,115.5
OD00001014,ORD0000362,P001276,2,48.28,17.2,79.36
OD00001015,ORD0000363,P001223,1,175.17,40.18,134.98999999999998
OD00001016,ORD0000364,P001351,5,83.98,79.36,340.54
OD00001017,ORD0000365,P001105,2,57.93,14.74,101.12
OD00001018,ORD0000365,P001049,2,55.53,14.12,96.94
OD00001019,ORD0000365,P000665,1,57.5,7.31,50.19
OD00001020,ORD0000366,P002014,1,43.03,8.28,34.75
OD00001021,ORD0000366,P000621,4,44.99,34.65,145.31
OD00001022,ORD0000366,P000608,2,84.5,32.54,136.46
OD00001023,ORD0000367,P001601,1,625.53,193.5,432.03
OD00001024,ORD0000368,P002071,3,13.93,14.89,26.9
OD00001025,ORD0000368,P001312,3,106.48,113.84,205.6
OD00001026,ORD0000368,P001244,2,28.47,20.29,36.65
OD00001027,ORD0000368,P000438,3,93.07,99.5,179.70999999999998
OD00001028,ORD0000369,P001186,1,220.02,32.14,187.88
OD00001029,ORD0000370,P000565,3,74.47,19.73,203.68
OD00001030,ORD0000370,P001698,2,16.22,2.87,29.57
OD00001031,ORD0000370,P000366,1,29.87,2.64,27.23
OD00001032,ORD0000371,P001685,2,66.33,11.05,121.61
OD00001033,ORD0000371,P001523,1,26.84,2.23,24.61
OD00001034,ORD0000371,P000610,2,14.43,2.4,26.46
OD00001035,ORD0000371,P001503,1,547.94,45.63,502.31000000000006
OD00001036,ORD0000372,P000870,1,123.04,48.89,74.15
OD00001037,ORD0000372,P001037,1,26.02,10.34,15.68
OD00001038,ORD0000372,P000486,2,60.44,48.03,72.85
OD00001039,ORD0000373,P000633,1,62.46,15.64,46.82
OD00001040,ORD0000373,P002264,2,156.26,78.27,234.25
OD00001041,ORD0000374,P001270,1,139.55,26.24,113.31000000000002
OD00001042,ORD0000374,P000245,2,38.88,14.62,63.14000000000001
OD00001043,ORD0000374,P001566,2,28.51,10.72,46.3
OD00001044,ORD0000375,P001908,2,36.25,21.84,50.66
OD00001045,ORD0000375,P000402,3,72.69,65.71,152.36
OD00001046,ORD0000375,P001320,2,119.58,72.06,167.1
OD00001047,ORD0000376,P000079,2,209.16,101.71,316.61
OD00001048,ORD0000377,P001845,1,68.52,26.47,42.05
OD00001049,ORD0000377,P000719,2,264.73,204.52,324.94000000000005
OD00001050,ORD0000378,P001639,4,29.54,18.22,99.94
OD00001051,ORD0000378,P000821,2,53.31,16.44,90.18
OD00001052,ORD0000379,P000549,1,94.11,17.97,76.14
OD00001053,ORD0000379,P001472,3,96.79,55.46,234.91
OD00001054,ORD0000380,P001653,1,250.7,3.19,247.51
OD00001055,ORD0000381,P000405,1,258.82,64.68,194.14
OD00001056,ORD0000382,P002270,1,52.07,5.73,46.34
OD00001057,ORD0000382,P001871,1,26.17,2.88,23.290000000000003
OD00001058,ORD0000382,P000338,2,64.44,14.18,114.7
OD00001059,ORD0000383,P002137,1,113.15,40.92,72.23
OD00001060,ORD0000383,P002014,2,43.03,31.12,54.94
OD00001061,ORD0000384,P001041,1,239.37,43.12,196.25
OD00001062,ORD0000384,P000099,1,79.0,14.23,64.77
OD00001063,ORD0000384,P001986,1,124.07,22.35,101.72
OD00001064,ORD0000384,P002185,1,36.45,6.57,29.880000000000003
OD00001065,ORD0000384,P000717,2,204.46,73.67,335.25
OD00001066,ORD0000385,P002079,1,309.16,3.38,305.78000000000003
OD00001067,ORD0000385,P000768,3,10.04,0.33,29.79
OD00001068,ORD0000385,P001467,1,718.02,7.85,710.17
OD00001069,ORD0000386,P000660,3,131.25,115.29,278.46
OD00001070,ORD0000387,P001763,1,88.72,22.49,66.23
OD00001071,ORD0000387,P002023,1,147.71,37.45,110.26
OD00001072,ORD0000388,P002038,1,181.16,42.61,138.55
OD00001073,ORD0000388,P000673,1,91.5,21.53,69.97
OD00001074,ORD0000388,P001775,1,51.2,12.05,39.150000000000006
OD00001075,ORD0000388,P001574,1,40.16,9.45,30.71
OD00001076,ORD0000389,P002002,2,105.55,24.34,186.76
OD00001077,ORD0000389,P000724,1,31.8,3.67,28.130000000000003
OD00001078,ORD0000389,P000249,1,35.26,4.07,31.19
OD00001079,ORD0000389,P001277,1,128.8,14.85,113.95000000000002
OD00001080,ORD0000390,P001076,1,553.75,68.76,484.99
OD00001081,ORD0000390,P000870,3,123.04,45.84,323.28
OD00001082,ORD0000391,P000200,1,154.38,3.73,150.65
OD00001083,ORD0000391,P000470,3,119.45,8.66,349.69
OD00001084,ORD0000391,P000909,1,41.22,1.0,40.22
OD00001085,ORD0000391,P000318,5,51.36,6.21,250.59
OD00001086,ORD0000392,P001034,1,842.72,329.85,512.87
OD00001087,ORD0000393,P001820,2,138.32,31.15,245.49
OD00001088,ORD0000393,P000504,1,92.02,10.36,81.66
OD00001089,ORD0000393,P000536,2,41.56,9.36,73.76
OD00001090,ORD0000393,P001951,1,95.32,10.73,84.58999999999999
OD00001091,ORD0000394,P002310,2,220.84,153.41,288.27
OD00001092,ORD0000395,P000280,3,138.09,140.75,273.52
OD00001093,ORD0000396,P001808,1,412.38,18.44,393.94
OD00001094,ORD0000397,P000669,2,18.28,1.71,34.85
OD00001095,ORD0000397,P001472,1,96.79,4.53,92.26
OD00001096,ORD0000397,P001218,1,201.14,9.41,191.73
OD00001097,ORD0000397,P002071,3,13.93,1.95,39.84
OD00001098,ORD0000397,P000678,1,55.49,2.59,52.900000000000006
OD00001099,ORD0000398,P001977,1,89.18,10.41,78.77000000000001
OD00001100,ORD0000398,P001903,1,15.87,1.85,14.02
OD00001101,ORD0000399,P000932,3,135.01,99.01,306.02
OD00001102,ORD0000399,P001900,1,186.85,45.68,141.17
OD00001103,ORD0000400,P001311,1,77.31,12.11,65.2
OD00001104,ORD0000400,P000220,1,53.49,8.38,45.11
OD00001105,ORD0000400,P000516,1,112.73,17.66,95.07
OD00001106,ORD0000400,P001248,1,290.12,45.45,244.67
OD00001107,ORD0000401,P000418,1,174.49,36.1,138.39
OD00001108,ORD0000402,P001272,1,371.53,111.47,260.05999999999995
OD00001109,ORD0000403,P000615,3,72.44,19.9,197.42
OD00001110,ORD0000403,P000404,1,74.02,6.78,67.24
OD00001111,ORD0000404,P002017,1,196.06,45.11,150.95
OD00001112,ORD0000404,P001500,1,137.82,31.72,106.1
OD00001113,ORD0000404,P000870,1,123.04,28.32,94.72
OD00001114,ORD0000404,P001039,1,57.04,13.13,43.91
OD00001115,ORD0000405,P000034,1,196.43,12.41,184.02
OD00001116,ORD0000405,P000053,4,172.21,43.54,645.3000000000001
OD00001117,ORD0000406,P001422,3,102.53,64.33,243.26000000000005
OD00001118,ORD0000406,P001398,1,143.49,30.01,113.48
OD00001119,ORD0000407,P000010,3,42.64,31.28,96.64
OD00001120,ORD0000407,P002199,1,95.9,23.44,72.46000000000001
OD00001121,ORD0000407,P002040,1,73.97,18.08,55.89
OD00001122,ORD0000408,P001582,1,266.31,46.41,219.9
OD00001123,ORD0000409,P000726,2,59.46,0.85,118.07
OD00001124,ORD0000409,P000827,1,64.77,0.46,64.31
OD00001125,ORD0000409,P001674,1,50.34,0.36,49.98
OD00001126,ORD0000409,P000346,1,28.74,0.2,28.54
OD00001127,ORD0000410,P000669,1,18.28,4.86,13.420000000000002
OD00001128,ORD0000410,P001205,1,373.4,99.18,274.22
OD00001129,ORD0000411,P001497,1,101.53,14.6,86.93
OD00001130,ORD0000412,P001335,1,53.15,21.15,32.0
OD00001131,ORD0000412,P001380,1,49.79,19.81,29.98
OD00001132,ORD0000412,P001775,1,51.2,20.38,30.820000000000004
OD00001133,ORD0000412,P002054,1,55.55,22.11,33.44
OD00001134,ORD0000412,P001767,2,113.02,89.95,136.08999999999995
OD00001135,ORD0000413,P001291,2,10.03,6.51,13.55
OD00001136,ORD0000413,P001631,2,94.88,61.59,128.17
OD00001137,ORD0000413,P000415,1,56.28,18.27,38.010000000000005
OD00001138,ORD0000413,P000276,1,149.8,48.62,101.18
OD00001139,ORD0000414,P001385,1,78.63,25.53,53.1
OD00001140,ORD0000414,P001900,1,186.85,60.68,126.17
OD00001141,ORD0000414,P001567,1,130.56,42.4,88.16
OD00001142,ORD0000415,P001227,1,33.39,0.73,32.660000000000004
OD00001143,ORD0000415,P002038,1,181.16,3.98,177.18
OD00001144,ORD0000416,P000536,3,41.56,3.25,121.43
OD00001145,ORD0000416,P000598,2,62.73,3.27,122.19
OD00001146,ORD0000416,P000905,2,99.1,5.17,193.03
OD00001147,ORD0000417,P000157,5,119.5,129.49,468.01
OD00001148,ORD0000418,P000506,1,360.44,19.91,340.53
OD00001149,ORD0000418,P000245,2,38.88,4.3,73.46000000000001
OD00001150,ORD0000418,P000892,3,140.5,23.28,398.22
OD00001151,ORD0000419,P001917,1,345.15,106.93,238.22
OD00001152,ORD0000420,P000462,1,290.77,86.05,204.72
OD00001153,ORD0000421,P000381,1,78.58,2.97,75.61
OD00001154,ORD0000421,P000797,1,142.8,5.39,137.41000000000005
OD00001155,ORD0000422,P001629,1,320.73,115.96,204.77000000000004
OD00001156,ORD0000423,P001595,1,350.86,43.02,307.84000000000003
OD00001157,ORD0000424,P001563,2,38.98,14.22,63.74
OD00001158,ORD0000424,P000154,1,171.06,31.21,139.85
OD00001159,ORD0000425,P000585,1,819.31,204.42,614.89
OD00001160,ORD0000425,P000182,2,161.47,80.58,242.36
OD00001161,ORD0000426,P002038,1,181.16,64.38,116.78
OD00001162,ORD0000426,P000087,1,105.5,37.49,68.00999999999999
OD00001163,ORD0000426,P000352,2,34.92,24.82,45.02
OD00001164,ORD0000426,P001280,1,18.76,6.67,12.090000000000002
OD00001165,ORD0000426,P000163,1,328.1,116.6,211.50000000000003
OD00001166,ORD0000427,P002193,1,79.05,20.4,58.65
OD00001167,ORD0000427,P000291,1,99.03,25.56,73.47
OD00001168,ORD0000427,P001932,1,439.82,113.51,326.31
OD00001169,ORD0000428,P001563,4,38.98,41.05,114.87
OD00001170,ORD0000428,P000960,1,51.53,13.57,37.96
OD00001171,ORD0000428,P001850,1,77.03,20.28,56.75
OD00001172,ORD0000429,P002106,1,229.38,16.38,213.0
OD00001173,ORD0000430,P000512,1,80.45,2.73,77.72
OD00001174,ORD0000430,P002204,2,161.33,10.95,311.71000000000004
OD00001175,ORD0000430,P001187,2,17.66,1.2,34.12
OD00001176,ORD0000431,P001483,1,357.96,54.21,303.75
OD00001177,ORD0000432,P000688,1,40.73,8.98,31.75
OD00001178,ORD0000432,P000630,1,258.76,57.03,201.73
OD00001179,ORD0000433,P001758,1,85.06,15.61,69.45
OD00001180,ORD0000433,P001397,1,79.93,14.67,65.26
OD00001181,ORD0000433,P000441,2,291.04,106.8,475.28
OD00001182,ORD0000433,P000899,2,88.16,32.35,143.97
OD00001183,ORD0000434,P000776,1,107.67,29.87,77.8
OD00001184,ORD0000434,P000386,1,56.52,15.68,40.84
OD00001185,ORD0000434,P001497,1,101.53,28.16,73.37
OD00001186,ORD0000435,P000801,2,164.79,44.51,285.07
OD00001187,ORD0000435,P001724,2,148.36,40.07,256.65000000000003
OD00001188,ORD0000436,P001790,1,36.35,11.34,25.01
OD00001189,ORD0000436,P002248,3,10.98,10.28,22.66
OD00001190,ORD0000436,P001294,5,10.03,15.65,34.5
OD00001191,ORD0000436,P001127,2,76.72,47.89,105.55
OD00001192,ORD0000437,P000580,1,13.61,2.1,11.51
OD00001193,ORD0000437,P001061,1,285.79,44.03,241.76
OD00001194,ORD0000438,P001363,3,72.68,57.02,161.02
OD00001195,ORD0000438,P001901,2,41.33,21.62,61.03999999999999
OD00001196,ORD0000439,P000210,1,88.36,17.22,71.14
OD00001197,ORD0000439,P000691,1,32.08,6.25,25.83
OD00001198,ORD0000439,P001218,1,201.14,39.19,161.95
OD00001199,ORD0000440,P001887,2,188.72,137.37,240.07
OD00001200,ORD0000441,P001684,2,101.8,11.38,192.22
OD00001201,ORD0000441,P000517,1,88.21,4.93,83.28
OD00001202,ORD0000441,P001049,1,55.53,3.1,52.43
OD00001203,ORD0000441,P001792,2,26.18,2.92,49.44
OD00001204,ORD0000441,P001303,1,10.43,0.58,9.85
OD00001205,ORD0000442,P000404,3,74.02,1.49,220.57
OD00001206,ORD0000443,P001528,2,121.63,7.39,235.87
OD00001207,ORD0000443,P001838,2,85.17,5.18,165.16
OD00001208,ORD0000443,P001494,1,41.28,1.26,40.02
OD00001209,ORD0000443,P001286,1,23.89,0.73,23.16
OD00001210,ORD0000444,P000489,1,26.4,9.35,17.049999999999997
OD00001211,ORD0000444,P002195,4,43.32,61.38,111.9
OD00001212,ORD0000444,P002217,1,38.76,13.73,25.03
OD00001213,ORD0000444,P000754,1,252.09,89.3,162.79000000000002
OD00001214,ORD0000445,P000198,1,23.36,5.65,17.71
OD00001215,ORD0000445,P001794,2,146.5,70.82,222.18
OD00001216,ORD0000445,P002260,1,18.66,4.51,14.15
OD00001217,ORD0000445,P002211,2,55.86,27.0,84.72
OD00001218,ORD0000445,P002170,1,27.74,6.7,21.04
OD00001219,ORD0000445,P001192,1,19.47,4.71,14.759999999999998
OD00001220,ORD0000445,P000516,1,112.73,27.25,85.48
OD00001221,ORD0000445,P001351,1,83.98,20.3,63.68000000000001
OD00001222,ORD0000445,P000213,1,275.26,66.53,208.73
OD00001223,ORD0000446,P001981,4,90.47,32.04,329.84
OD00001224,ORD0000446,P001541,1,177.11,15.69,161.42000000000002
OD00001225,ORD0000446,P001469,1,24.39,2.16,22.23
OD00001226,ORD0000446,P000924,1,23.55,2.09,21.46
OD00001227,ORD0000447,P001480,2,68.41,48.3,88.52
OD00001228,ORD0000447,P000191,1,458.83,161.99,296.84
OD00001229,ORD0000448,P002101,2,14.57,0.8,28.34
OD00001230,ORD0000448,P000768,2,10.04,0.55,19.53
OD00001231,ORD0000448,P001420,2,82.13,4.5,159.76
OD00001232,ORD0000448,P001654,1,224.8,6.16,218.64
OD00001233,ORD0000448,P000530,2,41.19,2.26,80.11999999999999
OD00001234,ORD0000448,P001247,2,11.28,0.62,21.94
OD00001235,ORD0000449,P000980,1,22.11,6.66,15.45
OD00001236,ORD0000449,P001522,3,267.81,242.14,561.2900000000001
OD00001237,ORD0000449,P001364,1,150.16,45.26,104.9
OD00001238,ORD0000449,P001652,1,30.01,9.04,20.97
OD00001239,ORD0000450,P001312,2,106.48,9.35,203.61
OD00001240,ORD0000450,P002159,1,87.57,3.85,83.72
OD00001241,ORD0000451,P000930,1,38.86,13.45,25.41
OD00001242,ORD0000451,P000940,1,852.94,295.18,557.76
OD00001243,ORD0000452,P001838,2,85.17,50.47,119.87
OD00001244,ORD0000452,P000080,4,48.45,57.43,136.37
OD00001245,ORD0000453,P000180,2,41.7,23.55,59.85
OD00001246,ORD0000453,P001537,1,51.5,14.55,36.95
OD00001247,ORD0000453,P001973,1,43.92,12.41,31.51
OD00001248,ORD0000454,P001951,2,95.32,62.83,127.81
OD00001249,ORD0000454,P000835,1,497.65,164.01,333.64
OD00001250,ORD0000455,P002299,1,771.85,276.25,495.6
OD00001251,ORD0000455,P001055,4,88.47,126.65,227.23
OD00001252,ORD0000455,P001991,1,55.5,19.86,35.64
OD00001253,ORD0000456,P000961,1,123.83,12.83,111.0
OD00001254,ORD0000456,P002263,1,114.74,11.89,102.85
OD00001255,ORD0000456,P002225,3,36.17,11.24,97.27
OD00001256,ORD0000457,P001947,1,896.15,177.61,718.54
OD00001257,ORD0000457,P001223,2,175.17,69.44,280.9
OD00001258,ORD0000458,P001975,3,108.97,62.87,264.04
OD00001259,ORD0000459,P002049,1,375.99,111.48,264.51
OD00001260,ORD0000459,P001296,2,25.15,14.91,35.39
OD00001261,ORD0000459,P001882,4,45.85,54.38,129.02
OD00001262,ORD0000460,P001720,1,86.97,16.56,70.41
OD00001263,ORD0000460,P001672,1,202.15,38.48,163.67000000000002
OD00001264,ORD0000461,P001543,2,77.18,34.63,119.73000000000002
OD00001265,ORD0000461,P001446,1,71.41,16.02,55.39
OD00001266,ORD0000462,P001012,1,341.22,124.94,216.28000000000003
OD00001267,ORD0000463,P001979,2,35.96,14.5,57.42
OD00001268,ORD0000463,P001574,1,40.16,8.1,32.059999999999995
OD00001269,ORD0000463,P001268,2,23.96,9.66,38.260000000000005
OD00001270,ORD0000464,P001379,2,39.82,25.54,54.1
OD00001271,ORD0000464,P002134,1,253.81,81.41,172.4
OD00001272,ORD0000464,P000488,1,166.19,53.31,112.88
OD00001273,ORD0000465,P001075,1,114.98,33.17,81.81
OD00001274,ORD0000465,P000085,1,34.24,9.88,24.36
OD00001275,ORD0000465,P002148,1,54.09,15.6,38.49
OD00001276,ORD0000465,P001868,1,46.28,13.35,32.93
OD00001277,ORD0000465,P000937,2,24.1,13.91,34.290000000000006
OD00001278,ORD0000465,P000589,1,239.79,69.18,170.61
OD00001279,ORD0000466,P000203,3,108.8,71.69,254.71
OD00001280,ORD0000466,P000074,1,170.35,37.41,132.94
OD00001281,ORD0000467,P000236,4,11.77,16.13,30.95
OD00001282,ORD0000467,P001932,2,439.82,301.39,578.25
OD00001283,ORD0000468,P002123,1,73.31,29.25,44.06
OD00001284,ORD0000468,P000485,1,115.32,46.01,69.31
OD00001285,ORD0000469,P000186,2,42.44,5.65,79.22999999999999
OD00001286,ORD0000469,P000873,1,37.01,2.46,34.55
OD00001287,ORD0000469,P002105,2,56.69,7.55,105.83
OD00001288,ORD0000469,P001438,1,74.69,4.97,69.72
OD00001289,ORD0000470,P000516,1,112.73,41.94,70.79
OD00001290,ORD0000470,P000864,3,188.84,210.76,355.76
OD00001291,ORD0000471,P001133,1,112.09,1.82,110.27
OD00001292,ORD0000471,P001863,4,35.85,2.32,141.08
OD00001293,ORD0000471,P001972,1,64.76,1.05,63.71000000000001
OD00001294,ORD0000472,P000991,1,51.61,4.07,47.54
OD00001295,ORD0000472,P002103,2,150.82,23.82,277.82
OD00001296,ORD0000473,P000789,1,353.08,14.55,338.53
OD00001297,ORD0000473,P002094,2,17.56,1.45,33.669999999999995
OD00001298,ORD0000474,P001370,2,177.43,94.16,260.70000000000005
OD00001299,ORD0000474,P000116,3,257.57,205.04,567.6700000000001
OD00001300,ORD0000475,P001861,1,229.92,3.46,226.46
OD00001301,ORD0000475,P001265,4,55.04,3.3,216.86
OD00001302,ORD0000475,P000160,1,79.22,1.19,78.03
OD00001303,ORD0000475,P002054,1,55.55,0.83,54.72
OD00001304,ORD0000475,P001380,1,49.79,0.75,49.04
OD00001305,ORD0000475,P000942,1,32.92,0.49,32.43
OD00001306,ORD0000475,P000173,1,25.33,0.38,24.95
OD00001307,ORD0000475,P000336,1,18.17,0.27,17.900000000000002
OD00001308,ORD0000476,P001563,1,38.98,13.57,25.41
OD00001309,ORD0000476,P002076,1,202.45,70.49,131.95999999999998
OD00001310,ORD0000477,P001693,2,88.15,44.29,132.01000000000002
OD00001311,ORD0000477,P000618,4,54.14,54.41,162.15
OD00001312,ORD0000477,P002139,2,138.5,69.6,207.4
OD00001313,ORD0000477,P001055,5,88.47,111.14,331.21000000000004
OD00001314,ORD0000478,P001512,2,54.84,0.48,109.2
OD00001315,ORD0000478,P001126,1,152.29,0.67,151.62
OD00001316,ORD0000478,P002094,1,17.56,0.08,17.48
OD00001317,ORD0000478,P000199,1,28.28,0.12,28.16
OD00001318,ORD0000478,P000951,1,129.2,0.57,128.63
OD00001319,ORD0000479,P000716,1,23.57,1.41,22.16
OD00001320,ORD0000479,P001691,1,100.93,6.04,94.89
OD00001321,ORD0000479,P000211,2,41.25,4.93,77.57
OD00001322,ORD0000480,P002283,1,121.08,18.15,102.93
OD00001323,ORD0000481,P000875,2,54.34,31.2,77.48
OD00001324,ORD0000481,P001133,1,112.09,32.18,79.91
OD00001325,ORD0000482,P000220,1,53.49,20.52,32.97
OD00001326,ORD0000482,P001250,2,130.3,99.97,160.63000000000002
OD00001327,ORD0000483,P000410,1,126.13,5.67,120.46
OD00001328,ORD0000483,P000865,1,397.88,17.87,380.01
OD00001329,ORD0000483,P001640,1,54.74,2.46,52.28
OD00001330,ORD0000484,P000830,2,60.53,43.64,77.42
OD00001331,ORD0000484,P000712,2,258.86,186.62,331.1
OD00001332,ORD0000485,P001882,2,45.85,18.71,72.99000000000001
OD00001333,ORD0000485,P001177,1,195.04,39.81,155.23
OD00001334,ORD0000486,P001420,2,82.13,57.35,106.91
OD00001335,ORD0000486,P000105,1,198.95,69.46,129.49
OD00001336,ORD0000487,P001154,1,275.09,57.2,217.89
OD00001337,ORD0000488,P000621,2,44.99,32.3,57.68000000000001
OD00001338,ORD0000488,P001599,1,288.21,103.45,184.76
OD00001339,ORD0000489,P002231,1,293.62,12.14,281.48
OD00001340,ORD0000490,P002006,1,558.79,142.97,415.82
OD00001341,ORD0000491,P000438,2,93.07,67.67,118.46999999999998
OD00001342,ORD0000491,P000947,1,49.8,18.1,31.7
OD00001343,ORD0000491,P000102,1,179.48,65.25,114.23
OD00001344,ORD0000492,P000325,1,673.06,117.34,555.7199999999999
OD00001345,ORD0000493,P001596,3,27.25,5.17,76.58
OD00001346,ORD0000493,P002094,1,17.56,1.11,16.45
OD00001347,ORD0000493,P001936,3,48.11,9.13,135.2
OD00001348,ORD0000493,P000145,2,117.11,14.81,219.41
OD00001349,ORD0000494,P001303,2,10.43,0.28,20.58
OD00001350,ORD0000494,P000211,1,41.25,0.56,40.69
OD00001351,ORD0000494,P000341,4,39.05,2.11,154.08999999999995
OD00001352,ORD0000494,P000297,1,43.52,0.59,42.93
OD00001353,ORD0000495,P000593,1,47.37,17.91,29.46
OD00001354,ORD0000495,P001402,2,195.94,148.18,243.7
OD00001355,ORD0000496,P002028,1,374.55,30.45,344.1
OD00001356,ORD0000497,P000254,1,90.44,22.11,68.33
OD00001357,ORD0000497,P001145,4,28.65,28.01,86.58999999999999
OD00001358,ORD0000498,P001116,1,183.26,10.4,172.86
OD00001359,ORD0000498,P002182,1,71.08,4.03,67.05
OD00001360,ORD0000498,P000814,1,23.82,1.35,22.47
OD00001361,ORD0000498,P001445,1,53.4,3.03,50.37
OD00001362,ORD0000498,P001245,1,67.57,3.84,63.72999999999999
OD00001363,ORD0000498,P001293,1,33.57,1.91,31.66
OD00001364,ORD0000499,P000145,1,117.11,40.19,76.92
OD00001365,ORD0000499,P000020,1,71.84,24.65,47.190000000000005
OD00001366,ORD0000499,P000833,1,71.31,24.47,46.84
OD00001367,ORD0000499,P000084,1,27.33,9.38,17.949999999999996
OD00001368,ORD0000499,P001718,2,216.08,148.29,283.87
OD00001369,ORD0000500,P001750,1,26.75,4.45,22.3
OD00001370,ORD0000500,P000816,2,131.34,43.75,218.93
OD00001371,ORD0000501,P000394,1,26.03,7.09,18.94
OD00001372,ORD0000501,P001923,1,23.49,6.4,17.089999999999996
OD00001373,ORD0000501,P001861,1,229.92,62.64,167.27999999999997
OD00001374,ORD0000501,P001113,1,20.44,5.57,14.87
OD00001375,ORD0000501,P001114,1,282.12,76.87,205.25
OD00001376,ORD0000502,P000906,1,321.26,8.96,312.3
OD00001377,ORD0000503,P000703,1,51.92,8.62,43.3
OD00001378,ORD0000503,P001644,1,29.68,4.93,24.75
OD00001379,ORD0000503,P001930,1,26.89,4.47,22.42
OD00001380,ORD0000503,P000776,1,107.67,17.88,89.79
OD00001381,ORD0000503,P001156,1,102.15,16.96,85.19
OD00001382,ORD0000503,P001613,1,125.11,20.78,104.33
OD00001383,ORD0000503,P000091,1,106.61,17.7,88.91
OD00001384,ORD0000504,P000191,1,458.83,111.2,347.63
OD00001385,ORD0000505,P000025,1,34.17,6.02,28.15
OD00001386,ORD0000505,P000937,1,24.1,4.25,19.85
OD00001387,ORD0000505,P000496,2,36.73,12.95,60.50999999999999
OD00001388,ORD0000505,P001757,3,69.58,36.79,171.95000000000002
OD00001389,ORD0000506,P000748,2,10.6,7.36,13.84
OD00001390,ORD0000506,P001013,3,60.68,63.19,118.85
OD00001391,ORD0000506,P001190,1,146.81,50.96,95.85
OD00001392,ORD0000507,P001252,1,19.01,0.76,18.25
OD00001393,ORD0000507,P001871,1,26.17,1.04,25.130000000000003
OD00001394,ORD0000507,P001613,1,125.11,4.99,120.12
OD00001395,ORD0000507,P002134,1,253.81,10.11,243.7
OD00001396,ORD0000508,P000199,1,28.28,1.4,26.880000000000003
OD00001397,ORD0000508,P000893,2,31.64,3.13,60.15
OD00001398,ORD0000508,P000688,1,40.73,2.01,38.72
OD00001399,ORD0000508,P001954,2,49.22,4.87,93.57
OD00001400,ORD0000508,P001680,1,102.83,5.09,97.74
OD00001401,ORD0000508,P002155,1,39.19,1.94,37.25
OD00001402,ORD0000509,P001615,1,306.44,30.09,276.35
OD00001403,ORD0000509,P001900,1,186.85,18.35,168.5
OD00001404,ORD0000510,P001624,1,225.32,86.11,139.20999999999998
OD00001405,ORD0000510,P000285,2,72.84,55.68,90.0
OD00001406,ORD0000511,P000855,3,103.72,35.02,276.14
OD00001407,ORD0000512,P001652,1,30.01,11.17,18.840000000000003
OD00001408,ORD0000512,P001316,1,33.64,12.52,21.12
OD00001409,ORD0000512,P002167,1,111.58,41.54,70.03999999999999
OD00001410,ORD0000513,P001370,2,177.43,96.33,258.53
OD00001411,ORD0000513,P001392,1,201.47,54.7,146.76999999999998
OD00001412,ORD0000513,P000201,2,44.12,23.96,64.28
OD00001413,ORD0000513,P001071,1,73.4,19.93,53.470000000000006
OD00001414,ORD0000514,P001861,2,229.92,93.24,366.6
OD00001415,ORD0000515,P000151,2,56.15,6.58,105.72
OD00001416,ORD0000515,P001279,2,35.91,4.2,67.61999999999999
OD00001417,ORD0000515,P001042,1,55.74,3.26,52.48
OD00001418,ORD0000515,P001962,2,21.74,2.54,40.94
OD00001419,ORD0000515,P001750,1,26.75,1.56,25.19
OD00001420,ORD0000515,P001339,1,25.13,1.47,23.66
OD00001421,ORD0000516,P001749,1,9.46,0.7,8.760000000000002
OD00001422,ORD0000516,P000352,1,34.92,2.59,32.33
OD00001423,ORD0000516,P001712,1,12.66,0.94,11.72
OD00001424,ORD0000516,P000523,1,11.87,0.88,10.989999999999998
OD00001425,ORD0000516,P002071,2,13.93,2.07,25.79
OD00001426,ORD0000516,P001457,1,126.08,9.35,116.73
OD00001427,ORD0000517,P000541,1,63.12,22.76,40.36
OD00001428,ORD0000517,P002013,3,245.47,265.59,470.82
OD00001429,ORD0000518,P000918,2,16.64,12.66,20.62
OD00001430,ORD0000518,P000891,2,75.16,57.17,93.15
OD00001431,ORD0000519,P000769,1,240.99,6.47,234.52
OD00001432,ORD0000519,P001836,1,68.52,1.84,66.67999999999999
OD00001433,ORD0000519,P000719,1,264.73,7.1,257.63
OD00001434,ORD0000520,P000213,1,275.26,94.19,181.07
OD00001435,ORD0000520,P001430,2,137.06,93.8,180.32
OD00001436,ORD0000520,P002031,2,234.38,160.4,308.36
OD00001437,ORD0000521,P001434,2,156.54,10.74,302.34
OD00001438,ORD0000521,P001739,2,149.89,10.28,289.5
OD00001439,ORD0000521,P002172,1,98.09,3.36,94.73
OD00001440,ORD0000522,P001054,2,301.78,47.39,556.17
OD00001441,ORD0000523,P001519,2,282.71,155.42,410.0
OD00001442,ORD0000523,P001523,2,26.84,14.75,38.93
OD00001443,ORD0000523,P001291,2,10.03,5.51,14.55
OD00001444,ORD0000524,P001288,4,107.47,140.02,289.86
OD00001445,ORD0000525,P001833,5,170.62,248.66,604.44
OD00001446,ORD0000526,P000880,4,120.66,58.81,423.83
OD00001447,ORD0000526,P001829,1,41.08,5.0,36.08
OD00001448,ORD0000526,P001701,1,27.44,3.34,24.1
OD00001449,ORD0000527,P001452,3,94.02,41.2,240.86
OD00001450,ORD0000527,P001024,1,130.11,19.01,111.1
OD00001451,ORD0000527,P000838,1,37.63,5.5,32.13
OD00001452,ORD0000527,P002095,2,13.01,3.8,22.22
OD00001453,ORD0000527,P001429,1,24.69,3.61,21.08
OD00001454,ORD0000528,P000014,2,207.13,17.8,396.46
OD00001455,ORD0000529,P001767,3,113.02,36.72,302.34000000000003
OD00001456,ORD0000529,P001359,3,71.6,23.26,191.54
OD00001457,ORD0000530,P000226,1,41.66,15.8,25.86
OD00001458,ORD0000530,P000434,1,47.9,18.16,29.74
OD00001459,ORD0000530,P001370,1,177.43,67.27,110.16
OD00001460,ORD0000530,P000157,4,119.5,181.23,296.77
OD00001461,ORD0000531,P001686,2,134.87,100.98,168.76
OD00001462,ORD0000531,P000085,1,34.24,12.82,21.42
OD00001463,ORD0000531,P000336,1,18.17,6.8,11.37
OD00001464,ORD0000531,P000797,2,142.8,106.92,178.68
OD00001465,ORD0000532,P001127,1,76.72,24.09,52.63
OD00001466,ORD0000532,P001108,5,154.98,243.3,531.5999999999999
OD00001467,ORD0000533,P001123,1,331.04,64.37,266.67
OD00001468,ORD0000533,P002014,2,43.03,16.73,69.33
OD00001469,ORD0000533,P001425,1,28.97,5.63,23.34
OD00001470,ORD0000534,P000215,1,591.46,190.71,400.75
OD00001471,ORD0000535,P001467,1,718.02,260.73,457.29
OD00001472,ORD0000535,P002234,1,441.46,160.31,281.15
OD00001473,ORD0000536,P000655,1,91.51,35.31,56.2
OD00001474,ORD0000536,P001688,1,91.28,35.22,56.06
OD00001475,ORD0000536,P000367,1,447.91,172.83,275.08000000000004
OD00001476,ORD0000537,P001279,1,35.91,11.79,24.12
OD00001477,ORD0000537,P000170,3,57.2,56.33,115.27000000000002
OD00001478,ORD0000537,P000156,1,31.75,10.42,21.33
OD00001479,ORD0000537,P000989,1,174.81,57.39,117.42
OD00001480,ORD0000538,P001224,1,23.51,4.83,18.68
OD00001481,ORD0000538,P001613,4,125.11,102.77,397.67
OD00001482,ORD0000539,P001130,4,170.45,32.43,649.37
OD00001483,ORD0000539,P001840,1,72.79,3.46,69.33000000000001
OD00001484,ORD0000539,P001679,1,10.6,0.5,10.1
OD00001485,ORD0000540,P000796,1,271.18,91.76,179.42000000000002
OD00001486,ORD0000541,P000306,1,144.25,22.97,121.28
OD00001487,ORD0000541,P001334,3,47.18,22.55,118.99
OD00001488,ORD0000541,P000923,2,54.48,17.36,91.6
OD00001489,ORD0000541,P001335,1,53.15,8.47,44.68
OD00001490,ORD0000541,P000269,1,27.27,4.34,22.93
OD00001491,ORD0000542,P000166,1,180.89,70.11,110.78
OD00001492,ORD0000542,P001324,4,50.65,78.53,124.07
OD00001493,ORD0000543,P001584,1,87.34,33.54,53.8
OD00001494,ORD0000543,P001521,1,80.03,30.73,49.3
OD00001495,ORD0000543,P002308,1,266.59,102.37,164.21999999999997
OD00001496,ORD0000544,P000406,2,192.12,5.27,378.97
OD00001497,ORD0000544,P000227,1,18.23,0.25,17.98
OD00001498,ORD0000544,P001973,1,43.92,0.6,43.32
OD00001499,ORD0000544,P000106,1,41.55,0.57,40.98
OD00001500,ORD0000544,P001154,1,275.09,3.77,271.32
OD00001501,ORD0000544,P002054,1,55.55,0.76,54.79
OD00001502,ORD0000545,P002290,1,27.67,2.35,25.32
OD00001503,ORD0000545,P000198,1,23.36,1.99,21.37
OD00001504,ORD0000545,P000924,1,23.55,2.0,21.55
OD00001505,ORD0000545,P000563,1,569.57,48.45,521.12
OD00001506,ORD0000545,P001413,2,101.76,17.31,186.21
OD00001507,ORD0000546,P000617,2,8.6,6.6,10.6
OD00001508,ORD0000546,P001038,4,93.74,143.86,231.1
OD00001509,ORD0000547,P001588,2,295.97,5.13,586.8100000000001
OD00001510,ORD0000548,P001424,1,394.92,138.83,256.09000000000003
OD00001511,ORD0000549,P000050,5,93.0,141.63,323.37
OD00001512,ORD0000550,P001293,1,33.57,4.62,28.95
OD00001513,ORD0000550,P000878,1,57.91,7.98,49.92999999999999
OD00001514,ORD0000550,P001571,1,62.69,8.63,54.06
OD00001515,ORD0000550,P000368,1,166.03,22.87,143.16
OD00001516,ORD0000551,P000952,1,264.85,69.5,195.35
OD00001517,ORD0000552,P001987,3,112.95,119.81,219.04
OD00001518,ORD0000552,P001094,2,115.86,81.92,149.8
OD00001519,ORD0000552,P000193,1,67.16,23.74,43.42
OD00001520,ORD0000552,P000119,1,56.16,19.85,36.31
OD00001521,ORD0000552,P001182,1,35.78,12.65,23.130000000000003
OD00001522,ORD0000553,P001266,1,615.58,165.82,449.7600000000001
OD00001523,ORD0000554,P001290,1,88.97,25.72,63.25
OD00001524,ORD0000554,P000138,3,184.47,159.97,393.44
OD00001525,ORD0000555,P000245,3,38.88,41.61,75.03000000000002
OD00001526,ORD0000555,P000819,1,287.49,102.55,184.94
OD00001527,ORD0000556,P000823,1,70.33,0.0,70.33
OD00001528,ORD0000556,P000305,2,14.68,0.0,29.36
OD00001529,ORD0000556,P002214,2,26.99,0.0,53.98
OD00001530,ORD0000557,P000285,2,72.84,57.54,88.14000000000001
OD00001531,ORD0000557,P000158,1,299.04,118.11,180.93
OD00001532,ORD0000557,P001180,4,42.45,67.06,102.74
OD00001533,ORD0000557,P001125,5,81.57,161.09,246.76
OD00001534,ORD0000558,P001765,1,332.81,31.53,301.28
OD00001535,ORD0000558,P001750,1,26.75,2.53,24.22
OD00001536,ORD0000558,P001172,2,24.43,4.63,44.23
OD00001537,ORD0000559,P000359,2,108.86,83.55,134.17000000000002
OD00001538,ORD0000559,P001899,3,159.99,184.19,295.78000000000003
OD00001539,ORD0000560,P002264,2,156.26,12.22,300.3
OD00001540,ORD0000560,P002230,1,60.22,2.35,57.87
OD00001541,ORD0000560,P002305,1,59.46,2.32,57.14
OD00001542,ORD0000560,P001608,1,51.31,2.01,49.3
OD00001543,ORD0000560,P000760,1,45.21,1.77,43.44
OD00001544,ORD0000560,P001195,1,41.06,1.6,39.46
OD00001545,ORD0000560,P001863,1,35.85,1.4,34.45
OD00001546,ORD0000560,P001930,1,26.89,1.05,25.84
OD00001547,ORD0000560,P002173,1,18.12,0.71,17.41
OD00001548,ORD0000561,P000655,2,91.51,7.5,175.52
OD00001549,ORD0000561,P002091,1,90.75,3.72,87.03
OD00001550,ORD0000562,P000615,1,72.44,6.02,66.42
OD00001551,ORD0000562,P002275,1,505.68,42.02,463.66
OD00001552,ORD0000563,P000743,1,36.09,14.34,21.750000000000004
OD00001553,ORD0000563,P000836,5,62.14,123.48,187.22
OD00001554,ORD0000563,P001766,1,241.11,95.82,145.29000000000002
OD00001555,ORD0000564,P000079,1,209.16,18.0,191.16
OD00001556,ORD0000565,P001962,1,21.74,2.26,19.48
OD00001557,ORD0000565,P000526,2,100.03,20.79,179.27
OD00001558,ORD0000566,P000815,1,172.54,37.64,134.89999999999998
OD00001559,ORD0000567,P001117,2,157.3,110.0,204.6
OD00001560,ORD0000567,P001119,2,86.78,60.69,112.87
OD00001561,ORD0000567,P000182,1,161.47,56.46,105.01
OD00001562,ORD0000567,P001185,2,32.31,22.6,42.02
OD00001563,ORD0000567,P000699,1,62.43,21.83,40.6
OD00001564,ORD0000567,P000939,1,37.85,13.23,24.62
OD00001565,ORD0000567,P000047,1,14.43,5.05,9.38
OD00001566,ORD0000568,P001073,1,58.1,12.03,46.07
OD00001567,ORD0000568,P000278,1,274.7,56.88,217.82
OD00001568,ORD0000569,P001412,1,63.56,23.46,40.1
OD00001569,ORD0000569,P001038,1,93.74,34.6,59.13999999999999
OD00001570,ORD0000569,P000322,2,13.58,10.03,17.130000000000003
OD00001571,ORD0000569,P000699,1,62.43,23.04,39.39
OD00001572,ORD0000569,P002167,2,111.58,82.38,140.78
OD00001573,ORD0000570,P002230,1,60.22,16.43,43.79
OD00001574,ORD0000570,P002240,1,279.09,76.16,202.93
OD00001575,ORD0000571,P000040,2,228.93,160.07,297.79
OD00001576,ORD0000571,P002038,2,181.16,126.66,235.66
OD00001577,ORD0000572,P000954,2,100.72,24.17,177.26999999999998
OD00001578,ORD0000573,P000293,1,102.03,10.21,91.82
OD00001579,ORD0000573,P000300,3,13.12,3.94,35.42
OD00001580,ORD0000573,P001696,1,70.19,7.02,63.17
OD00001581,ORD0000574,P001555,2,10.37,7.24,13.499999999999998
OD00001582,ORD0000574,P002034,1,302.53,105.55,196.98
OD00001583,ORD0000575,P002251,1,1683.32,457.14,1226.1799999999998
OD00001584,ORD0000576,P002196,1,767.43,137.93,629.5
OD00001585,ORD0000577,P001963,4,87.3,114.66,234.54
OD00001586,ORD0000577,P002304,2,105.42,69.24,141.60000000000002
OD00001587,ORD0000577,P000646,2,29.76,19.55,39.97
OD00001588,ORD0000577,P001962,1,21.74,7.14,14.599999999999998
OD00001589,ORD0000578,P001397,3,79.93,87.24,152.55
OD00001590,ORD0000579,P000892,3,140.5,64.24,357.26
OD00001591,ORD0000579,P000778,1,284.46,43.36,241.1
OD00001592,ORD0000579,P001962,1,21.74,3.31,18.43
OD00001593,ORD0000579,P001449,1,182.97,27.89,155.07999999999998
OD00001594,ORD0000580,P001997,2,71.56,42.41,100.71
OD00001595,ORD0000580,P002152,1,187.05,55.42,131.63
OD00001596,ORD0000581,P002235,1,172.28,68.26,104.02
OD00001597,ORD0000582,P000885,1,22.42,4.99,17.43
OD00001598,ORD0000582,P000872,3,111.79,74.71,260.66
OD00001599,ORD0000583,P000041,1,273.11,102.33,170.78000000000003
OD00001600,ORD0000583,P000789,2,353.08,264.59,441.57
OD00001601,ORD0000584,P000521,1,55.59,18.82,36.77
OD00001602,ORD0000584,P000573,3,117.69,119.51,233.56
OD00001603,ORD0000585,P000502,3,169.35,95.6,412.44999999999993
OD00001604,ORD0000586,P000306,2,144.25,23.42,265.08
OD00001605,ORD0000586,P000273,2,78.47,12.75,144.19
OD00001606,ORD0000586,P000931,3,29.94,7.3,82.52000000000001
OD00001607,ORD0000586,P001182,1,35.78,2.91,32.870000000000005
OD00001608,ORD0000586,P001113,1,20.44,1.66,18.78
OD00001609,ORD0000587,P000573,3,117.69,95.39,257.68
OD00001610,ORD0000588,P000091,2,106.61,38.75,174.47
OD00001611,ORD0000588,P001161,2,72.63,26.39,118.87
OD00001612,ORD0000588,P001684,1,101.8,18.5,83.3
OD00001613,ORD0000588,P001927,2,20.81,7.56,34.059999999999995
OD00001614,ORD0000588,P000657,1,35.83,6.51,29.32
OD00001615,ORD0000588,P001644,1,29.68,5.39,24.29
OD00001616,ORD0000588,P001871,1,26.17,4.75,21.42
OD00001617,ORD0000588,P001224,1,23.51,4.27,19.24
OD00001618,ORD0000589,P001818,2,35.43,6.21,64.65
OD00001619,ORD0000589,P000128,2,12.89,2.26,23.520000000000003
OD00001620,ORD0000589,P000559,2,56.08,9.83,102.33
OD00001621,ORD0000590,P001509,1,396.35,102.18,294.17
OD00001622,ORD0000591,P000291,2,99.03,78.61,119.45
OD00001623,ORD0000591,P001041,1,239.37,95.0,144.37
OD00001624,ORD0000592,P001312,2,106.48,30.03,182.93
OD00001625,ORD0000592,P001366,1,71.19,10.04,61.15
OD00001626,ORD0000593,P002249,1,536.96,8.26,528.7
OD00001627,ORD0000594,P001684,1,101.8,15.04,86.75999999999999
OD00001628,ORD0000594,P000983,2,32.85,9.71,55.99
OD00001629,ORD0000594,P001767,2,113.02,33.39,192.65
OD00001630,ORD0000594,P000418,1,174.49,25.78,148.71
OD00001631,ORD0000595,P001981,3,90.47,74.41,197.0
OD00001632,ORD0000595,P000827,2,64.77,35.51,94.03
OD00001633,ORD0000596,P001830,2,63.95,31.5,96.4
OD00001634,ORD0000596,P000961,1,123.83,30.49,93.34
OD00001635,ORD0000597,P000872,2,111.79,79.5,144.08
OD00001636,ORD0000597,P000604,1,17.63,6.27,11.36
OD00001637,ORD0000597,P001623,2,137.6,97.86,177.33999999999995
OD00001638,ORD0000598,P001767,2,113.02,37.54,188.5
OD00001639,ORD0000599,P000402,3,72.69,9.25,208.82
OD00001640,ORD0000599,P000574,1,111.89,4.74,107.15
OD00001641,ORD0000600,P001747,1,362.38,132.13,230.25
OD00001642,ORD0000600,P002206,1,48.53,17.69,30.84
OD00001643,ORD0000600,P001659,3,118.36,129.46,225.62
OD00001644,ORD0000600,P000796,2,271.18,197.75,344.61
OD00001645,ORD0000601,P000849,1,34.74,12.99,21.75
OD00001646,ORD0000601,P000001,1,305.51,114.23,191.28
OD00001647,ORD0000601,P000399,2,127.88,95.63,160.13
OD00001648,ORD0000602,P001453,1,225.88,74.29,151.58999999999995
OD00001649,ORD0000602,P001228,2,43.01,28.29,57.73
OD00001650,ORD0000602,P001248,3,290.12,286.24,584.12
OD00001651,ORD0000603,P001786,5,9.96,1.01,48.790000000000006
OD00001652,ORD0000603,P001379,5,39.82,4.03,195.07
OD00001653,ORD0000603,P001065,1,71.66,1.45,70.21
OD00001654,ORD0000603,P000950,1,15.43,0.31,15.12
OD00001655,ORD0000604,P000450,4,191.98,159.31,608.6099999999999
OD00001656,ORD0000605,P001015,2,682.95,395.32,970.5800000000002
OD00001657,ORD0000606,P000725,2,204.83,156.93,252.73
OD00001658,ORD0000606,P000953,2,63.94,48.99,78.88999999999999
OD00001659,ORD0000606,P002304,1,105.42,40.39,65.03
OD00001660,ORD0000607,P000515,1,95.92,21.08,74.84
OD00001661,ORD0000607,P000062,1,11.76,2.58,9.18
OD00001662,ORD0000607,P001789,5,92.2,101.31,359.69
OD00001663,ORD0000608,P002013,2,245.47,131.57,359.37
OD00001664,ORD0000608,P001902,2,107.96,57.87,158.04999999999998
OD00001665,ORD0000609,P001094,2,115.86,31.6,200.12
OD00001666,ORD0000609,P001048,2,203.97,55.63,352.31
OD00001667,ORD0000609,P001395,1,165.77,22.61,143.16000000000005
OD00001668,ORD0000610,P000760,2,45.21,9.93,80.49
OD00001669,ORD0000610,P000275,2,32.72,7.18,58.26
OD00001670,ORD0000610,P001323,1,63.15,6.93,56.22
OD00001671,ORD0000610,P002270,1,52.07,5.71,46.36
OD00001672,ORD0000611,P000110,2,319.97,229.0,410.94000000000005
OD00001673,ORD0000612,P001311,2,77.31,14.22,140.4
OD00001674,ORD0000612,P001345,1,1469.72,135.16,1334.56
OD00001675,ORD0000613,P001999,1,48.77,14.3,34.47
OD00001676,ORD0000613,P001567,1,130.56,38.29,92.27
OD00001677,ORD0000613,P000091,1,106.61,31.26,75.35
OD00001678,ORD0000613,P000794,1,231.59,67.91,163.68
OD00001679,ORD0000614,P000521,1,55.59,17.81,37.78
OD00001680,ORD0000614,P001739,1,149.89,48.01,101.88
OD00001681,ORD0000614,P001638,1,26.25,8.41,17.84
OD00001682,ORD0000614,P001445,1,53.4,17.11,36.29
OD00001683,ORD0000614,P001567,1,130.56,41.82,88.74000000000001
OD00001684,ORD0000614,P002046,3,105.02,100.92,214.14
OD00001685,ORD0000615,P001756,1,150.43,39.71,110.72
OD00001686,ORD0000615,P000863,1,9.76,2.58,7.18
OD00001687,ORD0000615,P000852,1,70.27,18.55,51.72
OD00001688,ORD0000616,P000991,1,51.61,4.23,47.38
OD00001689,ORD0000616,P001329,2,132.44,21.69,243.19
OD00001690,ORD0000617,P000586,2,11.47,0.94,22.0
OD00001691,ORD0000617,P000836,1,62.14,2.55,59.59
OD00001692,ORD0000617,P001570,1,230.66,9.48,221.18
OD00001693,ORD0000618,P000358,3,164.89,179.24,315.42999999999995
OD00001694,ORD0000618,P000826,2,248.69,180.22,317.16
OD00001695,ORD0000619,P001856,1,57.5,9.56,47.94
OD00001696,ORD0000619,P000598,1,62.73,10.43,52.3
OD00001697,ORD0000619,P000438,1,93.07,15.47,77.6
OD00001698,ORD0000619,P000965,1,154.18,25.63,128.55
OD00001699,ORD0000620,P002052,1,108.94,15.03,93.91
OD00001700,ORD0000620,P000049,1,84.17,11.62,72.55
OD00001701,ORD0000620,P000728,1,609.04,84.05,524.99
OD00001702,ORD0000621,P001125,1,81.57,27.77,53.8
OD00001703,ORD0000621,P001864,5,34.94,59.47,115.23
OD00001704,ORD0000621,P002015,4,67.71,92.19,178.64999999999998
OD00001705,ORD0000621,P000935,3,19.5,19.91,38.59
OD00001706,ORD0000621,P000934,2,308.2,209.82,406.58
OD00001707,ORD0000622,P001022,2,171.76,97.3,246.22
OD00001708,ORD0000622,P002148,1,54.09,15.32,38.77
OD00001709,ORD0000622,P000097,1,54.28,15.37,38.91
OD00001710,ORD0000622,P001935,1,353.0,99.98,253.02
OD00001711,ORD0000623,P000794,1,231.59,30.64,200.95
OD00001712,ORD0000623,P000889,5,38.25,25.29,165.96
OD00001713,ORD0000623,P002264,1,156.26,20.66,135.6
OD00001714,ORD0000623,P000455,2,62.06,16.41,107.71
OD00001715,ORD0000623,P002148,1,54.09,7.15,46.940000000000005
OD00001716,ORD0000623,P002232,2,24.25,6.41,42.09
OD00001717,ORD0000623,P001671,1,48.0,6.35,41.65
OD00001718,ORD0000623,P000849,1,34.74,4.59,30.15
OD00001719,ORD0000623,P000612,1,32.42,4.29,28.130000000000003
OD00001720,ORD0000623,P001750,1,26.75,3.54,23.21
OD00001721,ORD0000623,P001927,1,20.81,2.75,18.06
OD00001722,ORD0000623,P001996,1,16.16,2.14,14.02
OD00001723,ORD0000624,P000933,1,78.76,14.77,63.99000000000001
OD00001724,ORD0000624,P001058,1,184.92,34.67,150.25
OD00001725,ORD0000625,P000615,5,72.44,16.79,345.41
OD00001726,ORD0000625,P002088,1,43.71,2.03,41.68
OD00001727,ORD0000626,P000657,1,35.83,1.89,33.94
OD00001728,ORD0000626,P000722,1,255.79,13.48,242.31
OD00001729,ORD0000626,P000508,1,112.43,5.93,106.5
OD00001730,ORD0000627,P000870,2,123.04,84.53,161.55
OD00001731,ORD0000627,P000857,1,100.98,34.69,66.29
OD00001732,ORD0000627,P000507,1,80.27,27.58,52.69
OD00001733,ORD0000627,P001661,1,53.94,18.53,35.41
OD00001734,ORD0000628,P002010,2,58.56,28.38,88.74000000000001
OD00001735,ORD0000628,P000491,1,91.39,22.14,69.25
OD00001736,ORD0000629,P000826,1,248.69,58.49,190.2
OD00001737,ORD0000629,P000372,2,76.53,36.0,117.06
OD00001738,ORD0000629,P001769,1,112.65,26.5,86.15
OD00001739,ORD0000629,P001975,1,108.97,25.63,83.34
OD00001740,ORD0000629,P002149,1,32.43,7.63,24.8
OD00001741,ORD0000629,P000346,1,28.74,6.76,21.98
OD00001742,ORD0000629,P001393,1,9.98,2.35,7.630000000000001
OD00001743,ORD0000630,P001625,1,920.97,242.57,678.4000000000001
OD00001744,ORD0000631,P000576,1,271.35,11.44,259.91
OD00001745,ORD0000631,P001646,1,117.6,4.96,112.64
OD00001746,ORD0000631,P000160,1,79.22,3.34,75.88
OD00001747,ORD0000631,P001234,1,80.29,3.38,76.91000000000001
OD00001748,ORD0000631,P001868,1,46.28,1.95,44.33
OD00001749,ORD0000632,P001202,2,133.98,0.96,267.0
OD00001750,ORD0000632,P000428,1,228.69,0.81,227.88
OD00001751,ORD0000632,P002069,2,61.9,0.44,123.36
OD00001752,ORD0000633,P001252,1,19.01,6.78,12.23
OD00001753,ORD0000633,P000496,1,36.73,13.1,23.629999999999995
OD00001754,ORD0000633,P001953,1,56.75,20.24,36.510000000000005
OD00001755,ORD0000633,P001276,3,48.28,51.67,93.17
OD00001756,ORD0000633,P001223,1,175.17,62.49,112.67999999999998
OD00001757,ORD0000634,P001766,3,241.11,240.46,482.87
OD00001758,ORD0000634,P001893,2,96.4,64.1,128.70000000000002
OD00001759,ORD0000634,P001382,3,28.2,28.13,56.47
OD00001760,ORD0000634,P000366,1,29.87,9.93,19.94
OD00001761,ORD0000635,P002100,1,84.84,8.2,76.64
OD00001762,ORD0000635,P002148,1,54.09,5.23,48.86
OD00001763,ORD0000635,P001378,1,243.77,23.57,220.2
OD00001764,ORD0000636,P000329,2,190.35,11.14,369.56
OD00001765,ORD0000636,P000206,1,223.59,6.55,217.04
OD00001766,ORD0000636,P002294,1,81.48,2.39,79.09
OD00001767,ORD0000636,P001941,3,25.45,2.24,74.11
OD00001768,ORD0000637,P000186,1,42.44,13.39,29.05
OD00001769,ORD0000637,P000103,1,286.98,90.53,196.45
OD00001770,ORD0000637,P001163,2,146.38,92.35,200.41
OD00001771,ORD0000638,P001042,1,55.74,17.97,37.77
OD00001772,ORD0000638,P000048,2,46.45,29.94,62.96000000000001
OD00001773,ORD0000638,P002182,1,71.08,22.91,48.17
OD00001774,ORD0000638,P000002,3,40.62,39.28,82.57999999999998
OD00001775,ORD0000639,P000392,2,80.47,8.67,152.27
OD00001776,ORD0000639,P002211,2,55.86,6.02,105.7
OD00001777,ORD0000639,P000445,1,103.95,5.61,98.34
OD00001778,ORD0000639,P000591,1,54.09,2.92,51.17
OD00001779,ORD0000639,P000964,1,11.6,0.63,10.97
OD00001780,ORD0000640,P000417,2,217.17,67.78,366.56
OD00001781,ORD0000640,P000171,1,270.41,42.21,228.2
OD00001782,ORD0000640,P001185,2,32.31,10.09,54.53
OD00001783,ORD0000640,P000233,1,31.95,4.99,26.96
OD00001784,ORD0000641,P000721,1,118.15,28.24,89.91000000000001
OD00001785,ORD0000641,P001240,1,165.0,39.44,125.56
OD00001786,ORD0000641,P001565,1,159.08,38.02,121.06
OD00001787,ORD0000642,P002267,1,327.63,24.42,303.21
OD00001788,ORD0000642,P001498,1,417.31,31.1,386.21
OD00001789,ORD0000643,P001539,1,27.42,9.82,17.6
OD00001790,ORD0000643,P001479,2,82.15,58.86,105.44
OD00001791,ORD0000643,P000594,1,33.4,11.96,21.44
OD00001792,ORD0000643,P001521,2,80.03,57.34,102.72
OD00001793,ORD0000644,P000198,2,23.36,9.71,37.01
OD00001794,ORD0000644,P000827,1,64.77,13.46,51.31
OD00001795,ORD0000644,P001980,1,119.71,24.87,94.84
OD00001796,ORD0000645,P002148,1,54.09,16.69,37.400000000000006
OD00001797,ORD0000645,P001294,2,10.03,6.19,13.869999999999996
OD00001798,ORD0000645,P000562,2,169.19,104.4,233.98
OD00001799,ORD0000646,P000716,1,23.57,1.56,22.01
OD00001800,ORD0000646,P000668,2,50.67,6.7,94.64
OD00001801,ORD0000646,P001159,1,40.45,2.67,37.78
OD00001802,ORD0000646,P000882,1,39.72,2.62,37.1
OD00001803,ORD0000647,P001608,1,51.31,9.21,42.1
OD00001804,ORD0000647,P000021,2,61.51,22.08,100.94
OD00001805,ORD0000647,P000858,1,36.48,6.55,29.93
OD00001806,ORD0000647,P000538,1,62.85,11.28,51.57
OD00001807,ORD0000648,P000672,2,173.06,43.32,302.8
OD00001808,ORD0000648,P001394,1,101.9,12.75,89.15
OD00001809,ORD0000648,P000434,1,47.9,6.0,41.9
OD00001810,ORD0000648,P002106,1,229.38,28.71,200.67
OD00001811,ORD0000648,P000114,1,581.22,72.74,508.48
OD00001812,ORD0000649,P001311,3,77.31,92.03,139.9
OD00001813,ORD0000649,P000177,2,157.31,124.84,189.78
OD00001814,ORD0000650,P001073,1,58.1,11.09,47.010000000000005
OD00001815,ORD0000650,P000438,3,93.07,53.28,225.93
OD00001816,ORD0000650,P001173,1,191.51,36.54,154.97
OD00001817,ORD0000651,P000831,1,216.46,47.85,168.61
OD00001818,ORD0000651,P001403,1,271.04,59.91,211.13
OD00001819,ORD0000652,P000672,2,173.06,133.54,212.58
OD00001820,ORD0000653,P001768,2,190.53,113.48,267.58
OD00001821,ORD0000654,P000450,2,191.98,115.63,268.33
OD00001822,ORD0000654,P000991,1,51.61,15.54,36.07
OD00001823,ORD0000654,P000871,2,111.44,67.12,155.76
OD00001824,ORD0000655,P000978,1,224.75,75.35,149.4
OD00001825,ORD0000655,P001388,3,491.11,493.95,979.38
OD00001826,ORD0000656,P002074,1,66.39,3.86,62.53
OD00001827,ORD0000656,P000457,2,134.83,15.67,253.99000000000004
OD00001828,ORD0000657,P000246,1,19.08,5.72,13.36
OD00001829,ORD0000657,P001197,1,105.77,31.72,74.05
OD00001830,ORD0000657,P001227,1,33.39,10.01,23.380000000000003
OD00001831,ORD0000657,P002046,2,105.02,62.98,147.06
OD00001832,ORD0000657,P002054,1,55.55,16.66,38.89
OD00001833,ORD0000657,P000428,1,228.69,68.57,160.12
OD00001834,ORD0000658,P001301,1,111.71,36.76,74.95
OD00001835,ORD0000658,P002154,1,93.75,30.86,62.89
OD00001836,ORD0000658,P002248,4,10.98,14.46,29.46
OD00001837,ORD0000659,P000093,1,80.65,18.78,61.870000000000005
OD00001838,ORD0000659,P002218,2,87.69,40.84,134.54
OD00001839,ORD0000660,P001923,1,23.49,0.42,23.07
OD00001840,ORD0000660,P000165,1,204.93,3.62,201.31
OD00001841,ORD0000660,P001167,1,25.09,0.44,24.65
OD00001842,ORD0000661,P001923,1,23.49,2.81,20.68
OD00001843,ORD0000661,P001992,1,29.94,3.58,26.36
OD00001844,ORD0000661,P000724,1,31.8,3.81,27.99
OD00001845,ORD0000661,P002146,1,60.76,7.28,53.48
OD00001846,ORD0000661,P000903,1,66.6,7.97,58.63
OD00001847,ORD0000661,P000338,1,64.44,7.72,56.72
OD00001848,ORD0000661,P001168,1,244.78,29.31,215.47
OD00001849,ORD0000662,P000982,5,11.05,21.9,33.35
OD00001850,ORD0000662,P002186,2,274.4,217.51,331.29
OD00001851,ORD0000663,P001719,2,37.8,10.82,64.78
OD00001852,ORD0000663,P001971,1,78.74,11.27,67.47
OD00001853,ORD0000663,P000180,2,41.7,11.94,71.46000000000001
OD00001854,ORD0000663,P000945,2,76.62,21.94,131.3
OD00001855,ORD0000664,P000912,1,56.02,12.64,43.38
OD00001856,ORD0000664,P001928,3,117.7,79.64,273.46000000000004
OD00001857,ORD0000665,P001421,5,9.63,5.88,42.27
OD00001858,ORD0000665,P000150,1,65.77,8.04,57.73
OD00001859,ORD0000666,P000603,1,332.11,22.91,309.2
OD00001860,ORD0000666,P000031,1,95.77,6.61,89.16
OD00001861,ORD0000666,P000471,4,72.25,19.94,269.06
OD00001862,ORD0000666,P001117,1,157.3,10.85,146.45000000000002
OD00001863,ORD0000667,P000750,1,265.76,90.78,174.98
OD00001864,ORD0000667,P001335,1,53.15,18.16,34.989999999999995
OD00001865,ORD0000667,P000346,1,28.74,9.82,18.92
OD00001866,ORD0000668,P001718,1,216.08,41.36,174.72
OD00001867,ORD0000668,P000119,2,56.16,21.49,90.83
OD00001868,ORD0000668,P000590,1,92.56,17.71,74.85
OD00001869,ORD0000669,P001479,2,82.15,30.36,133.94
OD00001870,ORD0000669,P001679,2,10.6,3.92,17.28
OD00001871,ORD0000669,P000897,1,89.11,16.46,72.65
OD00001872,ORD0000670,P000632,1,649.29,171.92,477.37
OD00001873,ORD0000671,P000925,3,115.52,112.25,234.31
OD00001874,ORD0000671,P002188,3,234.61,227.96,475.87
OD00001875,ORD0000672,P000378,1,117.05,39.89,77.16
OD00001876,ORD0000672,P000097,1,54.28,18.5,35.78
OD00001877,ORD0000672,P000075,5,56.67,96.58,186.77000000000004
OD00001878,ORD0000673,P001540,1,32.08,0.34,31.74
OD00001879,ORD0000673,P001644,1,29.68,0.31,29.37
OD00001880,ORD0000673,P001521,2,80.03,1.7,158.36
OD00001881,ORD0000674,P001089,1,507.16,18.52,488.64
OD00001882,ORD0000674,P001210,2,36.08,2.64,69.52
OD00001883,ORD0000674,P001999,1,48.77,1.78,46.99
OD00001884,ORD0000674,P001936,1,48.11,1.76,46.35
OD00001885,ORD0000674,P001716,1,47.64,1.74,45.9
OD00001886,ORD0000674,P001365,3,12.98,1.42,37.52
OD00001887,ORD0000674,P002127,1,36.35,1.33,35.02
OD00001888,ORD0000675,P001367,1,248.01,71.71,176.3
OD00001889,ORD0000675,P001929,1,136.7,39.52,97.17999999999998
OD00001890,ORD0000675,P000817,3,38.77,33.63,82.68
OD00001891,ORD0000675,P001022,2,171.76,99.32,244.2
OD00001892,ORD0000675,P002311,1,450.48,130.25,320.23
OD00001893,ORD0000676,P001216,4,101.43,108.65,297.07
OD00001894,ORD0000676,P001769,2,112.65,60.34,164.96
OD00001895,ORD0000676,P001457,1,126.08,33.77,92.31
OD00001896,ORD0000676,P002148,1,54.09,14.49,39.6
OD00001897,ORD0000676,P001644,1,29.68,7.95,21.73
OD00001898,ORD0000677,P001628,1,216.17,49.51,166.66
OD00001899,ORD0000677,P001197,1,105.77,24.23,81.53999999999999
OD00001900,ORD0000677,P001234,1,80.29,18.39,61.900000000000006
OD00001901,ORD0000677,P000025,1,34.17,7.83,26.340000000000003
OD00001902,ORD0000678,P001884,2,112.93,73.73,152.13
OD00001903,ORD0000679,P000420,1,88.09,30.45,57.64
OD00001904,ORD0000679,P000172,1,306.9,106.09,200.81
OD00001905,ORD0000680,P002166,1,191.2,8.27,182.93
OD00001906,ORD0000680,P002127,3,36.35,4.71,104.34000000000002
OD00001907,ORD0000680,P000346,1,28.74,1.24,27.5
OD00001908,ORD0000681,P000205,1,40.84,6.61,34.230000000000004
OD00001909,ORD0000681,P001638,1,26.25,4.25,22.0
OD00001910,ORD0000681,P000706,3,81.55,39.58,205.07
OD00001911,ORD0000681,P000790,1,96.36,15.59,80.77
OD00001912,ORD0000682,P002197,1,317.57,54.86,262.71
OD00001913,ORD0000682,P000719,1,264.73,45.72,219.01
OD00001914,ORD0000682,P002214,2,26.99,9.32,44.66
OD00001915,ORD0000682,P000743,1,36.09,6.23,29.860000000000003
OD00001916,ORD0000682,P000482,1,14.8,2.56,12.24
OD00001917,ORD0000683,P001570,1,230.66,7.72,222.94
OD00001918,ORD0000683,P001072,1,176.87,5.93,170.94
OD00001919,ORD0000683,P000757,2,41.35,2.77,79.93
OD00001920,ORD0000683,P000085,1,34.24,1.15,33.09
OD00001921,ORD0000684,P001686,4,134.87,57.99,481.49
OD00001922,ORD0000685,P001880,1,44.35,3.44,40.91
OD00001923,ORD0000685,P001404,1,351.24,27.23,324.01
OD00001924,ORD0000686,P001114,1,282.12,7.94,274.18
OD00001925,ORD0000687,P001543,1,77.18,22.81,54.370000000000005
OD00001926,ORD0000687,P000022,5,45.27,66.89,159.46000000000004
OD00001927,ORD0000687,P001206,4,12.4,14.66,34.94
OD00001928,ORD0000687,P001438,2,74.69,44.14,105.24
OD00001929,ORD0000688,P000644,3,211.75,197.79,437.46
OD00001930,ORD0000688,P000507,1,80.27,24.99,55.28
OD00001931,ORD0000688,P002027,2,36.46,22.7,50.22
OD00001932,ORD0000688,P000564,1,30.78,9.58,21.200000000000003
OD00001933,ORD0000688,P002190,1,16.51,5.14,11.37
OD00001934,ORD0000689,P000677,2,302.59,96.94,508.24
OD00001935,ORD0000689,P000851,1,109.02,17.46,91.56
OD00001936,ORD0000689,P001470,1,78.81,12.62,66.19
OD00001937,ORD0000690,P000190,1,181.94,36.9,145.04
OD00001938,ORD0000690,P002060,4,17.89,14.51,57.05
OD00001939,ORD0000690,P002012,1,33.13,6.72,26.410000000000004
OD00001940,ORD0000690,P002014,2,43.03,17.45,68.61
OD00001941,ORD0000691,P001923,1,23.49,7.7,15.79
OD00001942,ORD0000691,P002150,1,158.84,52.04,106.8
OD00001943,ORD0000692,P000692,1,216.56,38.87,177.69
OD00001944,ORD0000693,P001119,3,86.78,46.78,213.56
OD00001945,ORD0000693,P000559,3,56.08,30.24,138.0
OD00001946,ORD0000693,P001090,3,37.11,20.01,91.32
OD00001947,ORD0000694,P001204,3,100.31,47.58,253.35
OD00001948,ORD0000694,P001445,1,53.4,8.44,44.96
OD00001949,ORD0000694,P001538,2,34.19,10.81,57.56999999999999
OD00001950,ORD0000694,P002026,1,1066.17,168.57,897.6000000000001
OD00001951,ORD0000695,P000624,1,271.96,5.22,266.73999999999995
OD00001952,ORD0000696,P001364,3,150.16,40.84,409.64
OD00001953,ORD0000697,P000525,2,60.39,44.15,76.63
OD00001954,ORD0000697,P000933,1,78.76,28.8,49.96000000000001
OD00001955,ORD0000697,P002126,2,34.09,24.93,43.25000000000001
OD00001956,ORD0000698,P000488,1,166.19,44.63,121.56
OD00001957,ORD0000698,P000130,2,47.74,25.64,69.84
OD00001958,ORD0000698,P000933,1,78.76,21.15,57.61000000000001
OD00001959,ORD0000698,P000838,1,37.63,10.1,27.53
OD00001960,ORD0000698,P001293,1,33.57,9.01,24.56
OD00001961,ORD0000699,P001989,1,266.51,41.3,225.21
OD00001962,ORD0000699,P001552,1,59.4,9.2,50.2
OD00001963,ORD0000700,P001130,2,170.45,5.83,335.07
OD00001964,ORD0000700,P000438,2,93.07,3.18,182.96
OD00001965,ORD0000700,P001698,3,16.22,0.83,47.83
OD00001966,ORD0000700,P000577,2,12.6,0.43,24.77
OD00001967,ORD0000700,P000302,2,10.64,0.36,20.92
OD00001968,ORD0000701,P001445,1,53.4,7.27,46.13
OD00001969,ORD0000701,P000414,1,68.27,9.3,58.97
OD00001970,ORD0000701,P000226,1,41.66,5.67,35.989999999999995
OD00001971,ORD0000701,P000208,3,36.35,14.85,94.20000000000002
OD00001972,ORD0000701,P000313,1,66.79,9.1,57.690000000000005
OD00001973,ORD0000701,P000179,1,20.62,2.81,17.810000000000002
OD00001974,ORD0000701,P001713,1,88.56,12.06,76.5
OD00001975,ORD0000702,P001459,1,170.01,16.8,153.20999999999998
OD00001976,ORD0000702,P000248,1,11.21,1.11,10.1
OD00001977,ORD0000702,P001818,2,35.43,7.0,63.86
OD00001978,ORD0000703,P000220,2,53.49,3.62,103.36
OD00001979,ORD0000703,P001997,1,71.56,2.41,69.15
OD00001980,ORD0000703,P000521,1,55.59,1.87,53.720000000000006
OD00001981,ORD0000703,P001868,1,46.28,1.56,44.72
OD00001982,ORD0000703,P001585,1,43.17,1.45,41.72
OD00001983,ORD0000703,P000930,1,38.86,1.31,37.55
OD00001984,ORD0000703,P001539,1,27.42,0.92,26.5
OD00001985,ORD0000703,P000084,1,27.33,0.92,26.41
OD00001986,ORD0000703,P001252,1,19.01,0.64,18.37
OD00001987,ORD0000704,P001329,2,132.44,63.85,201.03
OD00001988,ORD0000705,P000465,3,117.81,66.46,286.97
OD00001989,ORD0000706,P001112,1,204.97,77.1,127.87
OD00001990,ORD0000706,P000630,2,258.76,194.66,322.86
OD00001991,ORD0000707,P000041,2,273.11,171.77,374.4500000000001
OD00001992,ORD0000708,P001709,1,10.37,1.64,8.729999999999999
OD00001993,ORD0000708,P001752,2,125.14,39.46,210.82
OD00001994,ORD0000709,P001343,1,747.65,206.45,541.2
OD00001995,ORD0000709,P001366,2,71.19,39.31,103.07
OD00001996,ORD0000709,P000971,1,45.6,12.59,33.010000000000005
OD00001997,ORD0000710,P000954,2,100.72,71.08,130.36
OD00001998,ORD0000710,P001342,1,108.75,38.37,70.38
OD00001999,ORD0000710,P001698,4,16.22,22.89,41.99
OD00002000,ORD0000710,P000122,1,13.73,4.84,8.89
OD00002001,ORD0000711,P001713,3,88.56,77.09,188.59
OD00002002,ORD0000711,P001624,1,225.32,65.37,159.95
OD00002003,ORD0000711,P000264,2,49.44,28.69,70.19
OD00002004,ORD0000711,P001848,2,42.95,24.92,60.98
OD00002005,ORD0000711,P001878,3,23.21,20.2,49.42999999999999
OD00002006,ORD0000712,P001721,2,163.99,121.27,206.71000000000004
OD00002007,ORD0000713,P001180,5,42.45,47.83,164.42
OD00002008,ORD0000713,P001668,4,42.23,38.06,130.86
OD00002009,ORD0000713,P000526,1,100.03,22.54,77.49000000000001
OD00002010,ORD0000713,P001077,2,44.14,19.89,68.39
OD00002011,ORD0000713,P001014,1,36.97,8.33,28.64
OD00002012,ORD0000713,P001286,1,23.89,5.38,18.51
OD00002013,ORD0000714,P001677,1,364.5,142.35,222.15
OD00002014,ORD0000715,P001646,2,117.6,44.37,190.83
OD00002015,ORD0000715,P001359,3,71.6,40.53,174.26999999999998
OD00002016,ORD0000716,P001032,2,9.94,0.36,19.52
OD00002017,ORD0000716,P000675,3,27.33,1.51,80.47999999999999
OD00002018,ORD0000717,P000708,3,80.43,25.7,215.59000000000003
OD00002019,ORD0000717,P001507,1,66.23,7.06,59.17
OD00002020,ORD0000718,P001497,2,101.53,78.11,124.95
OD00002021,ORD0000718,P001029,1,181.19,69.71,111.48
OD00002022,ORD0000718,P001652,1,30.01,11.55,18.46
OD00002023,ORD0000719,P001532,1,620.97,11.34,609.63
OD00002024,ORD0000720,P000792,2,62.69,39.55,85.83
OD00002025,ORD0000720,P001688,1,91.28,28.79,62.49
OD00002026,ORD0000720,P000694,1,367.97,116.08,251.89000000000004
OD00002027,ORD0000721,P002289,1,103.63,13.76,89.86999999999999
OD00002028,ORD0000722,P001694,2,26.68,18.76,34.599999999999994
OD00002029,ORD0000722,P000621,2,44.99,31.64,58.34
OD00002030,ORD0000722,P000036,2,151.09,106.25,195.93
OD00002031,ORD0000722,P002312,1,508.36,178.74,329.62
OD00002032,ORD0000723,P001306,1,63.83,12.41,51.42
OD00002033,ORD0000723,P000657,1,35.83,6.97,28.86
OD00002034,ORD0000723,P001987,2,112.95,43.91,181.99
OD00002035,ORD0000723,P000416,3,28.45,16.59,68.75999999999999
OD00002036,ORD0000724,P000358,2,164.89,48.0,281.78
OD00002037,ORD0000725,P000707,3,164.34,56.08,436.94
OD00002038,ORD0000726,P000544,1,637.46,237.59,399.87
OD00002039,ORD0000726,P002037,1,683.15,254.62,428.53
OD00002040,ORD0000727,P000355,2,125.67,14.28,237.06
OD00002041,ORD0000727,P000724,1,31.8,1.81,29.99
OD00002042,ORD0000727,P000415,1,56.28,3.2,53.08
OD00002043,ORD0000727,P001550,1,36.92,2.1,34.82
OD00002044,ORD0000727,P001113,1,20.44,1.16,19.28
OD00002045,ORD0000727,P001930,1,26.89,1.53,25.36
OD00002046,ORD0000727,P002149,1,32.43,1.84,30.59
OD00002047,ORD0000728,P001631,3,94.88,4.53,280.11
OD00002048,ORD0000728,P000378,2,117.05,3.72,230.38
OD00002049,ORD0000728,P000937,4,24.1,1.53,94.87
OD00002050,ORD0000728,P002094,4,17.56,1.12,69.11999999999999
OD00002051,ORD0000728,P001245,1,67.57,1.07,66.5
OD00002052,ORD0000728,P001964,4,13.88,0.88,54.64
OD00002053,ORD0000729,P002055,1,26.6,9.81,16.79
OD00002054,ORD0000729,P001184,1,129.74,47.87,81.87
OD00002055,ORD0000729,P002016,1,23.58,8.7,14.88
OD00002056,ORD0000729,P000380,2,60.87,44.92,76.82
OD00002057,ORD0000730,P001859,3,97.73,96.75,196.44
OD00002058,ORD0000731,P001347,1,32.08,9.89,22.19
OD00002059,ORD0000731,P001091,1,216.52,66.79,149.73000000000002
OD00002060,ORD0000732,P001352,2,41.54,17.14,65.94
OD00002061,ORD0000732,P000427,1,251.87,51.95,199.92
OD00002062,ORD0000733,P001493,1,486.59,129.11,357.48
OD00002063,ORD0000733,P000965,2,154.18,81.83,226.53000000000003
OD00002064,ORD0000733,P000937,1,24.1,6.4,17.700000000000003
OD00002065,ORD0000734,P002114,1,399.72,113.38,286.34
OD00002066,ORD0000734,P001629,1,320.73,90.98,229.75
OD00002067,ORD0000734,P000027,1,113.01,32.06,80.95
OD00002068,ORD0000734,P000508,1,112.43,31.89,80.54
OD00002069,ORD0000734,P000173,2,25.33,14.37,36.29
OD00002070,ORD0000734,P002232,1,24.25,6.88,17.37
OD00002071,ORD0000734,P002271,1,9.82,2.79,7.03
OD00002072,ORD0000735,P002147,1,761.78,15.99,745.79
OD00002073,ORD0000736,P000624,1,271.96,98.98,172.97999999999996
OD00002074,ORD0000737,P000624,1,271.96,15.36,256.6
OD00002075,ORD0000737,P001526,3,27.35,4.64,77.41000000000001
OD00002076,ORD0000737,P001065,1,71.66,4.05,67.61
OD00002077,ORD0000737,P000890,1,34.44,1.95,32.489999999999995
OD00002078,ORD0000738,P001079,1,32.97,7.25,25.72
OD00002079,ORD0000738,P001869,2,133.82,58.83,208.81
OD00002080,ORD0000738,P001125,1,81.57,17.93,63.63999999999999
OD00002081,ORD0000738,P000620,2,17.31,7.61,27.01
OD00002082,ORD0000738,P001803,1,222.61,48.93,173.68
OD00002083,ORD0000739,P000220,1,53.49,20.15,33.34
OD00002084,ORD0000739,P000470,2,119.45,90.0,148.9
OD00002085,ORD0000739,P002028,1,374.55,141.11,233.44
OD00002086,ORD0000740,P000064,1,632.96,60.93,572.0300000000001
OD00002087,ORD0000741,P000879,1,39.68,5.14,34.54
OD00002088,ORD0000741,P002310,1,220.84,28.6,192.24
OD00002089,ORD0000741,P001693,2,88.15,22.84,153.46
OD00002090,ORD0000742,P000870,2,123.04,32.06,214.02
OD00002091,ORD0000742,P000482,4,14.8,7.72,51.48
OD00002092,ORD0000742,P002155,1,39.19,5.11,34.08
OD00002093,ORD0000742,P000398,1,31.28,4.08,27.200000000000003
OD00002094,ORD0000743,P001416,1,135.23,38.93,96.29999999999998
OD00002095,ORD0000743,P000688,1,40.73,11.73,29.0
OD00002096,ORD0000743,P000486,1,60.44,17.4,43.04
OD00002097,ORD0000743,P000502,2,169.35,97.51,241.19
OD00002098,ORD0000744,P000165,1,204.93,62.98,141.95000000000002
OD00002099,ORD0000744,P001588,1,295.97,90.95,205.02000000000004
OD00002100,ORD0000745,P001773,1,308.32,99.09,209.23
OD00002101,ORD0000746,P000465,2,117.81,0.02,235.6
OD00002102,ORD0000746,P000369,2,57.81,0.0,115.62
OD00002103,ORD0000746,P001987,1,112.95,0.0,112.95
OD00002104,ORD0000747,P001634,1,79.9,13.9,66.0
OD00002105,ORD0000747,P000668,2,50.67,17.64,83.7
OD00002106,ORD0000747,P002013,1,245.47,42.72,202.75
OD00002107,ORD0000748,P001232,2,93.42,36.97,149.87
OD00002108,ORD0000749,P000624,1,271.96,61.67,210.29
OD00002109,ORD0000749,P000574,1,111.89,25.37,86.52
OD00002110,ORD0000749,P002012,2,33.13,15.02,51.24000000000001
OD00002111,ORD0000749,P000538,1,62.85,14.25,48.6
OD00002112,ORD0000749,P002223,2,17.24,7.82,26.66
OD00002113,ORD0000749,P002021,2,13.15,5.96,20.34
OD00002114,ORD0000750,P000919,2,87.17,47.93,126.41
OD00002115,ORD0000750,P000947,1,49.8,13.69,36.11
OD00002116,ORD0000750,P000558,1,92.47,25.42,67.05
OD00002117,ORD0000750,P000884,1,217.27,59.73,157.54000000000002
OD00002118,ORD0000750,P001231,3,105.69,87.16,229.91
OD00002119,ORD0000751,P000338,2,64.44,25.22,103.66
OD00002120,ORD0000751,P002103,1,150.82,29.52,121.3
OD00002121,ORD0000751,P000641,1,359.55,70.37,289.18
OD00002122,ORD0000752,P001070,1,149.47,53.85,95.62
OD00002123,ORD0000752,P001204,1,100.31,36.15,64.16
OD00002124,ORD0000752,P000745,1,91.93,33.13,58.8
OD00002125,ORD0000753,P000426,2,97.62,10.43,184.81
OD00002126,ORD0000753,P001711,2,14.26,1.52,27.0
OD00002127,ORD0000753,P002218,2,87.69,9.37,166.01
OD00002128,ORD0000753,P001832,5,17.83,4.76,84.38999999999999
OD00002129,ORD0000754,P000049,1,84.17,31.86,52.31
OD00002130,ORD0000754,P001577,1,94.02,35.58,58.44
OD00002131,ORD0000755,P000394,1,26.03,1.66,24.37
OD00002132,ORD0000755,P000884,1,217.27,13.89,203.38
OD00002133,ORD0000755,P001960,2,25.15,3.22,47.08
OD00002134,ORD0000755,P000924,1,23.55,1.51,22.04
OD00002135,ORD0000755,P001716,1,47.64,3.05,44.59
OD00002136,ORD0000755,P002155,1,39.19,2.5,36.69
OD00002137,ORD0000755,P000583,2,63.06,8.06,118.06
OD00002138,ORD0000755,P000760,3,45.21,8.67,126.96
OD00002139,ORD0000755,P001271,4,24.38,6.23,91.29
OD00002140,ORD0000755,P001930,1,26.89,1.72,25.17
OD00002141,ORD0000755,P001790,1,36.35,2.32,34.03
OD00002142,ORD0000755,P000878,1,57.91,3.7,54.21
OD00002143,ORD0000756,P001837,1,585.25,196.96,388.29
OD00002144,ORD0000757,P001061,2,285.79,175.42,396.16
OD00002145,ORD0000757,P002133,2,130.47,80.09,180.85
OD00002146,ORD0000757,P000150,3,65.77,60.56,136.75
OD00002147,ORD0000757,P000657,1,35.83,11.0,24.83
OD00002148,ORD0000757,P001539,1,27.42,8.42,19.0
OD00002149,ORD0000758,P000014,2,207.13,104.05,310.21
OD00002150,ORD0000759,P001137,1,270.26,29.86,240.4
OD00002151,ORD0000759,P000427,1,251.87,27.84,224.03
OD00002152,ORD0000759,P002140,1,161.06,17.8,143.26
OD00002153,ORD0000759,P000749,1,143.15,15.82,127.33
OD00002154,ORD0000759,P000615,1,72.44,8.01,64.42999999999999
OD00002155,ORD0000760,P002310,3,220.84,45.15,617.37
OD00002156,ORD0000760,P001684,2,101.8,13.88,189.72
OD00002157,ORD0000761,P001710,2,228.94,135.11,322.77
OD00002158,ORD0000762,P000608,3,84.5,67.97,185.53
OD00002159,ORD0000762,P000925,2,115.52,61.95,169.08999999999995
OD00002160,ORD0000763,P001212,1,310.45,87.6,222.85
OD00002161,ORD0000764,P000445,2,103.95,15.33,192.57
OD00002162,ORD0000764,P001120,1,107.18,7.9,99.28
OD00002163,ORD0000765,P000942,1,32.92,8.22,24.700000000000003
OD00002164,ORD0000765,P000338,5,64.44,80.41,241.79
OD00002165,ORD0000765,P001860,2,291.13,145.32,436.94
OD00002166,ORD0000766,P000719,1,264.73,85.99,178.74
OD00002167,ORD0000766,P002287,1,39.93,12.97,26.96
OD00002168,ORD0000766,P001190,1,146.81,47.68,99.13
OD00002169,ORD0000766,P001826,3,27.03,26.34,54.75
OD00002170,ORD0000766,P001154,1,275.09,89.35,185.74
OD00002171,ORD0000767,P000206,2,223.59,156.73,290.45
OD00002172,ORD0000767,P000800,2,172.5,120.91,224.09
OD00002173,ORD0000767,P000257,4,35.24,49.4,91.56
OD00002174,ORD0000768,P000418,3,174.49,18.86,504.61
OD00002175,ORD0000769,P001176,1,136.96,37.82,99.14
OD00002176,ORD0000769,P002155,1,39.19,10.82,28.37
OD00002177,ORD0000769,P000345,1,318.63,87.99,230.64
OD00002178,ORD0000770,P001331,2,189.56,132.71,246.41
OD00002179,ORD0000771,P000236,2,11.77,7.1,16.439999999999998
OD00002180,ORD0000771,P000208,1,36.35,10.97,25.380000000000003
OD00002181,ORD0000771,P001764,1,34.28,10.35,23.93
OD00002182,ORD0000771,P000919,2,87.17,52.62,121.72
OD00002183,ORD0000771,P001934,2,57.21,34.53,79.89
OD00002184,ORD0000771,P000154,2,171.06,103.26,238.86
OD00002185,ORD0000772,P000813,1,289.11,72.82,216.29
OD00002186,ORD0000772,P002217,4,38.76,39.06,115.98
OD00002187,ORD0000772,P002115,1,108.8,27.41,81.39
OD00002188,ORD0000772,P000129,2,12.66,6.38,18.94
OD00002189,ORD0000773,P001839,1,187.37,38.67,148.7
OD00002190,ORD0000773,P001743,1,82.14,16.95,65.19
OD00002191,ORD0000774,P001996,5,16.16,4.91,75.89
OD00002192,ORD0000774,P002130,1,164.02,9.98,154.04000000000002
OD00002193,ORD0000775,P001980,4,119.71,115.83,363.01
OD00002194,ORD0000775,P002214,4,26.99,26.11,81.85
OD00002195,ORD0000775,P002268,4,17.18,16.62,52.1
OD00002196,ORD0000776,P001543,2,77.18,18.94,135.42000000000002
OD00002197,ORD0000776,P002248,2,10.98,2.69,19.27
OD00002198,ORD0000776,P001736,2,44.44,10.91,77.97
OD00002199,ORD0000776,P001657,3,30.71,11.3,80.83
OD00002200,ORD0000776,P000346,1,28.74,3.53,25.21
OD00002201,ORD0000776,P000022,2,45.27,11.11,79.43
OD00002202,ORD0000777,P001065,1,71.66,20.37,51.28999999999999
OD00002203,ORD0000777,P001868,1,46.28,13.16,33.120000000000005
OD00002204,ORD0000777,P001293,1,33.57,9.54,24.03
OD00002205,ORD0000777,P002126,3,34.09,29.07,73.20000000000002
OD00002206,ORD0000777,P001622,3,27.21,23.21,58.42
OD00002207,ORD0000777,P001042,1,55.74,15.85,39.89
OD00002208,ORD0000777,P001937,1,58.81,16.72,42.09
OD00002209,ORD0000777,P001547,1,41.35,11.75,29.6
OD00002210,ORD0000777,P001542,2,162.43,92.35,232.51
OD00002211,ORD0000778,P001676,1,174.55,18.45,156.10000000000002
OD00002212,ORD0000778,P000566,2,14.91,3.15,26.67
OD00002213,ORD0000779,P001321,2,124.39,84.37,164.41
OD00002214,ORD0000779,P000821,3,53.31,54.23,105.70000000000002
OD00002215,ORD0000780,P001167,1,25.09,4.3,20.79
OD00002216,ORD0000780,P000612,1,32.42,5.56,26.860000000000003
OD00002217,ORD0000780,P000105,1,198.95,34.1,164.85
OD00002218,ORD0000781,P001951,1,95.32,8.08,87.24
OD00002219,ORD0000781,P001412,2,63.56,10.77,116.35
OD00002220,ORD0000781,P002294,1,81.48,6.91,74.57000000000001
OD00002221,ORD0000782,P000224,2,111.14,4.25,218.03
OD00002222,ORD0000783,P000417,1,217.17,1.47,215.7
OD00002223,ORD0000784,P001528,2,121.63,8.49,234.77
OD00002224,ORD0000784,P002103,1,150.82,5.27,145.54999999999998
OD00002225,ORD0000784,P001293,1,33.57,1.17,32.4
OD00002226,ORD0000784,P000912,1,56.02,1.96,54.06
OD00002227,ORD0000785,P001674,1,50.34,18.24,32.10000000000001
OD00002228,ORD0000785,P001962,1,21.74,7.88,13.86
OD00002229,ORD0000785,P000057,3,254.75,276.98,487.27
OD00002230,ORD0000786,P002099,3,31.63,36.48,58.41
OD00002231,ORD0000786,P000057,1,254.75,97.93,156.82
OD00002232,ORD0000787,P001253,2,260.87,202.47,319.27
OD00002233,ORD0000787,P000236,2,11.77,9.14,14.4
OD00002234,ORD0000787,P001561,1,9.17,3.56,5.609999999999999
OD00002235,ORD0000788,P001877,1,387.98,4.28,383.7000000000001
OD00002236,ORD0000789,P001190,2,146.81,91.26,202.36
OD00002237,ORD0000789,P000368,1,166.03,51.6,114.43
OD00002238,ORD0000789,P000515,1,95.92,29.81,66.11
OD00002239,ORD0000789,P000102,2,179.48,111.57,247.39
OD00002240,ORD0000790,P001265,5,55.04,86.64,188.56
OD00002241,ORD0000790,P001137,1,270.26,85.08,185.18
OD00002242,ORD0000791,P001349,1,178.81,17.31,161.5
OD00002243,ORD0000791,P000864,1,188.84,18.28,170.56
OD00002244,ORD0000792,P001900,1,186.85,13.49,173.36
OD00002245,ORD0000793,P002138,1,396.22,85.26,310.96000000000004
OD00002246,ORD0000793,P002150,1,158.84,34.18,124.66
OD00002247,ORD0000794,P000971,1,45.6,7.25,38.35
OD00002248,ORD0000794,P001994,1,96.0,15.26,80.74
OD00002249,ORD0000794,P001351,2,83.98,26.71,141.25
OD00002250,ORD0000794,P001098,1,103.76,16.5,87.26
OD00002251,ORD0000795,P000898,1,282.83,40.65,242.18
OD00002252,ORD0000795,P000594,5,33.4,24.0,143.0
OD00002253,ORD0000796,P001265,1,55.04,20.11,34.93
OD00002254,ORD0000796,P002154,4,93.75,136.98,238.02
OD00002255,ORD0000797,P000208,1,36.35,5.4,30.950000000000003
OD00002256,ORD0000797,P000173,1,25.33,3.77,21.56
OD00002257,ORD0000797,P000421,2,51.63,15.35,87.91000000000001
OD00002258,ORD0000797,P000776,1,107.67,16.01,91.66
OD00002259,ORD0000798,P001314,2,35.98,4.33,67.63
OD00002260,ORD0000798,P002060,4,17.89,4.31,67.25
OD00002261,ORD0000798,P001731,2,72.87,8.78,136.96
OD00002262,ORD0000798,P000502,1,169.35,10.2,159.15
OD00002263,ORD0000798,P000080,1,48.45,2.92,45.53
OD00002264,ORD0000799,P000710,3,53.84,47.28,114.24
OD00002265,ORD0000799,P000991,1,51.61,15.11,36.5
OD00002266,ORD0000799,P001531,1,112.69,32.99,79.69999999999999
OD00002267,ORD0000800,P002054,1,55.55,14.59,40.96
OD00002268,ORD0000800,P000576,2,271.35,142.49,400.21
OD00002269,ORD0000801,P000488,2,166.19,44.64,287.74
OD00002270,ORD0000802,P000237,1,11.01,0.07,10.94
OD00002271,ORD0000802,P001976,1,467.0,3.14,463.86
OD00002272,ORD0000802,P001458,5,61.68,2.07,306.33
OD00002273,ORD0000803,P002136,1,55.3,12.99,42.31
OD00002274,ORD0000803,P000217,1,438.87,103.06,335.81
OD00002275,ORD0000804,P000876,3,77.57,67.92,164.78999999999996
OD00002276,ORD0000805,P001770,1,23.73,8.76,14.97
OD00002277,ORD0000805,P002181,1,53.6,19.78,33.82
OD00002278,ORD0000805,P000725,1,204.83,75.61,129.22000000000003
OD00002279,ORD0000805,P001855,1,172.01,63.49,108.51999999999998
OD00002280,ORD0000806,P001531,2,112.69,55.71,169.67
OD00002281,ORD0000807,P001849,1,189.02,19.18,169.84
OD00002282,ORD0000808,P000169,1,325.61,5.83,319.78000000000003
OD00002283,ORD0000808,P001963,3,87.3,4.69,257.21
OD00002284,ORD0000808,P001654,1,224.8,4.02,220.78
OD00002285,ORD0000808,P000264,2,49.44,1.77,97.11
OD00002286,ORD0000808,P001306,2,63.83,2.28,125.38
OD00002287,ORD0000809,P000255,1,160.23,50.15,110.07999999999998
OD00002288,ORD0000809,P000123,2,24.56,15.37,33.75
OD00002289,ORD0000809,P000526,3,100.03,93.93,206.16000000000005
OD00002290,ORD0000810,P001412,1,63.56,3.96,59.6
OD00002291,ORD0000810,P000159,1,485.98,30.29,455.69
OD00002292,ORD0000811,P001487,1,214.5,51.81,162.69
OD00002293,ORD0000811,P000432,1,41.17,9.94,31.230000000000004
OD00002294,ORD0000811,P001623,1,137.6,33.24,104.36
OD00002295,ORD0000812,P000917,2,14.83,0.06,29.6
OD00002296,ORD0000812,P001253,1,260.87,0.51,260.36
OD00002297,ORD0000813,P000037,3,27.44,14.34,67.98
OD00002298,ORD0000813,P000559,4,56.08,39.06,185.26
OD00002299,ORD0000814,P001768,4,190.53,222.86,539.26
OD00002300,ORD0000814,P001022,1,171.76,50.23,121.53
OD00002301,ORD0000814,P002183,1,78.13,22.85,55.28
OD00002302,ORD0000814,P001780,1,61.45,17.97,43.48
OD00002303,ORD0000815,P001772,3,29.69,20.61,68.46000000000001
OD00002304,ORD0000815,P000763,1,25.62,5.93,19.69
OD00002305,ORD0000815,P002155,1,39.19,9.07,30.12
OD00002306,ORD0000815,P001583,1,143.23,33.14,110.09
OD00002307,ORD0000815,P000177,2,157.31,72.81,241.81
OD00002308,ORD0000815,P000014,1,207.13,47.93,159.2
OD00002309,ORD0000816,P000160,2,79.22,17.25,141.19
OD00002310,ORD0000816,P001452,2,94.02,20.47,167.57
OD00002311,ORD0000817,P000942,1,32.92,0.65,32.27
OD00002312,ORD0000817,P001154,1,275.09,5.42,269.67
OD00002313,ORD0000818,P001629,1,320.73,99.81,220.92
OD00002314,ORD0000819,P000730,1,34.77,11.56,23.21
OD00002315,ORD0000819,P001749,3,9.46,9.44,18.940000000000005
OD00002316,ORD0000819,P000011,3,57.37,57.25,114.86
OD00002317,ORD0000819,P001797,3,49.48,49.37,99.07
OD00002318,ORD0000819,P000859,1,410.36,136.49,273.87
OD00002319,ORD0000820,P001546,1,599.68,142.79,456.89
OD00002320,ORD0000820,P001860,1,291.13,69.32,221.81
OD00002321,ORD0000821,P000224,4,111.14,10.15,434.41
OD00002322,ORD0000821,P002304,2,105.42,4.81,206.03
OD00002323,ORD0000821,P001531,1,112.69,2.57,110.12
OD00002324,ORD0000821,P001997,1,71.56,1.63,69.93
OD00002325,ORD0000821,P000313,1,66.79,1.52,65.27000000000001
OD00002326,ORD0000821,P000538,1,62.85,1.43,61.42
OD00002327,ORD0000821,P000393,1,51.43,1.17,50.26
OD00002328,ORD0000821,P001182,1,35.78,0.82,34.96
OD00002329,ORD0000821,P000085,1,34.24,0.78,33.46
OD00002330,ORD0000821,P000346,1,28.74,0.66,28.08
OD00002331,ORD0000821,P000173,1,25.33,0.58,24.75
OD00002332,ORD0000821,P001167,1,25.09,0.57,24.52
OD00002333,ORD0000822,P002135,1,26.88,2.69,24.19
OD00002334,ORD0000822,P000358,1,164.89,16.51,148.38
OD00002335,ORD0000822,P000246,1,19.08,1.91,17.169999999999998
OD00002336,ORD0000822,P000274,2,80.85,16.19,145.51
OD00002337,ORD0000823,P002001,1,655.46,221.35,434.11
OD00002338,ORD0000824,P002051,1,71.11,20.07,51.04
OD00002339,ORD0000824,P002121,2,311.13,175.66,446.6
OD00002340,ORD0000824,P000348,1,29.35,8.29,21.06
OD00002341,ORD0000824,P000864,4,188.84,213.23,542.13
OD00002342,ORD0000825,P001334,2,47.18,26.04,68.32
OD00002343,ORD0000825,P000491,1,91.39,25.22,66.17
OD00002344,ORD0000825,P002170,1,27.74,7.65,20.09
OD00002345,ORD0000825,P002163,1,265.72,73.32,192.40000000000003
OD00002346,ORD0000825,P000083,1,225.25,62.16,163.09
OD00002347,ORD0000826,P000794,1,231.59,11.28,220.31
OD00002348,ORD0000826,P002032,1,65.82,3.21,62.60999999999999
OD00002349,ORD0000826,P001429,2,24.69,2.41,46.97
OD00002350,ORD0000826,P001378,1,243.77,11.88,231.89
OD00002351,ORD0000826,P000025,1,34.17,1.66,32.510000000000005
OD00002352,ORD0000826,P000410,1,126.13,6.14,119.99
OD00002353,ORD0000826,P001487,1,214.5,10.45,204.05
OD00002354,ORD0000826,P001383,1,75.19,3.66,71.53
OD00002355,ORD0000827,P001423,4,77.52,89.7,220.38
OD00002356,ORD0000828,P000816,1,131.34,28.87,102.47
OD00002357,ORD0000828,P001975,2,108.97,47.9,170.04
OD00002358,ORD0000829,P001326,1,287.02,103.96,183.06
OD00002359,ORD0000829,P001975,3,108.97,118.4,208.51
OD00002360,ORD0000830,P002232,1,24.25,4.55,19.7
OD00002361,ORD0000830,P001387,4,78.99,59.23,256.73
OD00002362,ORD0000831,P000870,2,123.04,78.7,167.38
OD00002363,ORD0000831,P002090,1,17.34,5.55,11.79
OD00002364,ORD0000831,P000536,3,41.56,39.87,84.81
OD00002365,ORD0000832,P002010,1,58.56,21.53,37.03
OD00002366,ORD0000832,P001898,1,168.29,61.87,106.42
OD00002367,ORD0000832,P001672,1,202.15,74.31,127.84
OD00002368,ORD0000833,P001129,4,37.47,39.63,110.25
OD00002369,ORD0000833,P000432,3,41.17,32.65,90.86
OD00002370,ORD0000833,P001630,1,70.33,18.59,51.74
OD00002371,ORD0000834,P000272,1,62.05,11.44,50.61
OD00002372,ORD0000834,P001164,1,193.78,35.73,158.05
OD00002373,ORD0000835,P002135,1,26.88,2.12,24.76
OD00002374,ORD0000835,P001286,1,23.89,1.88,22.01
OD00002375,ORD0000835,P001962,1,21.74,1.71,20.03
OD00002376,ORD0000835,P000443,1,228.38,17.97,210.41
OD00002377,ORD0000835,P001813,1,40.8,3.21,37.59
OD00002378,ORD0000836,P001622,1,27.21,2.25,24.96
OD00002379,ORD0000836,P002021,2,13.15,2.18,24.12
OD00002380,ORD0000836,P001533,1,312.01,25.82,286.19
OD00002381,ORD0000836,P000431,1,12.62,1.04,11.579999999999998
OD00002382,ORD0000836,P001291,2,10.03,1.66,18.4
OD00002383,ORD0000836,P001718,1,216.08,17.88,198.2
OD00002384,ORD0000836,P002291,2,45.16,7.47,82.85
OD00002385,ORD0000837,P000383,1,538.53,183.32,355.21
OD00002386,ORD0000837,P000020,1,71.84,24.46,47.38
OD00002387,ORD0000837,P002157,1,59.22,20.16,39.06
OD00002388,ORD0000837,P000918,2,16.64,11.33,21.950000000000003
OD00002389,ORD0000838,P000891,2,75.16,18.05,132.27
OD00002390,ORD0000838,P001269,2,53.92,12.96,94.88
OD00002391,ORD0000838,P000404,1,74.02,8.89,65.13
OD00002392,ORD0000838,P002269,1,46.24,5.56,40.68
OD00002393,ORD0000838,P000942,1,32.92,3.96,28.96
OD00002394,ORD0000839,P002225,4,36.17,43.94,100.74
OD00002395,ORD0000839,P001813,1,40.8,12.39,28.41
OD00002396,ORD0000839,P000068,4,218.79,265.81,609.3499999999999
OD00002397,ORD0000840,P000338,2,64.44,13.45,115.43
OD00002398,ORD0000840,P001638,1,26.25,2.74,23.51
OD00002399,ORD0000840,P000322,2,13.58,2.84,24.32
OD00002400,ORD0000840,P000513,3,77.34,24.22,207.8
OD00002401,ORD0000840,P002286,1,68.69,7.17,61.52
OD00002402,ORD0000841,P001598,1,225.36,20.72,204.64
OD00002403,ORD0000842,P000124,1,479.23,73.18,406.05
OD00002404,ORD0000843,P000178,1,201.72,69.7,132.01999999999998
OD00002405,ORD0000843,P001789,1,92.2,31.86,60.34
OD00002406,ORD0000843,P002197,1,317.57,109.74,207.83
OD00002407,ORD0000844,P001098,1,103.76,33.24,70.52000000000001
OD00002408,ORD0000844,P000936,1,153.5,49.18,104.32
OD00002409,ORD0000844,P001583,2,143.23,91.78,194.68
OD00002410,ORD0000845,P001504,6,63.19,6.94,372.2
OD00002411,ORD0000845,P001901,1,41.33,0.76,40.57
OD00002412,ORD0000845,P001786,2,9.96,0.37,19.55
OD00002413,ORD0000846,P001477,1,516.48,175.8,340.68
OD00002414,ORD0000847,P001516,1,12.13,3.45,8.68
OD00002415,ORD0000847,P002286,1,68.69,19.51,49.17999999999999
OD00002416,ORD0000847,P001329,2,132.44,75.23,189.65
OD00002417,ORD0000848,P000846,1,743.92,1.29,742.63
OD00002418,ORD0000848,P000491,2,91.39,0.32,182.46
OD00002419,ORD0000848,P001683,2,56.03,0.2,111.86
OD00002420,ORD0000848,P000529,1,93.45,0.16,93.29
OD00002421,ORD0000848,P000131,1,26.69,0.05,26.64
OD00002422,ORD0000849,P002140,2,161.06,117.65,204.47
OD00002423,ORD0000850,P000832,2,120.53,73.8,167.26
OD00002424,ORD0000850,P000655,2,91.51,56.03,126.99
OD00002425,ORD0000850,P000854,1,36.73,11.24,25.489999999999995
OD00002426,ORD0000850,P001826,1,27.03,8.27,18.76
OD00002427,ORD0000851,P001885,1,825.33,232.68,592.6500000000001
OD00002428,ORD0000852,P001545,1,481.11,66.57,414.54
OD00002429,ORD0000853,P002248,2,10.98,6.73,15.23
OD00002430,ORD0000853,P002185,1,36.45,11.16,25.290000000000003
OD00002431,ORD0000853,P001480,3,68.41,62.85,142.38
OD00002432,ORD0000853,P002179,1,218.69,66.98,151.70999999999998
OD00002433,ORD0000854,P001196,1,417.95,150.81,267.14
OD00002434,ORD0000854,P001122,4,80.35,115.98,205.42
OD00002435,ORD0000854,P000715,1,74.81,27.0,47.81
OD00002436,ORD0000855,P001177,2,195.04,100.66,289.42
OD00002437,ORD0000855,P000057,1,254.75,65.74,189.01
OD00002438,ORD0000856,P001769,3,112.65,33.11,304.84
OD00002439,ORD0000856,P000418,1,174.49,17.1,157.39
OD00002440,ORD0000856,P000942,1,32.92,3.23,29.69
OD00002441,ORD0000857,P001819,2,96.77,1.94,191.6
OD00002442,ORD0000857,P002192,1,107.1,1.08,106.02
OD00002443,ORD0000857,P001714,1,67.48,0.68,66.8
OD00002444,ORD0000857,P000376,2,24.72,0.5,48.94
OD00002445,ORD0000857,P000211,1,41.25,0.42,40.83
OD00002446,ORD0000857,P002268,2,17.18,0.35,34.01
OD00002447,ORD0000857,P001841,2,13.16,0.27,26.05
OD00002448,ORD0000858,P001412,1,63.56,9.95,53.61
OD00002449,ORD0000858,P001042,1,55.74,8.72,47.02
OD00002450,ORD0000858,P000960,1,51.53,8.06,43.47
OD00002451,ORD0000858,P001770,1,23.73,3.71,20.02
OD00002452,ORD0000859,P001317,1,205.22,81.66,123.56
OD00002453,ORD0000859,P001190,2,146.81,116.83,176.79000000000002
OD00002454,ORD0000860,P002065,1,167.9,4.43,163.47
OD00002455,ORD0000860,P001134,1,136.36,3.6,132.76000000000002
OD00002456,ORD0000861,P000800,2,172.5,123.77,221.23
OD00002457,ORD0000861,P000871,2,111.44,79.96,142.92000000000002
OD00002458,ORD0000861,P000687,1,120.74,43.32,77.41999999999999
OD00002459,ORD0000861,P000538,1,62.85,22.55,40.3
OD00002460,ORD0000861,P000947,1,49.8,17.87,31.93
OD00002461,ORD0000861,P000179,2,20.62,14.8,26.44
OD00002462,ORD0000861,P001514,1,28.7,10.3,18.4
OD00002463,ORD0000861,P001226,1,26.77,9.6,17.17
OD00002464,ORD0000861,P001167,1,25.09,9.0,16.09
OD00002465,ORD0000862,P000723,1,349.55,32.82,316.73
OD00002466,ORD0000862,P000415,1,56.28,5.29,50.99
OD00002467,ORD0000863,P001335,1,53.15,16.39,36.76
OD00002468,ORD0000863,P001458,1,61.68,19.01,42.67
OD00002469,ORD0000864,P001829,1,41.08,7.7,33.379999999999995
OD00002470,ORD0000864,P000657,1,35.83,6.72,29.11
OD00002471,ORD0000864,P002212,1,117.88,22.09,95.79
OD00002472,ORD0000865,P001767,3,113.02,108.97,230.09
OD00002473,ORD0000866,P000864,1,188.84,14.72,174.12
OD00002474,ORD0000866,P000258,1,569.72,44.42,525.3000000000001
OD00002475,ORD0000867,P000946,1,76.45,9.5,66.95
OD00002476,ORD0000867,P000925,2,115.52,28.7,202.34
OD00002477,ORD0000867,P000479,1,91.73,11.39,80.34
OD00002478,ORD0000868,P001266,1,615.58,131.71,483.87
OD00002479,ORD0000869,P000526,1,100.03,7.92,92.11
OD00002480,ORD0000869,P002106,1,229.38,18.15,211.23
OD00002481,ORD0000869,P001880,1,44.35,3.51,40.84
OD00002482,ORD0000869,P001818,3,35.43,8.41,97.88
OD00002483,ORD0000870,P001207,1,814.82,324.58,490.24000000000007
OD00002484,ORD0000871,P000150,2,65.77,32.4,99.14
OD00002485,ORD0000871,P000160,1,79.22,19.52,59.7
OD00002486,ORD0000871,P002051,1,71.11,17.52,53.59
OD00002487,ORD0000872,P001018,3,86.93,15.81,244.98
OD00002488,ORD0000872,P001417,2,47.34,5.74,88.94000000000001
OD00002489,ORD0000873,P001741,2,175.8,64.22,287.38
OD00002490,ORD0000873,P001648,5,18.02,16.46,73.63999999999999
OD00002491,ORD0000874,P000837,1,62.11,11.42,50.69
OD00002492,ORD0000874,P000819,1,287.49,52.87,234.62
OD00002493,ORD0000875,P002214,2,26.99,15.0,38.98
OD00002494,ORD0000875,P001960,1,25.15,6.99,18.16
OD00002495,ORD0000875,P002230,1,60.22,16.74,43.48
OD00002496,ORD0000875,P000809,2,64.95,36.11,93.79
OD00002497,ORD0000875,P001006,4,73.59,81.82,212.54
OD00002498,ORD0000876,P001473,1,606.8,10.68,596.12
OD00002499,ORD0000876,P000716,1,23.57,0.42,23.15
OD00002500,ORD0000877,P000168,3,106.82,93.91,226.55
OD00002501,ORD0000878,P001323,1,63.15,22.43,40.72
OD00002502,ORD0000878,P002181,4,53.6,76.15,138.25
OD00002503,ORD0000878,P001568,2,135.64,96.36,174.91999999999996
OD00002504,ORD0000879,P000171,1,270.41,27.08,243.33000000000004
OD00002505,ORD0000879,P000484,1,253.54,25.39,228.15
OD00002506,ORD0000880,P000903,1,66.6,24.82,41.78
OD00002507,ORD0000880,P002283,2,121.08,90.25,151.91
OD00002508,ORD0000881,P000925,1,115.52,3.34,112.18
OD00002509,ORD0000882,P001697,1,212.08,49.01,163.07000000000002
OD00002510,ORD0000882,P001734,4,86.98,80.41,267.51
OD00002511,ORD0000883,P000651,1,274.64,81.93,192.71
OD00002512,ORD0000883,P000837,3,62.11,55.58,130.75
OD00002513,ORD0000884,P000753,1,495.03,189.33,305.7
OD00002514,ORD0000884,P000902,2,128.97,98.66,159.28
OD00002515,ORD0000884,P000844,1,118.51,45.33,73.18
OD00002516,ORD0000884,P001585,1,43.17,16.51,26.66
OD00002517,ORD0000885,P001659,1,118.36,34.47,83.89
OD00002518,ORD0000885,P000121,1,106.27,30.96,75.31
OD00002519,ORD0000885,P001471,2,43.22,25.18,61.26
OD00002520,ORD0000885,P000211,1,41.25,12.02,29.23
OD00002521,ORD0000885,P000122,1,13.73,4.0,9.73
OD00002522,ORD0000886,P000637,1,214.88,30.77,184.11
OD00002523,ORD0000887,P001568,2,135.64,74.14,197.14
OD00002524,ORD0000887,P002153,1,366.72,100.23,266.49
OD00002525,ORD0000887,P000636,1,158.87,43.42,115.45
OD00002526,ORD0000887,P000555,3,104.59,85.76,228.01
OD00002527,ORD0000888,P002097,2,36.02,11.35,60.690000000000005
OD00002528,ORD0000888,P000915,3,38.66,18.26,97.71999999999998
OD00002529,ORD0000889,P000576,1,271.35,27.07,244.28
OD00002530,ORD0000889,P001465,2,118.28,23.59,212.97
OD00002531,ORD0000889,P002189,1,56.28,5.61,50.67
OD00002532,ORD0000889,P001716,1,47.64,4.75,42.89
OD00002533,ORD0000890,P001509,1,396.35,58.37,337.98
OD00002534,ORD0000890,P000224,2,111.14,32.74,189.54
OD00002535,ORD0000890,P000037,3,27.44,12.13,70.19000000000001
OD00002536,ORD0000890,P000448,1,58.64,8.64,50.0
OD00002537,ORD0000890,P001276,1,48.28,7.11,41.17
OD00002538,ORD0000890,P001848,1,42.95,6.33,36.620000000000005
OD00002539,ORD0000890,P000351,1,12.41,1.83,10.58
OD00002540,ORD0000891,P000225,1,315.97,124.72,191.25
OD00002541,ORD0000891,P000100,3,101.26,119.9,183.88
OD00002542,ORD0000891,P000657,1,35.83,14.14,21.69
OD00002543,ORD0000891,P000269,1,27.27,10.76,16.509999999999998
OD00002544,ORD0000892,P001653,1,250.7,67.92,182.78
OD00002545,ORD0000893,P000851,2,109.02,74.67,143.37
OD00002546,ORD0000893,P000916,3,47.59,48.9,93.87
OD00002547,ORD0000894,P000087,5,105.5,61.34,466.16
OD00002548,ORD0000894,P001749,2,9.46,2.2,16.720000000000002
OD00002549,ORD0000894,P000936,1,153.5,17.85,135.65
OD00002550,ORD0000895,P001497,3,101.53,54.21,250.38
OD00002551,ORD0000896,P002118,1,204.18,77.76,126.42
OD00002552,ORD0000896,P002133,1,130.47,49.69,80.78
OD00002553,ORD0000897,P001320,1,119.58,39.92,79.66
OD00002554,ORD0000897,P001265,3,55.04,55.13,109.99
OD00002555,ORD0000898,P000342,2,144.8,75.0,214.6
OD00002556,ORD0000898,P001549,3,168.53,130.94,374.65
OD00002557,ORD0000899,P001951,5,95.32,177.98,298.62
OD00002558,ORD0000899,P000412,3,123.24,138.07,231.65
OD00002559,ORD0000900,P000780,4,16.91,13.35,54.29
OD00002560,ORD0000900,P002067,1,89.5,17.67,71.83
OD00002561,ORD0000900,P000452,1,78.18,15.43,62.75000000000001
OD00002562,ORD0000900,P001092,5,192.6,190.08,772.92
OD00002563,ORD0000901,P001437,1,107.18,20.62,86.56
OD00002564,ORD0000901,P001364,1,150.16,28.89,121.27
OD00002565,ORD0000902,P000455,4,62.06,16.22,232.02
OD00002566,ORD0000902,P000505,1,154.87,10.11,144.76
OD00002567,ORD0000902,P002127,2,36.35,4.75,67.95
OD00002568,ORD0000902,P000534,1,61.01,3.98,57.03
OD00002569,ORD0000902,P002190,3,16.51,3.23,46.3
OD00002570,ORD0000902,P001880,1,44.35,2.9,41.45
OD00002571,ORD0000902,P000620,2,17.31,2.26,32.36
OD00002572,ORD0000902,P002016,1,23.58,1.54,22.04
OD00002573,ORD0000902,P000863,2,9.76,1.27,18.25
OD00002574,ORD0000903,P001790,1,36.35,10.04,26.31
OD00002575,ORD0000903,P001039,1,57.04,15.75,41.29
OD00002576,ORD0000903,P001087,2,188.37,104.05,272.69
OD00002577,ORD0000904,P001507,1,66.23,1.83,64.4
OD00002578,ORD0000904,P002035,2,46.48,2.57,90.39
OD00002579,ORD0000904,P000332,2,31.95,1.77,62.13
OD00002580,ORD0000904,P002071,5,13.93,1.93,67.72
OD00002581,ORD0000905,P002170,1,27.74,6.69,21.05
OD00002582,ORD0000905,P001468,2,15.46,7.45,23.47
OD00002583,ORD0000905,P001293,1,33.57,8.09,25.48
OD00002584,ORD0000906,P001932,2,439.82,331.14,548.5
OD00002585,ORD0000907,P001686,2,134.87,76.13,193.61
OD00002586,ORD0000907,P001499,1,275.63,77.79,197.84
OD00002587,ORD0000908,P001594,1,568.08,108.37,459.71
OD00002588,ORD0000909,P001510,1,531.61,47.89,483.72
OD00002589,ORD0000909,P001685,1,66.33,5.98,60.35
OD00002590,ORD0000909,P001247,3,11.28,3.05,30.79
OD00002591,ORD0000910,P002204,1,161.33,14.49,146.84
OD00002592,ORD0000910,P002123,1,73.31,6.58,66.73
OD00002593,ORD0000911,P000165,2,204.93,56.42,353.44
OD00002594,ORD0000911,P001570,1,230.66,31.76,198.9
OD00002595,ORD0000911,P002245,2,59.05,16.26,101.84
OD00002596,ORD0000911,P001981,1,90.47,12.46,78.00999999999999
OD00002597,ORD0000911,P002100,1,84.84,11.68,73.16
OD00002598,ORD0000911,P000386,1,56.52,7.78,48.74
OD00002599,ORD0000911,P001962,1,21.74,2.99,18.75
OD00002600,ORD0000912,P001246,1,273.95,16.21,257.74
OD00002601,ORD0000913,P000488,1,166.19,2.58,163.61
OD00002602,ORD0000913,P001230,3,9.17,0.43,27.08
OD00002603,ORD0000913,P002038,1,181.16,2.81,178.35
OD00002604,ORD0000914,P001780,3,61.45,55.86,128.49
OD00002605,ORD0000914,P001543,5,77.18,116.94,268.96000000000004
OD00002606,ORD0000914,P000155,2,167.81,101.7,233.92
OD00002607,ORD0000915,P000736,2,62.24,14.29,110.19
OD00002608,ORD0000916,P001997,1,71.56,26.16,45.400000000000006
OD00002609,ORD0000916,P001655,1,120.67,44.11,76.56
OD00002610,ORD0000916,P000036,2,151.09,110.46,191.72000000000003
OD00002611,ORD0000917,P001538,1,34.19,13.22,20.97
OD00002612,ORD0000917,P000368,3,166.03,192.61,305.48
OD00002613,ORD0000917,P001566,1,28.51,11.02,17.490000000000002
OD00002614,ORD0000917,P000631,1,967.84,374.26,593.58
OD00002615,ORD0000918,P001217,2,121.07,43.47,198.67
OD00002616,ORD0000918,P000156,1,31.75,5.7,26.05
OD00002617,ORD0000918,P001419,2,54.97,19.74,90.2
OD00002618,ORD0000918,P001048,1,203.97,36.62,167.35
OD00002619,ORD0000919,P002267,1,327.63,13.79,313.84
OD00002620,ORD0000919,P002202,1,115.23,4.84,110.39
OD00002621,ORD0000919,P001937,1,58.81,2.48,56.330000000000005
OD00002622,ORD0000919,P001640,1,54.74,2.31,52.43
OD00002623,ORD0000919,P000161,2,22.03,1.86,42.2
OD00002624,ORD0000919,P000688,1,40.73,1.72,39.01
OD00002625,ORD0000919,P001574,1,40.16,1.69,38.47
OD00002626,ORD0000919,P001226,1,26.77,1.13,25.64
OD00002627,ORD0000919,P001962,1,21.74,0.92,20.82
OD00002628,ORD0000920,P001245,1,67.57,9.05,58.52
OD00002629,ORD0000920,P001880,1,44.35,5.93,38.42
OD00002630,ORD0000920,P001574,1,40.16,5.37,34.79
OD00002631,ORD0000920,P000788,1,35.41,4.74,30.669999999999995
OD00002632,ORD0000921,P001507,5,66.23,42.73,288.42
OD00002633,ORD0000922,P000013,1,154.89,54.43,100.45999999999998
OD00002634,ORD0000922,P002275,1,505.68,177.7,327.98
OD00002635,ORD0000923,P000488,2,166.19,61.07,271.31
OD00002636,ORD0000924,P000236,1,11.77,2.93,8.84
OD00002637,ORD0000924,P001641,4,21.64,21.57,64.99000000000001
OD00002638,ORD0000924,P000714,2,24.25,12.09,36.41
OD00002639,ORD0000924,P001920,1,81.36,20.28,61.08
OD00002640,ORD0000924,P002248,1,10.98,2.74,8.24
OD00002641,ORD0000924,P002039,2,73.41,36.59,110.23
OD00002642,ORD0000924,P000200,1,154.38,38.48,115.9
OD00002643,ORD0000925,P000780,2,16.91,5.32,28.5
OD00002644,ORD0000925,P001504,5,63.19,49.73,266.22
OD00002645,ORD0000925,P001047,3,83.43,39.39,210.90000000000003
OD00002646,ORD0000926,P000936,2,153.5,67.64,239.36
OD00002647,ORD0000926,P000633,2,62.46,27.52,97.4
OD00002648,ORD0000927,P001671,1,48.0,15.72,32.28
OD00002649,ORD0000927,P001227,1,33.39,10.93,22.46
OD00002650,ORD0000927,P000428,1,228.69,74.89,153.8
OD00002651,ORD0000928,P001120,1,107.18,13.51,93.67
OD00002652,ORD0000928,P001840,1,72.79,9.18,63.61000000000001
OD00002653,ORD0000928,P000534,1,61.01,7.7,53.31
OD00002654,ORD0000928,P001337,1,56.03,7.07,48.96
OD00002655,ORD0000928,P000788,1,35.41,4.47,30.94
OD00002656,ORD0000928,P001652,1,30.01,3.79,26.22
OD00002657,ORD0000929,P001780,4,61.45,83.58,162.22
OD00002658,ORD0000929,P001502,1,114.88,39.07,75.81
OD00002659,ORD0000929,P001596,1,27.25,9.27,17.98
OD00002660,ORD0000929,P002260,1,18.66,6.35,12.31
OD00002661,ORD0000930,P000429,1,31.67,6.72,24.950000000000003
OD00002662,ORD0000930,P000099,2,79.0,33.51,124.49
OD00002663,ORD0000930,P001960,1,25.15,5.33,19.82
OD00002664,ORD0000930,P001878,1,23.21,4.92,18.29
OD00002665,ORD0000930,P000234,1,74.82,15.87,58.95
OD00002666,ORD0000931,P000206,1,223.59,7.3,216.29
OD00002667,ORD0000931,P001920,2,81.36,5.32,157.4
OD00002668,ORD0000931,P002272,2,10.52,0.69,20.35
OD00002669,ORD0000932,P000938,1,137.76,38.78,98.98
OD00002670,ORD0000932,P001252,1,19.01,5.35,13.660000000000002
OD00002671,ORD0000932,P002058,1,345.12,97.15,247.97
OD00002672,ORD0000933,P000521,1,55.59,18.19,37.400000000000006
OD00002673,ORD0000933,P001672,1,202.15,66.13,136.02
OD00002674,ORD0000933,P000044,5,27.32,44.69,91.91
OD00002675,ORD0000933,P000667,3,123.52,121.23,249.33
OD00002676,ORD0000934,P001438,5,74.69,15.38,358.07
OD00002677,ORD0000935,P000150,1,65.77,13.4,52.37
OD00002678,ORD0000935,P000209,2,241.01,98.22,383.8
OD00002679,ORD0000936,P000408,1,227.81,32.44,195.37
OD00002680,ORD0000937,P002164,1,337.32,56.91,280.41
OD00002681,ORD0000937,P001043,2,35.05,11.83,58.27
OD00002682,ORD0000938,P000463,1,31.28,6.95,24.33
OD00002683,ORD0000938,P001245,1,67.57,15.02,52.55
OD00002684,ORD0000938,P001732,2,223.19,99.21,347.17
OD00002685,ORD0000938,P000788,1,35.41,7.87,27.54
OD00002686,ORD0000938,P000308,4,92.95,82.63,289.17
OD00002687,ORD0000939,P001612,1,235.62,69.17,166.45
OD00002688,ORD0000940,P001288,2,107.47,44.44,170.5
OD00002689,ORD0000940,P002112,3,95.26,59.09,226.69000000000003
OD00002690,ORD0000940,P000284,4,96.63,79.92,306.6
OD00002691,ORD0000941,P000170,2,57.2,30.92,83.48
OD00002692,ORD0000941,P000271,1,109.51,29.59,79.92
OD00002693,ORD0000941,P000056,2,30.5,16.48,44.52
OD00002694,ORD0000941,P001864,1,34.94,9.44,25.5
OD00002695,ORD0000942,P001683,1,56.03,1.67,54.36
OD00002696,ORD0000942,P001045,3,40.61,3.62,118.21
OD00002697,ORD0000942,P000858,1,36.48,1.08,35.4
OD00002698,ORD0000942,P000633,1,62.46,1.86,60.6
OD00002699,ORD0000942,P000489,2,26.4,1.57,51.23
OD00002700,ORD0000943,P000973,3,72.39,32.57,184.6
OD00002701,ORD0000943,P001452,1,94.02,14.1,79.92
OD00002702,ORD0000944,P002105,2,56.69,20.05,93.33
OD00002703,ORD0000944,P002242,3,26.65,14.13,65.82
OD00002704,ORD0000944,P001817,2,27.04,9.56,44.52
OD00002705,ORD0000944,P000657,1,35.83,6.33,29.5
OD00002706,ORD0000944,P000675,1,27.33,4.83,22.5
OD00002707,ORD0000945,P002226,1,24.51,3.59,20.92
OD00002708,ORD0000945,P000087,1,105.5,15.43,90.07
OD00002709,ORD0000945,P000359,3,108.86,47.77,278.81
OD00002710,ORD0000945,P001767,2,113.02,33.07,192.97
OD00002711,ORD0000946,P000936,1,153.5,18.89,134.61
OD00002712,ORD0000946,P000667,1,123.52,15.21,108.31
OD00002713,ORD0000946,P002202,1,115.23,14.19,101.04
OD00002714,ORD0000946,P000087,1,105.5,12.99,92.51
OD00002715,ORD0000947,P000667,1,123.52,38.15,85.37
OD00002716,ORD0000947,P001419,2,54.97,33.96,75.97999999999999
OD00002717,ORD0000947,P000494,1,32.88,10.16,22.72
OD00002718,ORD0000947,P000016,1,23.31,7.2,16.11
OD00002719,ORD0000947,P000610,1,14.43,4.46,9.97
OD00002720,ORD0000948,P001448,1,412.62,146.89,265.73
OD00002721,ORD0000949,P002198,3,210.81,238.61,393.82
OD00002722,ORD0000949,P001713,2,88.56,66.83,110.29
OD00002723,ORD0000949,P000075,1,56.67,21.38,35.290000000000006
OD00002724,ORD0000949,P001841,3,13.16,14.9,24.580000000000005
OD00002725,ORD0000949,P001279,1,35.91,13.55,22.36
OD00002726,ORD0000949,P000537,1,15.63,5.9,9.73
OD00002727,ORD0000949,P001393,1,9.98,3.77,6.210000000000001
OD00002728,ORD0000950,P001583,2,143.23,62.76,223.7
OD00002729,ORD0000950,P001612,1,235.62,51.62,184.0
OD00002730,ORD0000950,P001934,3,57.21,37.61,134.01999999999998
OD00002731,ORD0000950,P000615,2,72.44,31.75,113.13
OD00002732,ORD0000950,P000691,1,32.08,7.03,25.05
OD00002733,ORD0000950,P000514,2,11.33,4.97,17.69
OD00002734,ORD0000951,P000737,1,390.53,37.57,352.96
OD00002735,ORD0000951,P000776,1,107.67,10.36,97.31
OD00002736,ORD0000952,P000781,1,582.03,179.73,402.3
OD00002737,ORD0000953,P001323,1,63.15,23.17,39.98
OD00002738,ORD0000953,P000878,2,57.91,42.49,73.32999999999998
OD00002739,ORD0000953,P001041,1,239.37,87.81,151.56
OD00002740,ORD0000953,P001337,1,56.03,20.55,35.480000000000004
OD00002741,ORD0000953,P002296,4,79.61,116.82,201.62
OD00002742,ORD0000954,P001615,1,306.44,102.97,203.47
OD00002743,ORD0000954,P000471,2,72.25,48.56,95.94
OD00002744,ORD0000954,P000730,2,34.77,23.37,46.17
OD00002745,ORD0000954,P000858,1,36.48,12.26,24.22
OD00002746,ORD0000954,P001113,1,20.44,6.87,13.57
OD00002747,ORD0000955,P000637,1,214.88,46.34,168.54
OD00002748,ORD0000955,P000308,1,92.95,20.04,72.91
OD00002749,ORD0000956,P001389,2,73.67,7.75,139.59
OD00002750,ORD0000956,P000234,1,74.82,3.94,70.88
OD00002751,ORD0000956,P000336,1,18.17,0.96,17.21
OD00002752,ORD0000956,P001430,2,137.06,14.42,259.7
OD00002753,ORD0000957,P001138,3,127.17,124.11,257.4
OD00002754,ORD0000957,P000277,2,57.8,37.6,78.0
OD00002755,ORD0000957,P001852,1,32.47,10.56,21.91
OD00002756,ORD0000957,P001429,1,24.69,8.03,16.660000000000004
OD00002757,ORD0000957,P002232,1,24.25,7.89,16.36
OD00002758,ORD0000958,P001951,3,95.32,69.74,216.22
OD00002759,ORD0000959,P000833,1,71.31,26.78,44.53
OD00002760,ORD0000959,P001258,5,100.08,187.96,312.43999999999994
OD00002761,ORD0000960,P002250,1,57.7,15.91,41.790000000000006
OD00002762,ORD0000960,P001003,1,327.72,90.38,237.34000000000003
OD00002763,ORD0000960,P000043,3,55.71,46.09,121.04
OD00002764,ORD0000961,P000724,1,31.8,10.43,21.37
OD00002765,ORD0000961,P002082,3,117.58,115.65,237.09
OD00002766,ORD0000962,P001812,1,246.79,70.27,176.51999999999998
OD00002767,ORD0000963,P000190,2,181.94,23.5,340.38
OD00002768,ORD0000964,P001767,1,113.02,36.74,76.28
OD00002769,ORD0000964,P002094,1,17.56,5.71,11.849999999999998
OD00002770,ORD0000964,P002296,2,79.61,51.76,107.46
OD00002771,ORD0000964,P000384,1,585.69,190.41,395.2800000000001
OD00002772,ORD0000965,P001235,1,355.99,22.22,333.77
OD00002773,ORD0000966,P001927,1,20.81,3.28,17.529999999999998
OD00002774,ORD0000966,P001235,1,355.99,56.18,299.81
OD00002775,ORD0000967,P000968,1,77.9,15.03,62.870000000000005
OD00002776,ORD0000967,P000397,1,25.56,4.93,20.63
OD00002777,ORD0000967,P000467,1,81.3,15.68,65.62
OD00002778,ORD0000967,P000349,3,26.47,15.32,64.09
OD00002779,ORD0000968,P000444,1,416.13,21.19,394.94
OD00002780,ORD0000968,P000665,1,57.5,2.93,54.57
OD00002781,ORD0000969,P000169,2,325.61,73.64,577.58
OD00002782,ORD0000970,P000358,2,164.89,124.27,205.51
OD00002783,ORD0000970,P001997,1,71.56,26.96,44.6
OD00002784,ORD0000970,P000849,1,34.74,13.09,21.65
OD00002785,ORD0000971,P001838,1,85.17,14.53,70.64
OD00002786,ORD0000971,P001250,1,130.3,22.24,108.06000000000002
OD00002787,ORD0000972,P001301,1,111.71,23.07,88.63999999999999
OD00002788,ORD0000972,P001262,1,31.39,6.48,24.91
OD00002789,ORD0000972,P000482,2,14.8,6.11,23.49
OD00002790,ORD0000972,P002099,1,31.63,6.53,25.1
OD00002791,ORD0000972,P001576,1,48.39,9.99,38.4
OD00002792,ORD0000972,P000763,1,25.62,5.29,20.33
OD00002793,ORD0000972,P001060,5,25.83,26.67,102.47999999999998
OD00002794,ORD0000973,P000954,2,100.72,3.12,198.32
OD00002795,ORD0000973,P002193,2,79.05,2.45,155.65
OD00002796,ORD0000973,P000974,2,14.69,0.45,28.93
OD00002797,ORD0000973,P000348,1,29.35,0.45,28.9
OD00002798,ORD0000973,P001800,1,17.79,0.27,17.52
OD00002799,ORD0000974,P002066,1,296.77,19.1,277.67
OD00002800,ORD0000974,P001377,4,33.21,8.55,124.29
OD00002801,ORD0000975,P002146,3,60.76,2.02,180.26
OD00002802,ORD0000975,P000609,1,447.85,4.96,442.89
OD00002803,ORD0000976,P000362,3,98.69,113.95,182.12
OD00002804,ORD0000976,P000488,3,166.19,191.9,306.67
OD00002805,ORD0000977,P001613,1,125.11,39.93,85.18
OD00002806,ORD0000977,P000814,1,23.82,7.6,16.22
OD00002807,ORD0000977,P001927,1,20.81,6.64,14.169999999999998
OD00002808,ORD0000977,P000145,2,117.11,74.75,159.47
OD00002809,ORD0000977,P000838,1,37.63,12.01,25.620000000000005
OD00002810,ORD0000977,P001547,1,41.35,13.2,28.15
OD00002811,ORD0000977,P000796,1,271.18,86.54,184.64
OD00002812,ORD0000978,P000346,1,28.74,5.89,22.85
OD00002813,ORD0000978,P001197,1,105.77,21.68,84.09
OD00002814,ORD0000978,P001395,3,165.77,101.93,395.38000000000005
OD00002815,ORD0000979,P000077,2,83.89,52.65,115.13
OD00002816,ORD0000979,P000710,3,53.84,50.68,110.84
OD00002817,ORD0000980,P002200,3,174.65,57.78,466.1700000000001
OD00002818,ORD0000981,P001775,1,51.2,6.24,44.96
OD00002819,ORD0000981,P000874,1,107.67,13.13,94.54
OD00002820,ORD0000981,P001138,1,127.17,15.5,111.67
OD00002821,ORD0000981,P000876,3,77.57,28.37,204.34
OD00002822,ORD0000982,P000055,1,213.28,5.38,207.9
OD00002823,ORD0000983,P001092,1,192.6,69.27,123.33
OD00002824,ORD0000983,P000378,1,117.05,42.1,74.94999999999999
OD00002825,ORD0000983,P000993,1,629.98,226.57,403.41
OD00002826,ORD0000984,P000898,2,282.83,69.92,495.74
OD00002827,ORD0000984,P002211,3,55.86,20.71,146.86999999999998
OD00002828,ORD0000985,P000534,2,61.01,10.78,111.24
OD00002829,ORD0000985,P002270,1,52.07,4.59,47.48
OD00002830,ORD0000985,P000991,1,51.61,4.55,47.06
OD00002831,ORD0000985,P000133,1,49.91,4.4,45.51
OD00002832,ORD0000985,P001880,1,44.35,3.91,40.44
OD00002833,ORD0000985,P001539,1,27.42,2.42,25.0
OD00002834,ORD0000986,P001176,2,136.96,52.3,221.62
OD00002835,ORD0000986,P002021,5,13.15,12.56,53.19
OD00002836,ORD0000986,P001188,2,29.64,11.32,47.96
OD00002837,ORD0000986,P002087,1,45.48,8.69,36.79
OD00002838,ORD0000987,P002082,2,117.58,2.49,232.67
OD00002839,ORD0000987,P000488,1,166.19,1.75,164.44
OD00002840,ORD0000987,P000699,1,62.43,0.66,61.77
OD00002841,ORD0000987,P002185,1,36.45,0.38,36.07
OD00002842,ORD0000988,P000408,1,227.81,38.23,189.58
OD00002843,ORD0000988,P000380,1,60.87,10.21,50.66
OD00002844,ORD0000988,P001792,1,26.18,4.39,21.79
OD00002845,ORD0000989,P000985,1,736.72,95.76,640.96
OD00002846,ORD0000990,P000636,5,158.87,218.92,575.4300000000001
OD00002847,ORD0000991,P000640,1,375.79,5.07,370.72
OD00002848,ORD0000991,P000179,1,20.62,0.28,20.34
OD00002849,ORD0000992,P000190,4,181.94,123.13,604.63
OD00002850,ORD0000992,P002002,3,105.55,53.58,263.07
OD00002851,ORD0000992,P001131,1,54.3,9.19,45.11
OD00002852,ORD0000992,P001508,3,11.84,6.01,29.51
OD00002853,ORD0000993,P002040,2,73.97,14.15,133.79
OD00002854,ORD0000993,P001953,1,56.75,5.43,51.32
OD00002855,ORD0000994,P000502,2,169.35,59.32,279.38
OD00002856,ORD0000995,P002056,1,328.3,113.71,214.59000000000003
OD00002857,ORD0000995,P000694,2,367.97,254.91,481.0300000000001
OD00002858,ORD0000996,P001549,2,168.53,10.53,326.53
OD00002859,ORD0000996,P001798,2,110.01,6.88,213.14
OD00002860,ORD0000996,P000721,1,118.15,3.69,114.46
OD00002861,ORD0000996,P000972,1,114.82,3.59,111.23
OD00002862,ORD0000996,P002091,1,90.75,2.84,87.91
OD00002863,ORD0000997,P001893,1,96.4,30.22,66.18
OD00002864,ORD0000997,P001461,2,34.97,21.92,48.02
OD00002865,ORD0000997,P000358,2,164.89,103.37,226.41
OD00002866,ORD0000997,P002100,1,84.84,26.59,58.25
OD00002867,ORD0000997,P001129,2,37.47,23.49,51.45
OD00002868,ORD0000997,P001996,1,16.16,5.07,11.09
OD00002869,ORD0000997,P000869,5,68.69,107.65,235.8
OD00002870,ORD0000998,P000871,2,111.44,43.14,179.74
OD00002871,ORD0000999,P000932,2,135.01,103.45,166.57
OD00002872,ORD0001000,P001089,1,507.16,99.13,408.03
OD00002873,ORD0001000,P001320,4,119.58,93.48,384.84
OD00002874,ORD0001000,P000529,1,93.45,18.26,75.19
OD00002875,ORD0001001,P001178,1,97.63,9.96,87.66999999999999
OD00002876,ORD0001001,P000175,1,269.01,27.44,241.57
OD00002877,ORD0001002,P000628,2,26.49,5.8,47.18
OD00002878,ORD0001002,P000137,4,26.82,11.74,95.54
OD00002879,ORD0001003,P002101,4,14.57,1.59,56.69
OD00002880,ORD0001003,P000274,2,80.85,4.41,157.29
OD00002881,ORD0001003,P000368,2,166.03,9.05,323.01
OD00002882,ORD0001004,P000091,1,106.61,10.76,95.85
OD00002883,ORD0001004,P002296,3,79.61,24.12,214.71
OD00002884,ORD0001005,P001719,1,37.8,0.23,37.57
OD00002885,ORD0001005,P001200,3,37.45,0.69,111.66
OD00002886,ORD0001005,P001535,2,11.59,0.14,23.04
OD00002887,ORD0001005,P000399,1,127.88,0.78,127.1
OD00002888,ORD0001005,P001277,1,128.8,0.79,128.01000000000002
OD00002889,ORD0001005,P002035,1,46.48,0.28,46.2
OD00002890,ORD0001005,P002287,5,39.93,1.22,198.43
OD00002891,ORD0001005,P001188,4,29.64,0.73,117.83
OD00002892,ORD0001006,P000973,1,72.39,6.9,65.49
OD00002893,ORD0001006,P001514,1,28.7,2.73,25.97
OD00002894,ORD0001006,P001314,4,35.98,13.71,130.20999999999998
OD00002895,ORD0001006,P000481,2,113.87,21.69,206.05
OD00002896,ORD0001007,P000055,1,213.28,0.82,212.46
OD00002897,ORD0001008,P000729,1,426.6,149.4,277.2
OD00002898,ORD0001008,P000471,2,72.25,50.6,93.9
OD00002899,ORD0001008,P001903,2,15.87,11.11,20.63
OD00002900,ORD0001008,P001303,1,10.43,3.65,6.779999999999999
OD00002901,ORD0001009,P001061,1,285.79,38.71,247.08
OD00002902,ORD0001010,P000082,1,153.12,47.73,105.39
OD00002903,ORD0001011,P001297,1,212.65,53.95,158.7
OD00002904,ORD0001011,P000508,4,112.43,114.09,335.63
OD00002905,ORD0001012,P001665,1,89.24,24.13,65.11
OD00002906,ORD0001012,P000378,4,117.05,126.59,341.61
OD00002907,ORD0001013,P001827,1,250.37,95.05,155.32
OD00002908,ORD0001013,P000402,3,72.69,82.78,135.29
OD00002909,ORD0001014,P000059,1,412.62,110.89,301.73
OD00002910,ORD0001014,P001185,5,32.31,43.41,118.14
OD00002911,ORD0001014,P000909,2,41.22,22.15,60.29
OD00002912,ORD0001015,P000069,1,169.13,49.14,119.99
OD00002913,ORD0001015,P001074,1,99.67,28.96,70.71000000000001
OD00002914,ORD0001016,P001548,2,302.03,211.92,392.14
OD00002915,ORD0001016,P001872,2,71.81,50.39,93.23
OD00002916,ORD0001016,P000601,1,548.62,192.47,356.15
OD00002917,ORD0001017,P000407,5,94.83,6.8,467.35
OD00002918,ORD0001017,P000717,1,204.46,2.94,201.52
OD00002919,ORD0001017,P001775,1,51.2,0.73,50.470000000000006
OD00002920,ORD0001017,P001996,3,16.16,0.7,47.78
OD00002921,ORD0001017,P000724,1,31.8,0.46,31.34
OD00002922,ORD0001017,P000489,1,26.4,0.38,26.02
OD00002923,ORD0001017,P001962,1,21.74,0.31,21.43
OD00002924,ORD0001018,P000485,1,115.32,44.11,71.21
OD00002925,ORD0001018,P001385,1,78.63,30.08,48.55
OD00002926,ORD0001018,P001065,2,71.66,54.82,88.5
OD00002927,ORD0001018,P001000,1,336.28,128.64,207.64
OD00002928,ORD0001019,P001739,4,149.89,48.33,551.23
OD00002929,ORD0001019,P001087,2,188.37,30.36,346.38
OD00002930,ORD0001019,P000990,1,275.76,22.23,253.53
OD00002931,ORD0001019,P000134,1,59.46,4.79,54.67
OD00002932,ORD0001019,P000665,1,57.5,4.63,52.87
OD00002933,ORD0001019,P001286,2,23.89,3.85,43.93
OD00002934,ORD0001020,P001762,1,189.9,52.91,136.99
OD00002935,ORD0001020,P000790,1,96.36,26.85,69.50999999999999
OD00002936,ORD0001021,P001163,2,146.38,52.41,240.35
OD00002937,ORD0001021,P001580,1,92.93,16.63,76.30000000000001
OD00002938,ORD0001021,P001182,1,35.78,6.4,29.380000000000003
OD00002939,ORD0001022,P000660,1,131.25,28.01,103.24
OD00002940,ORD0001022,P000014,2,207.13,88.41,325.85
OD00002941,ORD0001023,P002288,1,72.81,7.32,65.49000000000001
OD00002942,ORD0001023,P001895,1,102.57,10.31,92.26
OD00002943,ORD0001023,P000134,1,59.46,5.98,53.48
OD00002944,ORD0001023,P001705,1,171.67,17.26,154.41
OD00002945,ORD0001023,P000042,5,14.78,7.43,66.47
OD00002946,ORD0001023,P001306,1,63.83,6.42,57.41
OD00002947,ORD0001024,P001416,2,135.23,33.69,236.77
OD00002948,ORD0001025,P002024,3,70.09,0.83,209.44
OD00002949,ORD0001025,P001526,1,27.35,0.11,27.24
OD00002950,ORD0001025,P000109,2,57.96,0.46,115.46
OD00002951,ORD0001025,P000537,1,15.63,0.06,15.57
OD00002952,ORD0001025,P000503,1,25.84,0.1,25.74
OD00002953,ORD0001025,P000973,1,72.39,0.29,72.1
OD00002954,ORD0001026,P001362,2,33.2,22.67,43.73
OD00002955,ORD0001026,P000165,1,204.93,69.97,134.96
OD00002956,ORD0001027,P001237,2,463.26,335.81,590.71
OD00002957,ORD0001027,P001363,2,72.68,52.69,92.67000000000002
OD00002958,ORD0001027,P001075,1,114.98,41.68,73.30000000000001
OD00002959,ORD0001027,P002214,2,26.99,19.57,34.41
OD00002960,ORD0001028,P000481,5,113.87,107.23,462.12
OD00002961,ORD0001029,P001419,2,54.97,28.79,81.15
OD00002962,ORD0001029,P000026,1,807.67,211.49,596.18
OD00002963,ORD0001030,P000790,2,96.36,37.93,154.79
OD00002964,ORD0001030,P000381,1,78.58,15.46,63.12
OD00002965,ORD0001030,P001682,1,32.8,6.45,26.35
OD00002966,ORD0001031,P001457,3,126.08,118.99,259.25
OD00002967,ORD0001032,P000465,1,117.81,6.77,111.04
OD00002968,ORD0001032,P001620,2,77.49,8.9,146.07999999999998
OD00002969,ORD0001032,P002302,2,14.66,1.68,27.64
OD00002970,ORD0001033,P000930,1,38.86,6.3,32.56
OD00002971,ORD0001033,P000274,1,80.85,13.11,67.74
OD00002972,ORD0001033,P001458,1,61.68,10.0,51.68
OD00002973,ORD0001033,P000203,2,108.8,35.27,182.33
OD00002974,ORD0001034,P001914,3,119.59,116.36,242.41
OD00002975,ORD0001035,P001685,1,66.33,20.5,45.83
OD00002976,ORD0001035,P001435,1,258.7,79.95,178.75
OD00002977,ORD0001036,P001037,2,26.02,13.81,38.23
OD00002978,ORD0001036,P000412,2,123.24,65.41,181.07
OD00002979,ORD0001037,P002286,1,68.69,4.04,64.65
OD00002980,ORD0001037,P001937,1,58.81,3.47,55.34
OD00002981,ORD0001037,P001547,1,41.35,2.44,38.91
OD00002982,ORD0001037,P002185,1,36.45,2.15,34.300000000000004
OD00002983,ORD0001037,P000084,1,27.33,1.61,25.72
OD00002984,ORD0001037,P001930,1,26.89,1.59,25.3
OD00002985,ORD0001037,P001960,1,25.15,1.48,23.67
OD00002986,ORD0001038,P001186,1,220.02,26.99,193.03
OD00002987,ORD0001039,P002023,1,147.71,36.49,111.22
OD00002988,ORD0001039,P001709,1,10.37,2.56,7.809999999999999
OD00002989,ORD0001039,P000381,1,78.58,19.41,59.17
OD00002990,ORD0001039,P001058,1,184.92,45.68,139.23999999999998
OD00002991,ORD0001040,P000079,4,209.16,153.82,682.82
OD00002992,ORD0001040,P001202,2,133.98,49.26,218.7
OD00002993,ORD0001040,P001618,2,35.99,13.23,58.75
OD00002994,ORD0001040,P001903,1,15.87,2.92,12.95
OD00002995,ORD0001041,P002120,1,35.16,10.22,24.94
OD00002996,ORD0001041,P000898,1,282.83,82.23,200.6
OD00002997,ORD0001041,P000365,2,91.26,53.07,129.45000000000002
OD00002998,ORD0001042,P000029,1,181.85,59.46,122.39
OD00002999,ORD0001042,P001794,1,146.5,47.91,98.59
OD00003000,ORD0001042,P001358,1,33.33,10.9,22.43
OD00003001,ORD0001043,P001910,2,28.13,22.43,33.83
OD00003002,ORD0001043,P000872,3,111.79,133.69,201.68
OD00003003,ORD0001044,P000455,1,62.06,19.16,42.900000000000006
OD00003004,ORD0001044,P000521,2,55.59,34.33,76.85000000000001
OD00003005,ORD0001044,P001785,1,36.19,11.18,25.01
OD00003006,ORD0001044,P002024,3,70.09,64.93,145.34
OD00003007,ORD0001045,P002151,1,41.99,8.53,33.46
OD00003008,ORD0001045,P000306,1,144.25,29.29,114.96
OD00003009,ORD0001046,P001641,2,21.64,10.84,32.44
OD00003010,ORD0001046,P002105,1,56.69,14.2,42.49
OD00003011,ORD0001046,P001339,1,25.13,6.29,18.84
OD00003012,ORD0001046,P001535,4,11.59,11.61,34.75
OD00003013,ORD0001047,P001693,2,88.15,38.67,137.63
OD00003014,ORD0001047,P002149,1,32.43,7.11,25.32
OD00003015,ORD0001047,P000677,1,302.59,66.37,236.22
OD00003016,ORD0001048,P000488,1,166.19,11.1,155.09
OD00003017,ORD0001048,P001634,3,79.9,16.01,223.69000000000003
OD00003018,ORD0001049,P001835,2,282.77,174.27,391.27
OD00003019,ORD0001049,P001572,1,293.74,90.52,203.22000000000003
OD00003020,ORD0001050,P001293,1,33.57,11.94,21.630000000000003
OD00003021,ORD0001050,P002193,1,79.05,28.11,50.94
OD00003022,ORD0001050,P001252,1,19.01,6.76,12.250000000000002
OD00003023,ORD0001050,P000455,3,62.06,66.22,119.96
OD00003024,ORD0001051,P001139,3,97.73,90.74,202.45
OD00003025,ORD0001051,P000186,4,42.44,52.54,117.22
OD00003026,ORD0001052,P001062,1,614.48,17.06,597.4200000000001
OD00003027,ORD0001053,P000722,1,255.79,28.51,227.28
OD00003028,ORD0001053,P001931,2,26.27,5.86,46.68
OD00003029,ORD0001053,P001790,1,36.35,4.05,32.300000000000004
OD00003030,ORD0001053,P000433,1,37.77,4.21,33.56
OD00003031,ORD0001053,P000657,1,35.83,3.99,31.84
OD00003032,ORD0001053,P001716,1,47.64,5.31,42.33
OD00003033,ORD0001053,P002286,1,68.69,7.66,61.03
OD00003034,ORD0001053,P001017,2,81.8,18.23,145.37
OD00003035,ORD0001054,P001740,2,494.57,339.15,649.99
OD00003036,ORD0001054,P001914,2,119.59,82.01,157.17000000000002
OD00003037,ORD0001054,P001954,2,49.22,33.75,64.69
OD00003038,ORD0001054,P000665,1,57.5,19.72,37.78
OD00003039,ORD0001054,P002104,1,54.06,18.54,35.52
OD00003040,ORD0001054,P000336,1,18.17,6.23,11.94
OD00003041,ORD0001055,P000186,2,42.44,24.72,60.16
OD00003042,ORD0001055,P000763,1,25.62,7.46,18.16
OD00003043,ORD0001055,P001658,1,74.82,21.79,53.03
OD00003044,ORD0001056,P001457,1,126.08,46.76,79.32
OD00003045,ORD0001056,P002287,1,39.93,14.81,25.12
OD00003046,ORD0001056,P001386,2,56.57,41.96,71.18
OD00003047,ORD0001057,P001497,2,101.53,35.17,167.89
OD00003048,ORD0001057,P002218,4,87.69,60.75,290.01
OD00003049,ORD0001058,P000365,1,91.26,36.29,54.970000000000006
OD00003050,ORD0001058,P000190,1,181.94,72.34,109.6
OD00003051,ORD0001058,P000417,2,217.17,172.7,261.64
OD00003052,ORD0001059,P000316,1,726.12,266.37,459.75
OD00003053,ORD0001060,P000936,2,153.5,80.71,226.29
OD00003054,ORD0001060,P001248,1,290.12,76.28,213.84
OD00003055,ORD0001060,P001953,1,56.75,14.92,41.83
OD00003056,ORD0001060,P001113,2,20.44,10.75,30.130000000000003
OD00003057,ORD0001060,P000300,2,13.12,6.9,19.34
OD00003058,ORD0001061,P001807,1,185.1,40.44,144.66
OD00003059,ORD0001061,P000539,1,107.64,23.51,84.13
OD00003060,ORD0001061,P001889,2,49.96,21.83,78.09
OD00003061,ORD0001061,P000903,1,66.6,14.55,52.05
OD00003062,ORD0001061,P001942,1,53.76,11.74,42.02
OD00003063,ORD0001061,P000991,1,51.61,11.27,40.34
OD00003064,ORD0001062,P000581,2,64.38,44.73,84.03
OD00003065,ORD0001062,P002308,1,266.59,92.62,173.96999999999997
OD00003066,ORD0001063,P000589,1,239.79,94.92,144.87
OD00003067,ORD0001063,P000443,1,228.38,90.41,137.97
OD00003068,ORD0001064,P001036,5,177.19,78.67,807.2800000000001
OD00003069,ORD0001065,P001818,4,35.43,22.51,119.21
OD00003070,ORD0001066,P002134,1,253.81,40.53,213.28
OD00003071,ORD0001067,P002051,1,71.11,27.55,43.56
OD00003072,ORD0001067,P001951,1,95.32,36.93,58.38999999999999
OD00003073,ORD0001068,P001220,1,17.2,5.11,12.09
OD00003074,ORD0001068,P001585,1,43.17,12.82,30.35
OD00003075,ORD0001068,P001232,2,93.42,55.51,131.33
OD00003076,ORD0001069,P000005,1,414.83,93.76,321.07
OD00003077,ORD0001070,P000289,2,64.21,48.24,80.18
OD00003078,ORD0001070,P001414,1,106.78,40.12,66.66
OD00003079,ORD0001070,P001897,2,13.85,10.41,17.29
OD00003080,ORD0001070,P001220,1,17.2,6.46,10.739999999999998
OD00003081,ORD0001071,P002002,2,105.55,45.34,165.76
OD00003082,ORD0001071,P001750,2,26.75,11.49,42.01
OD00003083,ORD0001071,P001539,2,27.42,11.78,43.06
OD00003084,ORD0001071,P000957,2,284.87,122.37,447.37
OD00003085,ORD0001072,P001908,1,36.25,10.56,25.69
OD00003086,ORD0001072,P002061,2,29.92,17.44,42.400000000000006
OD00003087,ORD0001072,P000402,3,72.69,63.56,154.51
OD00003088,ORD0001073,P002163,1,265.72,9.45,256.27000000000004
OD00003089,ORD0001073,P001563,3,38.98,4.16,112.78
OD00003090,ORD0001073,P000211,2,41.25,2.94,79.56
OD00003091,ORD0001074,P001173,2,191.51,118.37,264.65
OD00003092,ORD0001074,P001893,4,96.4,119.16,266.44000000000005
OD00003093,ORD0001075,P001890,1,441.15,160.37,280.78
OD00003094,ORD0001075,P000722,1,255.79,92.98,162.81
OD00003095,ORD0001075,P002148,1,54.09,19.66,34.43000000000001
OD00003096,ORD0001075,P000612,1,32.42,11.78,20.64
OD00003097,ORD0001076,P000019,1,173.53,58.85,114.68
OD00003098,ORD0001076,P001202,1,133.98,45.44,88.53999999999999
OD00003099,ORD0001076,P001340,3,37.64,38.3,74.62
OD00003100,ORD0001076,P000058,2,28.18,19.12,37.24
OD00003101,ORD0001076,P001436,1,23.88,8.1,15.78
OD00003102,ORD0001077,P000719,1,264.73,50.89,213.84000000000003
OD00003103,ORD0001078,P002118,2,204.18,107.76,300.6
OD00003104,ORD0001079,P002062,1,287.21,76.93,210.28
OD00003105,ORD0001079,P001962,1,21.74,5.82,15.919999999999998
OD00003106,ORD0001079,P000079,1,209.16,56.02,153.14
OD00003107,ORD0001080,P001248,1,290.12,81.22,208.9
OD00003108,ORD0001080,P001177,1,195.04,54.61,140.43
OD00003109,ORD0001081,P001447,1,424.98,133.3,291.68
OD00003110,ORD0001081,P000208,3,36.35,34.2,74.85000000000001
OD00003111,ORD0001081,P001722,1,73.37,23.01,50.36
OD00003112,ORD0001081,P000229,1,34.48,10.81,23.669999999999995
OD00003113,ORD0001082,P002062,2,287.21,77.07,497.35
OD00003114,ORD0001082,P000074,2,170.35,45.72,294.98
OD00003115,ORD0001082,P000484,1,253.54,34.02,219.52
OD00003116,ORD0001082,P000014,1,207.13,27.79,179.34
OD00003117,ORD0001082,P001445,1,53.4,7.17,46.23
OD00003118,ORD0001083,P000820,2,20.24,7.79,32.69
OD00003119,ORD0001083,P001262,3,31.39,18.11,76.06
OD00003120,ORD0001083,P001202,2,133.98,51.53,216.43
OD00003121,ORD0001084,P002105,1,56.69,13.66,43.03
OD00003122,ORD0001084,P000234,1,74.82,18.03,56.78999999999999
OD00003123,ORD0001084,P001684,1,101.8,24.53,77.27
OD00003124,ORD0001085,P000823,1,70.33,22.73,47.6
OD00003125,ORD0001085,P001570,1,230.66,74.54,156.12
OD00003126,ORD0001086,P001821,1,310.82,110.91,199.91
OD00003127,ORD0001086,P001680,3,102.83,110.07,198.42
OD00003128,ORD0001087,P001060,2,25.83,12.27,39.39
OD00003129,ORD0001087,P002062,1,287.21,68.22,218.99
OD00003130,ORD0001088,P002186,1,274.4,94.59,179.80999999999997
OD00003131,ORD0001088,P001845,2,68.52,47.24,89.79999999999998
OD00003132,ORD0001088,P001183,1,327.53,112.91,214.62
OD00003133,ORD0001089,P001240,2,165.0,117.15,212.85
OD00003134,ORD0001090,P001288,2,107.47,62.33,152.61
OD00003135,ORD0001091,P001550,1,36.92,1.6,35.32
OD00003136,ORD0001091,P001962,1,21.74,0.94,20.8
OD00003137,ORD0001091,P002264,2,156.26,13.56,298.96
OD00003138,ORD0001091,P001574,1,40.16,1.74,38.42
OD00003139,ORD0001091,P000335,1,67.02,2.91,64.11
OD00003140,ORD0001091,P001524,1,280.1,12.15,267.95000000000005
OD00003141,ORD0001091,P002100,1,84.84,3.68,81.16
OD00003142,ORD0001092,P001798,3,110.01,20.75,309.28
OD00003143,ORD0001092,P000970,1,62.84,3.95,58.89
OD00003144,ORD0001092,P001574,1,40.16,2.52,37.63999999999999
OD00003145,ORD0001092,P000085,1,34.24,2.15,32.09
OD00003146,ORD0001092,P001539,1,27.42,1.72,25.700000000000003
OD00003147,ORD0001092,P001286,1,23.89,1.5,22.39
OD00003148,ORD0001093,P002249,1,536.96,51.66,485.30000000000007
OD00003149,ORD0001093,P000407,2,94.83,18.25,171.41
OD00003150,ORD0001094,P002296,3,79.61,84.02,154.81
OD00003151,ORD0001094,P002200,1,174.65,61.45,113.2
OD00003152,ORD0001094,P001046,1,40.61,14.29,26.32
OD00003153,ORD0001095,P000027,1,113.01,27.31,85.7
OD00003154,ORD0001095,P000813,1,289.11,69.86,219.25
OD00003155,ORD0001096,P002152,2,187.05,96.46,277.64000000000004
OD00003156,ORD0001097,P000417,2,217.17,88.13,346.21
OD00003157,ORD0001098,P000565,3,74.47,65.01,158.39999999999998
OD00003158,ORD0001098,P000513,4,77.34,90.01,219.35
OD00003159,ORD0001099,P000994,1,73.25,28.83,44.42
OD00003160,ORD0001099,P001155,2,25.94,20.42,31.46
OD00003161,ORD0001099,P000726,3,59.46,70.21,108.17
OD00003162,ORD0001099,P000921,2,58.64,46.16,71.12
OD00003163,ORD0001099,P001386,1,56.57,22.27,34.3
OD00003164,ORD0001099,P001012,1,341.22,134.31,206.91000000000005
OD00003165,ORD0001100,P000395,1,290.19,112.22,177.97
OD00003166,ORD0001101,P000909,2,41.22,8.14,74.3
OD00003167,ORD0001101,P000502,1,169.35,16.72,152.63
OD00003168,ORD0001101,P001618,1,35.99,3.55,32.440000000000005
OD00003169,ORD0001101,P001648,4,18.02,7.12,64.96
OD00003170,ORD0001102,P000966,2,124.31,80.46,168.16000000000005
OD00003171,ORD0001103,P002173,1,18.12,3.1,15.02
OD00003172,ORD0001103,P000406,2,192.12,65.74,318.5
OD00003173,ORD0001103,P002264,4,156.26,106.93,518.1099999999999
OD00003174,ORD0001104,P000305,1,14.68,1.85,12.83
OD00003175,ORD0001104,P001173,1,191.51,24.11,167.39999999999998
OD00003176,ORD0001104,P001535,4,11.59,5.84,40.52
OD00003177,ORD0001105,P001195,1,41.06,0.11,40.95
OD00003178,ORD0001105,P000075,2,56.67,0.31,113.03
OD00003179,ORD0001105,P001769,2,112.65,0.61,224.69
OD00003180,ORD0001106,P000819,1,287.49,105.72,181.77
OD00003181,ORD0001106,P001122,3,80.35,88.65,152.39999999999998
OD00003182,ORD0001107,P001723,2,168.09,60.96,275.22
OD00003183,ORD0001108,P000047,1,14.43,0.16,14.27
OD00003184,ORD0001108,P001012,1,341.22,3.87,337.35
OD00003185,ORD0001109,P002154,1,93.75,3.03,90.72
OD00003186,ORD0001109,P001504,1,63.19,2.03,61.16
OD00003187,ORD0001109,P001042,1,55.74,1.79,53.95
OD00003188,ORD0001109,P000681,5,10.09,1.62,48.830000000000005
OD00003189,ORD0001109,P000766,3,11.73,1.13,34.059999999999995
OD00003190,ORD0001109,P002302,2,14.66,0.94,28.38
OD00003191,ORD0001110,P001908,4,36.25,43.67,101.33
OD00003192,ORD0001110,P001817,3,27.04,24.43,56.690000000000005
OD00003193,ORD0001110,P002259,1,224.79,67.7,157.08999999999995
OD00003194,ORD0001110,P000110,2,319.97,192.73,447.21
OD00003195,ORD0001111,P000746,1,256.75,73.86,182.89
OD00003196,ORD0001111,P001992,1,29.94,8.61,21.33
OD00003197,ORD0001111,P000986,3,57.6,49.71,123.09
OD00003198,ORD0001111,P000057,2,254.75,146.57,362.93
OD00003199,ORD0001112,P000773,1,35.94,2.04,33.9
OD00003200,ORD0001112,P000014,2,207.13,23.46,390.8
OD00003201,ORD0001112,P000591,1,54.09,3.06,51.03
OD00003202,ORD0001112,P001508,1,11.84,0.67,11.17
OD00003203,ORD0001112,P000431,1,12.62,0.71,11.91
OD00003204,ORD0001112,P001573,1,398.24,22.55,375.69
OD00003205,ORD0001113,P002088,1,43.71,10.1,33.61
OD00003206,ORD0001113,P002025,1,123.57,28.55,95.02
OD00003207,ORD0001114,P000608,4,84.5,42.47,295.53
OD00003208,ORD0001115,P001709,4,10.37,12.79,28.69
OD00003209,ORD0001115,P000887,3,14.73,13.63,30.559999999999995
OD00003210,ORD0001115,P002154,3,93.75,86.72,194.53
OD00003211,ORD0001116,P000234,1,74.82,19.3,55.52
OD00003212,ORD0001116,P000972,2,114.82,59.25,170.39
OD00003213,ORD0001117,P001413,2,101.76,23.31,180.21
OD00003214,ORD0001117,P000689,1,52.69,6.04,46.65
OD00003215,ORD0001117,P001324,1,50.65,5.8,44.85
OD00003216,ORD0001118,P001652,1,30.01,9.79,20.22
OD00003217,ORD0001118,P000800,1,172.5,56.27,116.23
OD00003218,ORD0001118,P000226,1,41.66,13.59,28.07
OD00003219,ORD0001118,P001329,1,132.44,43.21,89.22999999999999
OD00003220,ORD0001119,P000467,1,81.3,32.02,49.28
OD00003221,ORD0001119,P002007,3,53.53,63.26,97.33
OD00003222,ORD0001120,P000099,2,79.0,60.94,97.06
OD00003223,ORD0001120,P001967,1,202.8,78.22,124.58
OD00003224,ORD0001120,P000486,1,60.44,23.31,37.13
OD00003225,ORD0001120,P001133,4,112.09,172.94,275.42
OD00003226,ORD0001121,P001898,2,168.29,13.17,323.41
OD00003227,ORD0001121,P001139,1,97.73,3.82,93.91
OD00003228,ORD0001121,P000757,2,41.35,3.23,79.47
OD00003229,ORD0001121,P002245,1,59.05,2.31,56.74
OD00003230,ORD0001121,P001805,1,51.53,2.01,49.52
OD00003231,ORD0001122,P001300,1,269.27,27.12,242.15
OD00003232,ORD0001122,P000150,5,65.77,33.12,295.73
OD00003233,ORD0001123,P000067,1,171.85,40.72,131.13
OD00003234,ORD0001123,P000902,2,128.97,61.13,196.81
OD00003235,ORD0001124,P001654,2,224.8,29.51,420.09
OD00003236,ORD0001125,P001763,1,88.72,24.94,63.78
OD00003237,ORD0001125,P002198,1,210.81,59.27,151.54
OD00003238,ORD0001126,P000408,1,227.81,17.96,209.85
OD00003239,ORD0001126,P001535,2,11.59,1.83,21.35
OD00003240,ORD0001127,P001880,1,44.35,7.0,37.35
OD00003241,ORD0001127,P001644,1,29.68,4.69,24.99
OD00003242,ORD0001127,P001340,1,37.64,5.95,31.69
OD00003243,ORD0001127,P002081,3,216.62,102.64,547.22
OD00003244,ORD0001128,P000280,2,138.09,80.32,195.86
OD00003245,ORD0001128,P001723,1,168.09,48.89,119.2
OD00003246,ORD0001128,P001929,1,136.7,39.76,96.94
OD00003247,ORD0001128,P001552,1,59.4,17.28,42.12
OD00003248,ORD0001129,P000450,1,191.98,26.97,165.01
OD00003249,ORD0001130,P000211,2,41.25,26.59,55.91
OD00003250,ORD0001130,P000738,1,371.14,119.63,251.51
OD00003251,ORD0001130,P002137,2,113.15,72.94,153.36
OD00003252,ORD0001131,P001214,1,73.6,8.21,65.39
OD00003253,ORD0001131,P001943,1,71.66,7.98,63.67999999999999
OD00003254,ORD0001131,P000830,1,60.53,6.74,53.79
OD00003255,ORD0001132,P001827,2,250.37,175.82,324.92
OD00003256,ORD0001132,P000362,3,98.69,103.96,192.11
OD00003257,ORD0001132,P000019,4,173.53,243.73,450.39
OD00003258,ORD0001133,P000566,2,14.91,9.99,19.83
OD00003259,ORD0001133,P001832,1,17.83,5.98,11.849999999999998
OD00003260,ORD0001133,P002242,2,26.65,17.86,35.44
OD00003261,ORD0001133,P000637,1,214.88,72.02,142.86
OD00003262,ORD0001134,P001860,1,291.13,66.43,224.7
OD00003263,ORD0001134,P000612,1,32.42,7.4,25.020000000000003
OD00003264,ORD0001134,P001840,1,72.79,16.61,56.18000000000001
OD00003265,ORD0001134,P001384,1,355.7,81.16,274.54
OD00003266,ORD0001135,P000862,1,660.18,224.6,435.58
OD00003267,ORD0001135,P000756,1,566.62,192.76,373.86
OD00003268,ORD0001135,P000543,1,309.3,105.22,204.08
OD00003269,ORD0001136,P001815,4,15.67,23.19,39.49
OD00003270,ORD0001136,P000442,1,784.87,290.42,494.45
OD00003271,ORD0001137,P002135,1,26.88,7.96,18.92
OD00003272,ORD0001137,P001843,1,352.71,104.46,248.25
OD00003273,ORD0001138,P000234,1,74.82,20.06,54.76
OD00003274,ORD0001138,P001585,1,43.17,11.58,31.590000000000003
OD00003275,ORD0001138,P002185,1,36.45,9.78,26.67
OD00003276,ORD0001138,P000494,1,32.88,8.82,24.06
OD00003277,ORD0001139,P001235,1,355.99,37.26,318.73
OD00003278,ORD0001140,P000397,1,25.56,5.68,19.88
OD00003279,ORD0001140,P000758,1,134.79,29.97,104.82
OD00003280,ORD0001140,P002082,3,117.58,78.43,274.31
OD00003281,ORD0001141,P002258,3,182.7,93.27,454.8299999999999
OD00003282,ORD0001142,P001426,1,273.67,23.31,250.36
OD00003283,ORD0001142,P002212,2,117.88,20.09,215.67
OD00003284,ORD0001142,P000816,1,131.34,11.19,120.15
OD00003285,ORD0001142,P000556,2,62.45,10.64,114.26
OD00003286,ORD0001142,P001986,1,124.07,10.57,113.5
OD00003287,ORD0001142,P000297,2,43.52,7.42,79.62
OD00003288,ORD0001142,P000887,5,14.73,6.28,67.37
OD00003289,ORD0001142,P000332,2,31.95,5.44,58.46
OD00003290,ORD0001142,P002055,1,26.6,2.27,24.33
OD00003291,ORD0001143,P000492,1,186.18,26.47,159.71
OD00003292,ORD0001143,P001311,2,77.31,22.0,132.62
OD00003293,ORD0001143,P001906,3,36.23,15.46,93.23
OD00003294,ORD0001143,P001472,1,96.79,13.77,83.02000000000001
OD00003295,ORD0001143,P000669,3,18.28,7.8,47.040000000000006
OD00003296,ORD0001143,P000577,3,12.6,5.38,32.419999999999995
OD00003297,ORD0001143,P001535,3,11.59,4.95,29.82
OD00003298,ORD0001143,P000122,2,13.73,3.91,23.55
OD00003299,ORD0001144,P001945,1,335.96,39.64,296.32
OD00003300,ORD0001145,P001829,1,41.08,6.03,35.05
OD00003301,ORD0001145,P000508,3,112.43,49.49,287.8
OD00003302,ORD0001145,P000275,2,32.72,9.6,55.84
OD00003303,ORD0001146,P001527,1,9.84,2.45,7.39
OD00003304,ORD0001146,P001637,1,273.94,68.24,205.7
OD00003305,ORD0001146,P000241,1,294.45,73.34,221.11
OD00003306,ORD0001147,P000902,2,128.97,50.06,207.88
OD00003307,ORD0001148,P001018,3,86.93,9.47,251.32
OD00003308,ORD0001149,P000455,3,62.06,65.31,120.87
OD00003309,ORD0001150,P001785,4,36.19,50.18,94.58
OD00003310,ORD0001150,P000133,2,49.91,34.6,65.22
OD00003311,ORD0001150,P000909,2,41.22,28.57,53.87
OD00003312,ORD0001150,P001829,1,41.08,14.24,26.84
OD00003313,ORD0001150,P000577,2,12.6,8.73,16.47
OD00003314,ORD0001151,P001987,2,112.95,80.7,145.2
OD00003315,ORD0001152,P002242,2,26.65,18.26,35.03999999999999
OD00003316,ORD0001152,P002158,2,143.05,98.0,188.1
OD00003317,ORD0001152,P001177,1,195.04,66.81,128.23
OD00003318,ORD0001153,P000538,1,62.85,7.75,55.1
OD00003319,ORD0001153,P002258,2,182.7,45.09,320.30999999999995
OD00003320,ORD0001154,P001599,1,288.21,74.72,213.49
OD00003321,ORD0001154,P001721,1,163.99,42.51,121.48000000000002
OD00003322,ORD0001155,P000750,1,265.76,105.03,160.73
OD00003323,ORD0001155,P001676,1,174.55,68.99,105.56000000000002
OD00003324,ORD0001156,P000893,1,31.64,10.12,21.520000000000003
OD00003325,ORD0001156,P001585,1,43.17,13.8,29.37
OD00003326,ORD0001156,P001100,2,223.6,143.0,304.2
OD00003327,ORD0001157,P000237,1,11.01,4.18,6.83
OD00003328,ORD0001157,P001321,1,124.39,47.23,77.16
OD00003329,ORD0001157,P001763,1,88.72,33.68,55.04
OD00003330,ORD0001158,P001113,1,20.44,5.34,15.1
OD00003331,ORD0001158,P000575,2,267.96,140.06,395.86
OD00003332,ORD0001159,P000778,3,284.46,110.63,742.75
OD00003333,ORD0001159,P000637,2,214.88,55.71,374.05
OD00003334,ORD0001159,P001312,1,106.48,13.8,92.68
OD00003335,ORD0001159,P001722,1,73.37,9.51,63.86000000000001
OD00003336,ORD0001159,P001358,2,33.33,8.64,58.02
OD00003337,ORD0001159,P001552,1,59.4,7.7,51.7
OD00003338,ORD0001159,P000119,1,56.16,7.28,48.88
OD00003339,ORD0001159,P002110,1,27.11,3.51,23.6
OD00003340,ORD0001160,P001978,1,11.81,4.72,7.090000000000001
OD00003341,ORD0001160,P001730,1,279.71,111.71,168.0
OD00003342,ORD0001161,P000817,2,38.77,26.0,51.540000000000006
OD00003343,ORD0001161,P001989,2,266.51,178.74,354.28
OD00003344,ORD0001162,P002036,2,175.35,128.78,221.92
OD00003345,ORD0001163,P001783,1,267.95,8.4,259.55
OD00003346,ORD0001164,P001504,1,63.19,1.59,61.6
OD00003347,ORD0001164,P001038,3,93.74,7.1,274.11999999999995
OD00003348,ORD0001165,P001265,2,55.04,20.44,89.64
OD00003349,ORD0001165,P001955,1,57.7,10.71,46.99
OD00003350,ORD0001165,P000633,1,62.46,11.6,50.86
OD00003351,ORD0001166,P001612,1,235.62,55.43,180.19
OD00003352,ORD0001166,P002206,2,48.53,22.84,74.22
OD00003353,ORD0001167,P002061,3,29.92,23.33,66.43
OD00003354,ORD0001167,P001072,1,176.87,45.97,130.9
OD00003355,ORD0001167,P001628,1,216.17,56.18,159.98999999999998
OD00003356,ORD0001168,P000736,2,62.24,3.69,120.79
OD00003357,ORD0001168,P001829,2,41.08,2.44,79.72
OD00003358,ORD0001169,P002304,2,105.42,25.97,184.87
OD00003359,ORD0001170,P002195,2,43.32,31.06,55.58
OD00003360,ORD0001170,P001423,3,77.52,83.38,149.18
OD00003361,ORD0001170,P000778,1,284.46,101.99,182.47
OD00003362,ORD0001171,P001112,1,204.97,79.3,125.67
OD00003363,ORD0001171,P000913,1,513.1,198.51,314.59000000000003
OD00003364,ORD0001172,P001718,2,216.08,33.14,399.02
OD00003365,ORD0001173,P001937,1,58.81,21.59,37.22
OD00003366,ORD0001173,P000903,1,66.6,24.45,42.14999999999999
OD00003367,ORD0001173,P000334,1,236.47,86.81,149.66
OD00003368,ORD0001174,P001202,2,133.98,80.55,187.41
OD00003369,ORD0001174,P000827,3,64.77,58.42,135.89
OD00003370,ORD0001174,P000777,1,56.28,16.92,39.36
OD00003371,ORD0001174,P000805,1,22.55,6.78,15.77
OD00003372,ORD0001175,P001335,1,53.15,9.95,43.2
OD00003373,ORD0001175,P000790,2,96.36,36.07,156.65
OD00003374,ORD0001175,P002086,1,304.53,56.99,247.54
OD00003375,ORD0001176,P002310,2,220.84,53.89,387.79
OD00003376,ORD0001176,P001091,1,216.52,26.42,190.1
OD00003377,ORD0001177,P000023,1,298.85,102.65,196.2
OD00003378,ORD0001177,P000455,4,62.06,85.27,162.97000000000003
OD00003379,ORD0001177,P000555,1,104.59,35.93,68.66
OD00003380,ORD0001177,P000127,2,10.64,7.31,13.970000000000002
OD00003381,ORD0001177,P002096,2,8.98,6.17,11.79
OD00003382,ORD0001177,P001897,1,13.85,4.76,9.09
OD00003383,ORD0001178,P001017,2,81.8,30.67,132.93
OD00003384,ORD0001179,P001055,1,88.47,25.21,63.26
OD00003385,ORD0001179,P000864,2,188.84,107.61,270.07
OD00003386,ORD0001180,P001426,1,273.67,98.7,174.97000000000003
OD00003387,ORD0001180,P001548,2,302.03,217.86,386.19999999999993
OD00003388,ORD0001181,P001240,2,165.0,48.81,281.19
OD00003389,ORD0001182,P001823,1,161.67,46.3,115.37
OD00003390,ORD0001182,P002139,1,138.5,39.68,98.82
OD00003391,ORD0001182,P000668,1,50.67,14.52,36.150000000000006
OD00003392,ORD0001182,P000820,2,20.24,11.6,28.879999999999995
OD00003393,ORD0001183,P001395,1,165.77,39.82,125.95000000000002
OD00003394,ORD0001183,P000165,1,204.93,49.23,155.70000000000002
OD00003395,ORD0001184,P001295,5,9.47,11.72,35.63
OD00003396,ORD0001184,P001659,1,118.36,29.29,89.07
OD00003397,ORD0001184,P000002,1,40.62,10.05,30.57
OD00003398,ORD0001184,P000214,1,27.03,6.69,20.34
OD00003399,ORD0001184,P002260,2,18.66,9.24,28.08
OD00003400,ORD0001184,P000687,3,120.74,89.64,272.58
OD00003401,ORD0001184,P002088,2,43.71,21.63,65.79
OD00003402,ORD0001184,P000417,2,217.17,107.49,326.85
OD00003403,ORD0001185,P002214,4,26.99,20.65,87.31
OD00003404,ORD0001185,P001992,1,29.94,5.73,24.21
OD00003405,ORD0001185,P001539,1,27.42,5.24,22.18
OD00003406,ORD0001185,P001889,2,49.96,19.11,80.81
OD00003407,ORD0001186,P001735,1,375.06,1.75,373.31
OD00003408,ORD0001187,P002060,4,17.89,1.79,69.77
OD00003409,ORD0001187,P000134,1,59.46,1.49,57.97
OD00003410,ORD0001187,P001418,3,17.86,1.35,52.23
OD00003411,ORD0001187,P000838,1,37.63,0.95,36.68
OD00003412,ORD0001187,P000269,1,27.27,0.69,26.58
OD00003413,ORD0001187,P000305,1,14.68,0.37,14.31
OD00003414,ORD0001188,P000852,2,70.27,43.97,96.57
OD00003415,ORD0001188,P000700,1,93.93,29.38,64.55000000000001
OD00003416,ORD0001188,P000656,1,206.34,64.55,141.79000000000002
OD00003417,ORD0001189,P001862,1,281.01,92.13,188.88
OD00003418,ORD0001189,P001917,1,345.15,113.16,231.99
OD00003419,ORD0001190,P000481,3,113.87,70.96,270.65
OD00003420,ORD0001190,P000898,1,282.83,58.76,224.07
OD00003421,ORD0001190,P000783,2,37.54,15.6,59.48
OD00003422,ORD0001190,P002232,1,24.25,5.04,19.21
OD00003423,ORD0001191,P000810,1,463.84,85.75,378.09
OD00003424,ORD0001191,P000069,1,169.13,31.27,137.86
OD00003425,ORD0001191,P001923,1,23.49,4.34,19.15
OD00003426,ORD0001191,P001017,3,81.8,45.37,200.03
OD00003427,ORD0001192,P001409,1,775.89,258.16,517.73
OD00003428,ORD0001193,P001860,1,291.13,91.15,199.98
OD00003429,ORD0001193,P001608,1,51.31,16.06,35.25
OD00003430,ORD0001193,P001143,1,14.52,4.55,9.97
OD00003431,ORD0001193,P002048,1,180.1,56.39,123.71
OD00003432,ORD0001194,P000021,1,61.51,5.49,56.02
OD00003433,ORD0001194,P001231,1,105.69,9.43,96.26
OD00003434,ORD0001195,P000814,1,23.82,2.8,21.02
OD00003435,ORD0001195,P000097,1,54.28,6.39,47.89
OD00003436,ORD0001195,P000540,3,21.34,7.53,56.49
OD00003437,ORD0001195,P000392,2,80.47,18.93,142.01
OD00003438,ORD0001196,P001011,1,178.37,16.73,161.64
OD00003439,ORD0001196,P001279,3,35.91,10.11,97.62
OD00003440,ORD0001197,P000844,3,118.51,104.32,251.21000000000004
OD00003441,ORD0001197,P000072,2,59.91,35.16,84.66
OD00003442,ORD0001197,P000213,1,275.26,80.77,194.49
OD00003443,ORD0001198,P001624,2,225.32,152.97,297.67
OD00003444,ORD0001199,P002163,1,265.72,1.49,264.23
OD00003445,ORD0001199,P000378,3,117.05,1.97,349.17999999999995
OD00003446,ORD0001199,P000975,1,18.64,0.1,18.54
OD00003447,ORD0001199,P002286,1,68.69,0.39,68.3
OD00003448,ORD0001200,P001778,1,763.48,151.6,611.88
OD00003449,ORD0001201,P001462,1,251.4,32.28,219.12
OD00003450,ORD0001201,P000398,2,31.28,8.04,54.52
OD00003451,ORD0001201,P000830,1,60.53,7.77,52.760000000000005
OD00003452,ORD0001201,P002260,3,18.66,7.19,48.790000000000006
OD00003453,ORD0001201,P000205,1,40.84,5.25,35.59
OD00003454,ORD0001201,P000300,1,13.12,1.69,11.43
OD00003455,ORD0001202,P000639,1,197.72,36.41,161.31
OD00003456,ORD0001203,P001176,2,136.96,105.91,168.01000000000002
OD00003457,ORD0001203,P000651,2,274.64,212.39,336.89
OD00003458,ORD0001204,P000707,1,164.34,45.89,118.45
OD00003459,ORD0001204,P001184,1,129.74,36.23,93.51000000000002
OD00003460,ORD0001205,P001684,2,101.8,25.29,178.31
OD00003461,ORD0001206,P002142,1,432.29,101.54,330.75
OD00003462,ORD0001207,P001531,1,112.69,15.01,97.68
OD00003463,ORD0001207,P001648,1,18.02,2.4,15.62
OD00003464,ORD0001207,P000960,1,51.53,6.86,44.67
OD00003465,ORD0001207,P002077,1,56.22,7.49,48.73
OD00003466,ORD0001207,P001504,5,63.19,42.09,273.86
OD00003467,ORD0001208,P001073,1,58.1,4.06,54.04
OD00003468,ORD0001208,P001638,2,26.25,3.67,48.83
OD00003469,ORD0001208,P001657,1,30.71,2.14,28.57
OD00003470,ORD0001208,P001745,1,14.53,1.01,13.52
OD00003471,ORD0001209,P001770,1,23.73,8.69,15.04
OD00003472,ORD0001209,P000663,1,198.1,72.55,125.55
OD00003473,ORD0001209,P001235,1,355.99,130.36,225.63
OD00003474,ORD0001210,P001789,1,92.2,32.02,60.18
OD00003475,ORD0001210,P001133,1,112.09,38.93,73.16
OD00003476,ORD0001211,P000555,1,104.59,25.95,78.64
OD00003477,ORD0001211,P001123,1,331.04,82.12,248.92
OD00003478,ORD0001212,P001277,2,128.8,51.97,205.63
OD00003479,ORD0001213,P000598,3,62.73,43.27,144.92
OD00003480,ORD0001213,P001310,1,107.16,24.64,82.52
OD00003481,ORD0001213,P000721,1,118.15,27.16,90.99
OD00003482,ORD0001214,P000496,1,36.73,2.81,33.919999999999995
OD00003483,ORD0001214,P001576,1,48.39,3.7,44.69
OD00003484,ORD0001214,P000730,3,34.77,7.99,96.32
OD00003485,ORD0001214,P000086,1,47.24,3.62,43.620000000000005
OD00003486,ORD0001214,P001640,1,54.74,4.19,50.55
OD00003487,ORD0001214,P000943,1,49.65,3.8,45.85
OD00003488,ORD0001214,P001364,1,150.16,11.5,138.66
OD00003489,ORD0001214,P000346,1,28.74,2.2,26.54
OD00003490,ORD0001214,P001996,1,16.16,1.24,14.92
OD00003491,ORD0001214,P000893,1,31.64,2.42,29.22
OD00003492,ORD0001214,P001728,1,454.87,34.82,420.05
OD00003493,ORD0001214,P001113,1,20.44,1.56,18.880000000000003
OD00003494,ORD0001214,P000558,1,92.47,7.08,85.39
OD00003495,ORD0001215,P000899,3,88.16,85.32,179.16000000000005
OD00003496,ORD0001215,P000689,1,52.69,17.0,35.69
OD00003497,ORD0001215,P001814,2,42.24,27.25,57.23
OD00003498,ORD0001215,P001741,2,175.8,113.43,238.17
OD00003499,ORD0001216,P000534,1,61.01,17.07,43.94
OD00003500,ORD0001216,P001544,2,329.68,184.53,474.83
OD00003501,ORD0001217,P000878,1,57.91,1.7,56.21
OD00003502,ORD0001217,P000220,1,53.49,1.57,51.92
OD00003503,ORD0001217,P000538,1,62.85,1.84,61.01
OD00003504,ORD0001217,P002055,1,26.6,0.78,25.82
OD00003505,ORD0001217,P002232,1,24.25,0.71,23.54
OD00003506,ORD0001217,P001703,1,35.31,1.04,34.27
OD00003507,ORD0001217,P000338,2,64.44,3.78,125.1
OD00003508,ORD0001217,P000930,1,38.86,1.14,37.72
OD00003509,ORD0001218,P002182,1,71.08,3.26,67.82
OD00003510,ORD0001218,P001775,1,51.2,2.35,48.85
OD00003511,ORD0001218,P001630,1,70.33,3.22,67.11
OD00003512,ORD0001218,P000097,1,54.28,2.49,51.79
OD00003513,ORD0001218,P000220,2,53.49,4.9,102.08
OD00003514,ORD0001218,P000991,1,51.61,2.37,49.24
OD00003515,ORD0001219,P001186,1,220.02,79.63,140.39
OD00003516,ORD0001219,P001415,5,38.69,70.01,123.43999999999998
OD00003517,ORD0001220,P001837,1,585.25,32.73,552.52
OD00003518,ORD0001220,P000945,1,76.62,4.28,72.34
OD00003519,ORD0001221,P002023,1,147.71,26.2,121.51
OD00003520,ORD0001221,P000973,2,72.39,25.69,119.09
OD00003521,ORD0001221,P000323,1,73.75,13.09,60.66
OD00003522,ORD0001222,P001053,1,378.97,12.47,366.5
OD00003523,ORD0001222,P001933,1,124.66,4.1,120.56
OD00003524,ORD0001222,P001836,1,68.52,2.26,66.25999999999999
OD00003525,ORD0001222,P000434,1,47.9,1.58,46.32
OD00003526,ORD0001222,P000724,1,31.8,1.05,30.75
OD00003527,ORD0001223,P001392,2,201.47,101.17,301.77
OD00003528,ORD0001223,P001126,1,152.29,38.24,114.04999999999998
OD00003529,ORD0001223,P000699,1,62.43,15.68,46.75
OD00003530,ORD0001223,P001445,1,53.4,13.41,39.99
OD00003531,ORD0001223,P000716,1,23.57,5.92,17.65
OD00003532,ORD0001223,P001870,1,15.97,4.01,11.96
OD00003533,ORD0001224,P001067,3,202.98,20.6,588.3399999999999
OD00003534,ORD0001225,P000537,1,15.63,5.15,10.48
OD00003535,ORD0001225,P001435,1,258.7,85.23,173.46999999999997
OD00003536,ORD0001225,P001818,2,35.43,23.35,47.51
OD00003537,ORD0001225,P001161,2,72.63,47.86,97.4
OD00003538,ORD0001225,P002302,1,14.66,4.83,9.83
OD00003539,ORD0001225,P001255,3,84.37,83.39,169.72000000000003
OD00003540,ORD0001226,P000211,2,41.25,24.66,57.84
OD00003541,ORD0001226,P002077,1,56.22,16.81,39.41
OD00003542,ORD0001226,P001312,3,106.48,95.5,223.94
OD00003543,ORD0001227,P001247,1,11.28,3.87,7.409999999999999
OD00003544,ORD0001227,P002190,2,16.51,11.33,21.690000000000005
OD00003545,ORD0001227,P001047,2,83.43,57.25,109.61
OD00003546,ORD0001227,P000168,2,106.82,73.3,140.33999999999995
OD00003547,ORD0001228,P002288,2,72.81,2.86,142.76
OD00003548,ORD0001228,P002024,2,70.09,2.76,137.42000000000002
OD00003549,ORD0001228,P001556,2,14.89,0.59,29.19
OD00003550,ORD0001228,P000514,2,11.33,0.45,22.21
OD00003551,ORD0001228,P001303,2,10.43,0.41,20.45
OD00003552,ORD0001229,P001590,1,17.74,0.47,17.27
OD00003553,ORD0001229,P002111,2,76.54,4.05,149.03
OD00003554,ORD0001229,P001220,2,17.2,0.91,33.49
OD00003555,ORD0001229,P001736,3,44.44,3.53,129.79
OD00003556,ORD0001229,P002140,4,161.06,17.04,627.2
OD00003557,ORD0001230,P001527,2,9.84,4.53,15.15
OD00003558,ORD0001230,P000464,4,31.83,29.29,98.03
OD00003559,ORD0001230,P001288,1,107.47,24.73,82.74
OD00003560,ORD0001230,P000643,2,501.6,230.81,772.3900000000001
OD00003561,ORD0001231,P000965,3,154.18,45.0,417.54
OD00003562,ORD0001232,P000745,2,91.93,46.75,137.11
OD00003563,ORD0001233,P001434,2,156.54,119.27,193.81
OD00003564,ORD0001233,P002088,1,43.71,16.65,27.06
OD00003565,ORD0001233,P001970,2,163.58,124.64,202.52000000000004
OD00003566,ORD0001234,P001682,1,32.8,1.91,30.89
OD00003567,ORD0001234,P000875,1,54.34,3.17,51.17
OD00003568,ORD0001234,P000094,3,15.97,2.79,45.120000000000005
OD00003569,ORD0001234,P001595,1,350.86,20.45,330.41
OD00003570,ORD0001235,P000662,1,536.17,0.11,536.06
OD00003571,ORD0001236,P001087,2,188.37,112.53,264.21000000000004
OD00003572,ORD0001237,P000524,1,101.03,13.23,87.8
OD00003573,ORD0001237,P001276,1,48.28,6.33,41.95
OD00003574,ORD0001237,P001671,1,48.0,6.29,41.71
OD00003575,ORD0001238,P000724,1,31.8,0.55,31.25
OD00003576,ORD0001238,P001870,1,15.97,0.27,15.7
OD00003577,ORD0001238,P001980,1,119.71,2.06,117.65
OD00003578,ORD0001238,P000171,4,270.41,18.62,1063.0200000000002
OD00003579,ORD0001239,P000289,3,64.21,62.26,130.37
OD00003580,ORD0001239,P002201,1,327.09,105.71,221.38
OD00003581,ORD0001239,P000966,2,124.31,80.35,168.27
OD00003582,ORD0001240,P000409,1,256.92,41.61,215.31
OD00003583,ORD0001241,P002275,1,505.68,95.17,410.51
OD00003584,ORD0001242,P001803,1,222.61,81.73,140.88
OD00003585,ORD0001242,P001080,1,443.28,162.74,280.54
OD00003586,ORD0001243,P001433,1,227.11,21.87,205.24
OD00003587,ORD0001244,P001819,1,96.77,3.91,92.86
OD00003588,ORD0001244,P000909,1,41.22,1.67,39.55
OD00003589,ORD0001245,P001942,4,53.76,30.37,184.67
OD00003590,ORD0001245,P001850,3,77.03,32.64,198.45
OD00003591,ORD0001246,P000280,3,138.09,22.96,391.31
OD00003592,ORD0001247,P001673,1,108.09,9.31,98.78
OD00003593,ORD0001247,P000005,1,414.83,35.75,379.08
OD00003594,ORD0001247,P002309,1,237.23,20.44,216.79
OD00003595,ORD0001247,P001094,2,115.86,19.97,211.75
OD00003596,ORD0001248,P001467,1,718.02,97.65,620.37
OD00003597,ORD0001248,P001619,1,449.96,61.2,388.76
OD00003598,ORD0001249,P001054,1,301.78,72.55,229.23
OD00003599,ORD0001250,P001836,1,68.52,7.36,61.16
OD00003600,ORD0001250,P001502,1,114.88,12.33,102.55
OD00003601,ORD0001251,P002180,5,35.25,32.9,143.35
OD00003602,ORD0001252,P002027,1,36.46,8.22,28.24
OD00003603,ORD0001252,P001936,2,48.11,21.7,74.52
OD00003604,ORD0001252,P001975,1,108.97,24.58,84.39
OD00003605,ORD0001252,P000165,1,204.93,46.22,158.71
OD00003606,ORD0001253,P001852,1,32.47,1.23,31.24
OD00003607,ORD0001253,P001173,1,191.51,7.23,184.28
OD00003608,ORD0001254,P001870,1,15.97,4.34,11.63
OD00003609,ORD0001254,P001195,1,41.06,11.16,29.9
OD00003610,ORD0001254,P000220,1,53.49,14.54,38.95
OD00003611,ORD0001254,P000672,5,173.06,235.19,630.1099999999999
OD00003612,ORD0001254,P001892,2,597.34,324.72,869.96
OD00003613,ORD0001255,P000526,5,100.03,161.04,339.11
OD00003614,ORD0001256,P001643,2,107.38,74.19,140.57
OD00003615,ORD0001256,P001065,1,71.66,24.76,46.9
OD00003616,ORD0001256,P001039,1,57.04,19.7,37.34
OD00003617,ORD0001256,P000821,1,53.31,18.41,34.900000000000006
OD00003618,ORD0001256,P001547,1,41.35,14.28,27.07
OD00003619,ORD0001256,P001550,1,36.92,12.75,24.17
OD00003620,ORD0001257,P002141,1,139.4,14.27,125.13
OD00003621,ORD0001257,P001539,1,27.42,2.81,24.610000000000003
OD00003622,ORD0001257,P000438,1,93.07,9.53,83.53999999999999
OD00003623,ORD0001257,P000210,1,88.36,9.05,79.31
OD00003624,ORD0001257,P001195,1,41.06,4.2,36.86
OD00003625,ORD0001258,P000674,2,275.44,183.57,367.31
OD00003626,ORD0001259,P001288,1,107.47,42.04,65.43
OD00003627,ORD0001259,P000580,3,13.61,15.97,24.86
OD00003628,ORD0001259,P001970,1,163.58,64.0,99.58
OD00003629,ORD0001259,P001659,3,118.36,138.92,216.16
OD00003630,ORD0001259,P001032,3,9.94,11.67,18.15
OD00003631,ORD0001259,P000624,2,271.96,212.79,331.13
OD00003632,ORD0001260,P002206,5,48.53,12.44,230.21
OD00003633,ORD0001260,P000943,1,49.65,2.54,47.11
OD00003634,ORD0001260,P002146,2,60.76,6.23,115.29
OD00003635,ORD0001261,P001212,2,310.45,155.67,465.23
OD00003636,ORD0001261,P000667,2,123.52,61.94,185.1
OD00003637,ORD0001261,P001065,1,71.66,17.97,53.69
OD00003638,ORD0001261,P000534,1,61.01,15.3,45.71
OD00003639,ORD0001261,P000393,1,51.43,12.9,38.53
OD00003640,ORD0001262,P000688,1,40.73,16.2,24.53
OD00003641,ORD0001262,P001987,1,112.95,44.94,68.01
OD00003642,ORD0001262,P001416,1,135.23,53.8,81.42999999999999
OD00003643,ORD0001263,P000380,1,60.87,9.44,51.43
OD00003644,ORD0001263,P001147,3,73.39,34.15,186.02
OD00003645,ORD0001263,P000644,1,211.75,32.85,178.9
OD00003646,ORD0001264,P001630,1,70.33,3.29,67.03999999999999
OD00003647,ORD0001264,P002291,4,45.16,8.45,172.19
OD00003648,ORD0001265,P001244,2,28.47,6.65,50.29
OD00003649,ORD0001265,P000173,1,25.33,2.96,22.37
OD00003650,ORD0001265,P002154,2,93.75,21.9,165.6
OD00003651,ORD0001265,P000515,1,95.92,11.21,84.71000000000001
OD00003652,ORD0001266,P000224,2,111.14,46.4,175.88
OD00003653,ORD0001267,P001124,1,196.19,10.24,185.95
OD00003654,ORD0001267,P000315,2,29.62,3.09,56.150000000000006
OD00003655,ORD0001267,P002070,1,26.14,1.36,24.78
OD00003656,ORD0001268,P001394,1,101.9,32.49,69.41
OD00003657,ORD0001268,P001386,2,56.57,36.08,77.06
OD00003658,ORD0001268,P001949,1,38.91,12.41,26.5
OD00003659,ORD0001268,P000988,1,247.54,78.93,168.61
OD00003660,ORD0001269,P001493,1,486.59,72.95,413.64
OD00003661,ORD0001270,P001995,1,107.98,32.96,75.02000000000001
OD00003662,ORD0001270,P001537,1,51.5,15.72,35.78
OD00003663,ORD0001270,P002136,2,55.3,33.76,76.84
OD00003664,ORD0001271,P000875,1,54.34,0.57,53.77
OD00003665,ORD0001271,P002267,1,327.63,3.42,324.21
OD00003666,ORD0001272,P000096,2,133.26,13.1,253.42
OD00003667,ORD0001272,P001398,1,143.49,7.05,136.44
OD00003668,ORD0001272,P001433,2,227.11,22.33,431.89
OD00003669,ORD0001272,P001397,2,79.93,7.86,152.0
OD00003670,ORD0001273,P000353,4,54.34,54.92,162.44
OD00003671,ORD0001273,P001711,5,14.26,18.02,53.28
OD00003672,ORD0001273,P000068,3,218.79,165.85,490.52
OD00003673,ORD0001274,P001280,2,18.76,12.73,24.790000000000003
OD00003674,ORD0001274,P002308,1,266.59,90.43,176.15999999999997
OD00003675,ORD0001274,P000062,1,11.76,3.99,7.77
OD00003676,ORD0001274,P002271,2,9.82,6.66,12.98
OD00003677,ORD0001274,P000254,2,90.44,61.35,119.53
OD00003678,ORD0001275,P001340,3,37.64,19.43,93.49
OD00003679,ORD0001275,P000903,1,66.6,11.47,55.13
OD00003680,ORD0001275,P000199,2,28.28,9.74,46.82
OD00003681,ORD0001275,P001530,1,11.59,2.0,9.59
OD00003682,ORD0001276,P001397,3,79.93,31.61,208.18
OD00003683,ORD0001277,P000624,2,271.96,197.97,345.95
OD00003684,ORD0001277,P000583,2,63.06,45.91,80.21000000000001
OD00003685,ORD0001277,P002148,1,54.09,19.69,34.400000000000006
OD00003686,ORD0001277,P001930,2,26.89,19.58,34.2
OD00003687,ORD0001277,P000788,1,35.41,12.89,22.52
OD00003688,ORD0001278,P001997,1,71.56,20.7,50.86
OD00003689,ORD0001278,P001658,3,74.82,64.91,159.54999999999998
OD00003690,ORD0001279,P001550,1,36.92,11.59,25.33
OD00003691,ORD0001279,P000366,1,29.87,9.38,20.49
OD00003692,ORD0001279,P000612,1,32.42,10.18,22.24
OD00003693,ORD0001279,P002025,2,123.57,77.61,169.52999999999997
OD00003694,ORD0001280,P000197,1,505.82,194.45,311.37
OD00003695,ORD0001281,P000626,1,525.92,179.83,346.0899999999999
OD00003696,ORD0001282,P000633,1,62.46,18.47,43.99
OD00003697,ORD0001282,P001948,3,13.63,12.09,28.8
OD00003698,ORD0001282,P000397,1,25.56,7.56,18.0
OD00003699,ORD0001282,P001394,1,101.9,30.14,71.76
OD00003700,ORD0001283,P001512,1,54.84,18.44,36.400000000000006
OD00003701,ORD0001283,P001456,1,353.0,118.67,234.33
OD00003702,ORD0001283,P000799,3,27.42,27.65,54.61000000000001
OD00003703,ORD0001283,P000045,2,129.27,86.92,171.62
OD00003704,ORD0001284,P001318,1,294.15,13.13,281.02
OD00003705,ORD0001285,P000944,2,154.36,30.67,278.05
OD00003706,ORD0001286,P002076,3,202.45,206.5,400.8499999999999
OD00003707,ORD0001287,P002064,1,305.93,49.85,256.08
OD00003708,ORD0001287,P001468,3,15.46,7.56,38.82
OD00003709,ORD0001287,P000213,1,275.26,44.85,230.41
OD00003710,ORD0001288,P000488,1,166.19,62.19,104.0
OD00003711,ORD0001288,P000405,1,258.82,96.85,161.97
OD00003712,ORD0001288,P000177,2,157.31,117.74,196.88
OD00003713,ORD0001289,P001463,3,37.61,2.88,109.95
OD00003714,ORD0001290,P001235,2,355.99,196.46,515.52
OD00003715,ORD0001290,P001325,1,164.96,45.52,119.44
OD00003716,ORD0001290,P002112,1,95.26,26.29,68.97
OD00003717,ORD0001290,P001937,1,58.81,16.23,42.58
OD00003718,ORD0001290,P000875,1,54.34,15.0,39.34
OD00003719,ORD0001291,P001462,2,251.4,188.97,313.83000000000004
OD00003720,ORD0001292,P001286,1,23.89,0.34,23.55
OD00003721,ORD0001292,P002185,1,36.45,0.52,35.93
OD00003722,ORD0001292,P000171,1,270.41,3.83,266.58000000000004
OD00003723,ORD0001292,P000621,3,44.99,1.91,133.06
OD00003724,ORD0001293,P000141,1,399.27,62.31,336.96
OD00003725,ORD0001293,P000190,1,181.94,28.39,153.55
OD00003726,ORD0001293,P000254,1,90.44,14.11,76.33
OD00003727,ORD0001293,P000703,1,51.92,8.1,43.82
OD00003728,ORD0001293,P000918,2,16.64,5.19,28.09
OD00003729,ORD0001293,P000686,1,22.35,3.49,18.86
OD00003730,ORD0001294,P001394,1,101.9,13.05,88.85
OD00003731,ORD0001294,P001271,2,24.38,6.25,42.51
OD00003732,ORD0001294,P000257,1,35.24,4.52,30.72
OD00003733,ORD0001295,P001979,5,35.96,7.32,172.48
OD00003734,ORD0001295,P000348,1,29.35,1.2,28.15
OD00003735,ORD0001295,P000071,1,26.45,1.08,25.37
OD00003736,ORD0001295,P000860,1,25.69,1.05,24.64
OD00003737,ORD0001295,P001286,1,23.89,0.97,22.92
OD00003738,ORD0001296,P000804,1,185.47,39.66,145.81
OD00003739,ORD0001297,P000931,1,29.94,3.44,26.5
OD00003740,ORD0001297,P000641,3,359.55,124.08,954.57
OD00003741,ORD0001298,P001393,1,9.98,2.77,7.210000000000001
OD00003742,ORD0001298,P002121,1,311.13,86.38,224.75
OD00003743,ORD0001298,P000274,2,80.85,44.89,116.81
OD00003744,ORD0001299,P001878,3,23.21,2.62,67.00999999999999
OD00003745,ORD0001299,P000534,1,61.01,2.29,58.72
OD00003746,ORD0001299,P000255,3,160.23,18.05,462.63999999999993
OD00003747,ORD0001300,P001434,1,156.54,52.41,104.13
OD00003748,ORD0001300,P001958,1,440.94,147.64,293.3
OD00003749,ORD0001301,P002296,1,79.61,24.82,54.79
OD00003750,ORD0001301,P001613,3,125.11,117.01,258.32
OD00003751,ORD0001302,P001662,2,15.11,6.72,23.5
OD00003752,ORD0001302,P001718,1,216.08,48.04,168.04000000000002
OD00003753,ORD0001302,P001536,2,39.66,17.63,61.69
OD00003754,ORD0001303,P001616,1,69.59,4.69,64.9
OD00003755,ORD0001303,P000226,1,41.66,2.8,38.86
OD00003756,ORD0001303,P001268,1,23.96,1.61,22.35
OD00003757,ORD0001303,P000924,1,23.55,1.58,21.97
OD00003758,ORD0001304,P002051,1,71.11,8.02,63.09
OD00003759,ORD0001304,P000534,1,61.01,6.89,54.12
OD00003760,ORD0001304,P000703,1,51.92,5.86,46.06
OD00003761,ORD0001305,P000340,1,584.97,110.68,474.29
OD00003762,ORD0001306,P000623,1,384.53,134.95,249.58
OD00003763,ORD0001306,P002137,1,113.15,39.71,73.44
OD00003764,ORD0001306,P001864,2,34.94,24.53,45.35
OD00003765,ORD0001306,P000431,3,12.62,13.29,24.57
OD00003766,ORD0001307,P000623,1,384.53,112.4,272.13
OD00003767,ORD0001307,P001722,1,73.37,21.44,51.93000000000001
OD00003768,ORD0001307,P000205,1,40.84,11.94,28.90000000000001
OD00003769,ORD0001307,P002110,1,27.11,7.92,19.19
OD00003770,ORD0001307,P001226,1,26.77,7.82,18.95
OD00003771,ORD0001308,P000237,1,11.01,2.99,8.02
OD00003772,ORD0001308,P000277,2,57.8,31.41,84.19
OD00003773,ORD0001308,P001593,1,105.63,28.7,76.92999999999999
OD00003774,ORD0001309,P002025,5,123.57,63.54,554.31
OD00003775,ORD0001309,P001368,1,96.76,9.95,86.81
OD00003776,ORD0001309,P000274,1,80.85,8.32,72.53
OD00003777,ORD0001309,P000875,1,54.34,5.59,48.75
OD00003778,ORD0001309,P000002,1,40.62,4.18,36.44
OD00003779,ORD0001310,P001870,1,15.97,2.02,13.95
OD00003780,ORD0001310,P000127,1,10.64,1.35,9.29
OD00003781,ORD0001310,P000469,5,70.95,44.94,309.81
OD00003782,ORD0001310,P000045,1,129.27,16.38,112.89
OD00003783,ORD0001311,P000002,2,40.62,29.96,51.28
OD00003784,ORD0001311,P002074,1,66.39,24.48,41.91
OD00003785,ORD0001311,P001259,1,90.34,33.32,57.02
OD00003786,ORD0001312,P000481,1,113.87,31.19,82.68
OD00003787,ORD0001312,P002062,1,287.21,78.68,208.53
OD00003788,ORD0001312,P000404,1,74.02,20.28,53.74
OD00003789,ORD0001312,P001399,1,24.96,6.84,18.12
OD00003790,ORD0001312,P000168,2,106.82,58.53,155.11
OD00003791,ORD0001313,P001329,2,132.44,103.58,161.3
OD00003792,ORD0001313,P001659,3,118.36,138.86,216.22
OD00003793,ORD0001314,P001577,5,94.02,112.49,357.61
OD00003794,ORD0001315,P002261,2,187.99,91.88,284.1
OD00003795,ORD0001315,P000742,1,134.0,32.75,101.25
OD00003796,ORD0001316,P001148,1,790.87,246.88,543.99
OD00003797,ORD0001317,P002081,1,216.62,9.65,206.97
OD00003798,ORD0001317,P000435,5,257.36,57.29,1229.5100000000002
OD00003799,ORD0001318,P002013,1,245.47,65.02,180.45
OD00003800,ORD0001319,P000157,2,119.5,90.93,148.07
OD00003801,ORD0001319,P000749,2,143.15,108.92,177.38
OD00003802,ORD0001320,P002310,1,220.84,8.2,212.64
OD00003803,ORD0001321,P000667,2,123.52,93.43,153.61
OD00003804,ORD0001321,P000592,2,699.77,529.29,870.25
OD00003805,ORD0001322,P002151,1,41.99,14.15,27.840000000000003
OD00003806,ORD0001322,P001083,2,96.04,64.72,127.36
OD00003807,ORD0001322,P001684,1,101.8,34.3,67.5
OD00003808,ORD0001322,P000291,4,99.03,133.47,262.65
OD00003809,ORD0001323,P000038,1,177.4,30.99,146.41
OD00003810,ORD0001324,P000885,1,22.42,7.14,15.28
OD00003811,ORD0001324,P000020,1,71.84,22.87,48.97
OD00003812,ORD0001324,P000057,1,254.75,81.1,173.65
OD00003813,ORD0001325,P001154,1,275.09,56.34,218.75
OD00003814,ORD0001325,P001134,1,136.36,27.93,108.43
OD00003815,ORD0001325,P001785,2,36.19,14.83,57.55
OD00003816,ORD0001326,P001262,3,31.39,15.71,78.46
OD00003817,ORD0001326,P000210,1,88.36,14.75,73.61
OD00003818,ORD0001326,P002021,4,13.15,8.78,43.82
OD00003819,ORD0001326,P002260,2,18.66,6.23,31.09
OD00003820,ORD0001327,P001736,1,44.44,8.86,35.58
OD00003821,ORD0001327,P000493,2,24.12,9.62,38.620000000000005
OD00003822,ORD0001327,P001261,3,36.82,22.02,88.44000000000001
OD00003823,ORD0001328,P001989,2,266.51,68.04,464.98
OD00003824,ORD0001329,P002015,1,67.71,19.65,48.06
OD00003825,ORD0001329,P000883,1,360.46,104.62,255.84
OD00003826,ORD0001329,P001867,1,333.88,96.9,236.98
OD00003827,ORD0001330,P001658,4,74.82,14.1,285.18
OD00003828,ORD0001330,P001908,3,36.25,5.12,103.63
OD00003829,ORD0001330,P001436,1,23.88,1.12,22.76
OD00003830,ORD0001331,P002135,1,26.88,5.64,21.24
OD00003831,ORD0001331,P000314,1,371.62,77.93,293.69
OD00003832,ORD0001332,P001204,2,100.31,39.99,160.63
OD00003833,ORD0001332,P001973,1,43.92,8.76,35.160000000000004
OD00003834,ORD0001332,P000449,1,56.27,11.22,45.05
OD00003835,ORD0001332,P000108,2,34.08,13.59,54.56999999999999
OD00003836,ORD0001332,P000407,1,94.83,18.9,75.93
OD00003837,ORD0001333,P000819,1,287.49,45.57,241.92
OD00003838,ORD0001333,P001277,1,128.8,20.41,108.39
OD00003839,ORD0001333,P000094,4,15.97,10.12,53.760000000000005
OD00003840,ORD0001333,P001210,1,36.08,5.72,30.36
OD00003841,ORD0001333,P002314,2,17.13,5.43,28.83
OD00003842,ORD0001334,P001586,3,11.2,4.0,29.599999999999994
OD00003843,ORD0001334,P001356,3,19.9,7.11,52.59
OD00003844,ORD0001334,P001387,2,78.99,18.81,139.17
OD00003845,ORD0001334,P000804,2,185.47,44.16,326.78
OD00003846,ORD0001335,P001930,1,26.89,3.18,23.71
OD00003847,ORD0001335,P001012,1,341.22,40.42,300.8
OD00003848,ORD0001336,P000880,3,120.66,2.15,359.83000000000004
OD00003849,ORD0001337,P001671,1,48.0,14.22,33.78
OD00003850,ORD0001337,P002189,1,56.28,16.67,39.61
OD00003851,ORD0001337,P001429,2,24.69,14.63,34.75
OD00003852,ORD0001337,P000359,2,108.86,64.5,153.22
OD00003853,ORD0001337,P001608,1,51.31,15.2,36.11
OD00003854,ORD0001337,P000806,2,11.61,6.88,16.34
OD00003855,ORD0001337,P000395,1,290.19,85.96,204.23
OD00003856,ORD0001338,P000421,2,51.63,28.16,75.10000000000001
OD00003857,ORD0001338,P001954,2,49.22,26.85,71.59
OD00003858,ORD0001338,P000113,1,64.84,17.68,47.16
OD00003859,ORD0001338,P002210,1,211.25,57.61,153.64
OD00003860,ORD0001339,P001330,2,112.02,74.02,150.01999999999998
OD00003861,ORD0001339,P001396,1,178.96,59.13,119.83
OD00003862,ORD0001340,P000769,3,240.99,288.06,434.91
OD00003863,ORD0001341,P001416,2,135.23,64.15,206.31
OD00003864,ORD0001341,P000217,1,438.87,104.1,334.77
OD00003865,ORD0001342,P000541,2,63.12,36.33,89.91
OD00003866,ORD0001342,P002221,3,34.1,29.44,72.86000000000001
OD00003867,ORD0001342,P002225,3,36.17,31.22,77.29
OD00003868,ORD0001343,P002032,1,65.82,9.15,56.67
OD00003869,ORD0001343,P001587,1,125.29,17.42,107.87
OD00003870,ORD0001343,P000484,1,253.54,35.25,218.29
OD00003871,ORD0001344,P000698,1,149.39,1.32,148.07
OD00003872,ORD0001345,P000590,1,92.56,36.11,56.45
OD00003873,ORD0001345,P001498,1,417.31,162.8,254.51
OD00003874,ORD0001346,P001415,4,38.69,8.25,146.51
OD00003875,ORD0001346,P000447,1,143.06,7.64,135.42000000000002
OD00003876,ORD0001346,P002298,1,50.21,2.68,47.53
OD00003877,ORD0001346,P000245,1,38.88,2.08,36.8
OD00003878,ORD0001346,P001786,3,9.96,1.6,28.28
OD00003879,ORD0001346,P000863,1,9.76,0.52,9.24
OD00003880,ORD0001347,P001560,2,85.24,59.81,110.67
OD00003881,ORD0001347,P001795,1,35.87,12.58,23.29
OD00003882,ORD0001347,P001722,1,73.37,25.74,47.63000000000001
OD00003883,ORD0001347,P000832,3,120.53,126.85,234.74000000000004
OD00003884,ORD0001348,P001630,1,70.33,9.01,61.32
OD00003885,ORD0001348,P001588,1,295.97,37.93,258.04
OD00003886,ORD0001348,P000893,1,31.64,4.06,27.58
OD00003887,ORD0001348,P001247,1,11.28,1.45,9.83
OD00003888,ORD0001348,P001659,1,118.36,15.17,103.19
OD00003889,ORD0001349,P001863,4,35.85,5.51,137.89
OD00003890,ORD0001349,P000903,2,66.6,5.12,128.08
OD00003891,ORD0001349,P002305,1,59.46,2.28,57.18
OD00003892,ORD0001349,P000858,1,36.48,1.4,35.08
OD00003893,ORD0001349,P001113,1,20.44,0.78,19.66
OD00003894,ORD0001349,P002272,1,10.52,0.4,10.12
OD00003895,ORD0001350,P000502,2,169.35,74.79,263.91
OD00003896,ORD0001351,P002116,3,38.85,10.03,106.52
OD00003897,ORD0001351,P002092,1,191.1,16.45,174.65
OD00003898,ORD0001351,P000789,1,353.08,30.39,322.69
OD00003899,ORD0001352,P001903,1,15.87,1.0,14.87
OD00003900,ORD0001352,P000752,1,34.14,2.16,31.98
OD00003901,ORD0001352,P001790,1,36.35,2.3,34.050000000000004
OD00003902,ORD0001352,P000558,2,92.47,11.7,173.24
OD00003903,ORD0001352,P002259,2,224.79,28.43,421.15
OD00003904,ORD0001353,P000905,3,99.1,53.96,243.33999999999995
OD00003905,ORD0001353,P002157,3,59.22,32.24,145.42
OD00003906,ORD0001354,P001439,3,114.69,47.63,296.44
OD00003907,ORD0001354,P000927,2,26.92,7.45,46.39
OD00003908,ORD0001354,P000990,1,275.76,38.17,237.59
OD00003909,ORD0001355,P001845,5,68.52,70.52,272.08
OD00003910,ORD0001356,P000263,2,155.08,50.79,259.37
OD00003911,ORD0001357,P000234,1,74.82,20.36,54.46
OD00003912,ORD0001357,P000173,1,25.33,6.89,18.44
OD00003913,ORD0001357,P001417,2,47.34,25.77,68.91000000000001
OD00003914,ORD0001358,P001245,1,67.57,2.16,65.41
OD00003915,ORD0001358,P000249,1,35.26,1.13,34.129999999999995
OD00003916,ORD0001358,P001440,1,143.19,4.59,138.6
OD00003917,ORD0001358,P001538,1,34.19,1.1,33.09
OD00003918,ORD0001358,P000615,5,72.44,11.6,350.6
OD00003919,ORD0001358,P002185,1,36.45,1.17,35.28
OD00003920,ORD0001358,P000903,1,66.6,2.13,64.47
OD00003921,ORD0001359,P001765,1,332.81,7.03,325.78
OD00003922,ORD0001359,P001117,2,157.3,6.63,307.97
OD00003923,ORD0001359,P001038,3,93.74,5.93,275.29
OD00003924,ORD0001359,P001528,1,121.63,2.56,119.07
OD00003925,ORD0001359,P000221,2,54.48,2.3,106.66
OD00003926,ORD0001359,P002217,2,38.76,1.63,75.89
OD00003927,ORD0001359,P002248,2,10.98,0.46,21.5
OD00003928,ORD0001360,P001429,1,24.69,1.86,22.83
OD00003929,ORD0001360,P001060,4,25.83,7.79,95.53
OD00003930,ORD0001361,P002279,1,141.5,35.94,105.56
OD00003931,ORD0001361,P002110,1,27.11,6.89,20.22
OD00003932,ORD0001361,P001996,2,16.16,8.21,24.11
OD00003933,ORD0001361,P001538,1,34.19,8.68,25.51
OD00003934,ORD0001361,P000394,1,26.03,6.61,19.42
OD00003935,ORD0001361,P000355,2,125.67,63.84,187.5
OD00003936,ORD0001362,P000273,2,78.47,39.49,117.45
OD00003937,ORD0001362,P001522,1,267.81,67.4,200.41
OD00003938,ORD0001363,P000110,1,319.97,78.42,241.55
OD00003939,ORD0001364,P000931,2,29.94,5.4,54.48
OD00003940,ORD0001364,P001986,1,124.07,11.2,112.87
OD00003941,ORD0001364,P001271,3,24.38,6.6,66.54
OD00003942,ORD0001364,P000306,2,144.25,26.04,262.46
OD00003943,ORD0001365,P000773,4,35.94,19.85,123.91
OD00003944,ORD0001365,P000221,4,54.48,30.1,187.82
OD00003945,ORD0001365,P002111,1,76.54,10.57,65.97
OD00003946,ORD0001366,P001006,2,73.59,6.62,140.56
OD00003947,ORD0001366,P002314,1,17.13,0.77,16.36
OD00003948,ORD0001366,P001372,2,78.75,7.09,150.41
OD00003949,ORD0001366,P000889,1,38.25,1.72,36.53
OD00003950,ORD0001366,P000233,1,31.95,1.44,30.51
OD00003951,ORD0001367,P000097,1,54.28,13.71,40.57
OD00003952,ORD0001367,P001930,1,26.89,6.79,20.1
OD00003953,ORD0001367,P000665,1,57.5,14.52,42.98
OD00003954,ORD0001367,P000025,1,34.17,8.63,25.54
OD00003955,ORD0001367,P001794,1,146.5,36.99,109.51
OD00003956,ORD0001368,P000923,2,54.48,40.26,68.69999999999999
OD00003957,ORD0001368,P001939,1,494.97,182.88,312.09000000000003
OD00003958,ORD0001369,P000348,1,29.35,2.35,27.0
OD00003959,ORD0001369,P000763,1,25.62,2.05,23.57
OD00003960,ORD0001369,P000933,1,78.76,6.31,72.45
OD00003961,ORD0001369,P001868,1,46.28,3.71,42.57
OD00003962,ORD0001369,P000628,2,26.49,4.25,48.73
OD00003963,ORD0001369,P000917,1,14.83,1.19,13.64
OD00003964,ORD0001369,P001229,5,24.83,9.95,114.2
OD00003965,ORD0001369,P001848,4,42.95,13.77,158.03
OD00003966,ORD0001369,P000161,2,22.03,3.53,40.53
OD00003967,ORD0001369,P000305,2,14.68,2.35,27.01
OD00003968,ORD0001369,P001316,1,33.64,2.7,30.94
OD00003969,ORD0001369,P000513,3,77.34,18.6,213.42
OD00003970,ORD0001369,P000433,1,37.77,3.03,34.74
OD00003971,ORD0001369,P000788,1,35.41,2.84,32.56999999999999
OD00003972,ORD0001369,P000220,1,53.49,4.29,49.2
OD00003973,ORD0001369,P000850,3,110.52,26.58,304.98
OD00003974,ORD0001370,P001043,2,35.05,25.92,44.17999999999999
OD00003975,ORD0001370,P001489,4,55.92,82.7,140.98000000000002
OD00003976,ORD0001370,P002199,2,95.9,70.91,120.89
OD00003977,ORD0001370,P002088,1,43.71,16.16,27.55
OD00003978,ORD0001370,P002048,2,180.1,133.17,227.03
OD00003979,ORD0001371,P001060,1,25.83,8.84,16.99
OD00003980,ORD0001371,P001790,1,36.35,12.44,23.910000000000004
OD00003981,ORD0001371,P001769,1,112.65,38.54,74.11000000000001
OD00003982,ORD0001371,P000289,2,64.21,43.94,84.47999999999999
OD00003983,ORD0001371,P001018,5,86.93,148.72,285.93000000000006
OD00003984,ORD0001372,P000811,1,148.99,49.95,99.04
OD00003985,ORD0001372,P000959,1,382.35,128.18,254.17
OD00003986,ORD0001373,P000574,1,111.89,9.84,102.05
OD00003987,ORD0001373,P002174,1,744.69,65.5,679.19
OD00003988,ORD0001374,P001860,1,291.13,75.96,215.17
OD00003989,ORD0001374,P001364,1,150.16,39.18,110.98
OD00003990,ORD0001375,P001462,1,251.4,67.71,183.69
OD00003991,ORD0001375,P001316,1,33.64,9.06,24.58
OD00003992,ORD0001375,P001153,4,95.26,102.63,278.41
OD00003993,ORD0001375,P002118,2,204.18,109.99,298.37
OD00003994,ORD0001376,P000044,1,27.32,7.45,19.87
OD00003995,ORD0001376,P001119,1,86.78,23.66,63.120000000000005
OD00003996,ORD0001376,P001963,1,87.3,23.8,63.5
OD00003997,ORD0001376,P001489,2,55.92,30.5,81.34
OD00003998,ORD0001377,P002307,1,96.24,3.09,93.15
OD00003999,ORD0001377,P002120,2,35.16,2.26,68.05999999999999
OD00004000,ORD0001378,P001576,1,48.39,15.77,32.620000000000005
OD00004001,ORD0001378,P000716,1,23.57,7.68,15.89
OD00004002,ORD0001378,P000161,5,22.03,35.89,74.26
OD00004003,ORD0001378,P000869,2,68.69,44.77,92.61
OD00004004,ORD0001379,P000029,1,181.85,27.5,154.35
OD00004005,ORD0001379,P000027,1,113.01,17.08,95.93
OD00004006,ORD0001379,P001640,1,54.74,8.27,46.47
OD00004007,ORD0001379,P001293,1,33.57,5.07,28.5
OD00004008,ORD0001380,P001572,2,293.74,62.24,525.24
OD00004009,ORD0001381,P001766,1,241.11,43.78,197.33
OD00004010,ORD0001381,P002258,1,182.7,33.18,149.51999999999998
OD00004011,ORD0001381,P001167,1,25.09,4.56,20.53
OD00004012,ORD0001382,P001840,1,72.79,17.9,54.89000000000001
OD00004013,ORD0001382,P001383,1,75.19,18.49,56.7
OD00004014,ORD0001382,P001743,2,82.14,40.39,123.89
OD00004015,ORD0001383,P000697,1,515.59,129.07,386.52
OD00004016,ORD0001383,P000044,3,27.32,20.52,61.44000000000001
OD00004017,ORD0001383,P001558,1,26.07,6.53,19.54
OD00004018,ORD0001384,P002170,1,27.74,5.04,22.7
OD00004019,ORD0001384,P000083,1,225.25,40.9,184.35
OD00004020,ORD0001385,P001739,1,149.89,44.99,104.89999999999998
OD00004021,ORD0001386,P001072,2,176.87,7.63,346.11
OD00004022,ORD0001386,P002020,1,72.12,1.55,70.57000000000001
OD00004023,ORD0001386,P000198,1,23.36,0.5,22.86
OD00004024,ORD0001387,P000465,1,117.81,12.18,105.63
OD00004025,ORD0001387,P000633,1,62.46,6.46,56.0
OD00004026,ORD0001387,P001860,1,291.13,30.09,261.04
OD00004027,ORD0001388,P000768,3,10.04,8.35,21.77
OD00004028,ORD0001388,P001751,4,12.78,14.18,36.94
OD00004029,ORD0001388,P001775,1,51.2,14.2,37.0
OD00004030,ORD0001388,P000102,1,179.48,49.78,129.7
OD00004031,ORD0001389,P001690,1,381.45,96.87,284.58
OD00004032,ORD0001389,P001123,1,331.04,84.06,246.98
OD00004033,ORD0001390,P000464,1,31.83,9.42,22.41
OD00004034,ORD0001390,P001296,1,25.15,7.45,17.7
OD00004035,ORD0001390,P002070,1,26.14,7.74,18.4
OD00004036,ORD0001390,P000438,3,93.07,82.66,196.55
OD00004037,ORD0001391,P001858,1,104.96,40.37,64.59
OD00004038,ORD0001391,P001780,2,61.45,47.26,75.64000000000001
OD00004039,ORD0001391,P001813,1,40.8,15.69,25.11
OD00004040,ORD0001391,P000192,1,264.18,101.6,162.58
OD00004041,ORD0001392,P000776,2,107.67,45.17,170.17000000000002
OD00004042,ORD0001392,P000392,1,80.47,16.88,63.59
OD00004043,ORD0001393,P000512,1,80.45,6.57,73.88
OD00004044,ORD0001393,P001100,1,223.6,18.26,205.34
OD00004045,ORD0001393,P001835,1,282.77,23.1,259.67
OD00004046,ORD0001393,P001792,3,26.18,6.42,72.11999999999999
OD00004047,ORD0001394,P002135,1,26.88,9.52,17.36
OD00004048,ORD0001394,P000428,1,228.69,81.0,147.69
OD00004049,ORD0001394,P000815,1,172.54,61.12,111.42
OD00004050,ORD0001395,P002290,1,27.67,6.14,21.53
OD00004051,ORD0001395,P000362,1,98.69,21.9,76.78999999999999
OD00004052,ORD0001395,P000205,1,40.84,9.06,31.78
OD00004053,ORD0001395,P000428,2,228.69,101.5,355.88
OD00004054,ORD0001395,P002258,2,182.7,81.09,284.30999999999995
OD00004055,ORD0001396,P001198,1,202.13,69.87,132.26
OD00004056,ORD0001396,P001381,5,78.93,136.41,258.24
OD00004057,ORD0001397,P000229,2,34.48,8.08,60.88
OD00004058,ORD0001397,P000263,1,155.08,18.18,136.9
OD00004059,ORD0001397,P002120,2,35.16,8.24,62.07999999999999
OD00004060,ORD0001398,P001514,1,28.7,11.45,17.25
OD00004061,ORD0001398,P000672,4,173.06,276.15,416.09
OD00004062,ORD0001399,P001931,2,26.27,2.51,50.03
OD00004063,ORD0001399,P000247,1,406.56,19.42,387.14
OD00004064,ORD0001399,P000084,1,27.33,1.31,26.02
OD00004065,ORD0001400,P000428,2,228.69,46.64,410.74
OD00004066,ORD0001400,P001712,1,12.66,1.29,11.37
OD00004067,ORD0001400,P001840,1,72.79,7.42,65.37
OD00004068,ORD0001401,P000512,1,80.45,4.21,76.24000000000001
OD00004069,ORD0001401,P001928,2,117.7,12.33,223.07
OD00004070,ORD0001401,P000655,2,91.51,9.58,173.44
OD00004071,ORD0001402,P000660,1,131.25,12.74,118.51
OD00004072,ORD0001402,P002065,1,167.9,16.29,151.61
OD00004073,ORD0001402,P000180,2,41.7,8.09,75.31
OD00004074,ORD0001403,P000924,1,23.55,4.09,19.46
OD00004075,ORD0001403,P001124,1,196.19,34.1,162.09
OD00004076,ORD0001403,P000823,1,70.33,12.22,58.11
OD00004077,ORD0001404,P001594,1,568.08,76.08,492.00000000000006
OD00004078,ORD0001405,P000982,2,11.05,5.14,16.96
OD00004079,ORD0001405,P001600,4,55.69,51.76,171.0
OD00004080,ORD0001406,P000029,1,181.85,62.1,119.75
OD00004081,ORD0001407,P000545,1,50.6,2.92,47.68
OD00004082,ORD0001407,P000129,4,12.66,2.92,47.72
OD00004083,ORD0001407,P000938,1,137.76,7.95,129.81
OD00004084,ORD0001407,P000765,2,82.95,9.57,156.33
OD00004085,ORD0001407,P000525,1,60.39,3.48,56.91
OD00004086,ORD0001407,P001574,1,40.16,2.32,37.84
OD00004087,ORD0001408,P001969,2,16.72,7.39,26.05
OD00004088,ORD0001408,P001090,1,37.11,8.2,28.91
OD00004089,ORD0001408,P000369,1,57.81,12.77,45.040000000000006
OD00004090,ORD0001409,P000488,2,166.19,122.53,209.85
OD00004091,ORD0001409,P000318,2,51.36,37.86,64.86
OD00004092,ORD0001409,P000016,1,23.31,8.59,14.72
OD00004093,ORD0001410,P000636,3,158.87,98.99,377.62
OD00004094,ORD0001410,P001986,2,124.07,51.53,196.61
OD00004095,ORD0001410,P000160,2,79.22,32.9,125.54
OD00004096,ORD0001410,P002185,1,36.45,7.57,28.880000000000003
OD00004097,ORD0001411,P002180,2,35.25,7.71,62.79
OD00004098,ORD0001411,P000817,2,38.77,8.47,69.07000000000001
OD00004099,ORD0001411,P000222,1,110.35,12.06,98.29
OD00004100,ORD0001412,P000128,2,12.89,6.18,19.6
OD00004101,ORD0001412,P000407,2,94.83,45.45,144.20999999999998
OD00004102,ORD0001412,P000806,2,11.61,5.56,17.66
OD00004103,ORD0001412,P000869,2,68.69,32.92,104.46
OD00004104,ORD0001413,P000703,1,51.92,17.4,34.52
OD00004105,ORD0001413,P000243,2,241.12,161.61,320.63
OD00004106,ORD0001413,P001412,5,63.56,106.5,211.3
OD00004107,ORD0001414,P002264,1,156.26,32.08,124.18
OD00004108,ORD0001415,P002210,1,211.25,79.95,131.3
OD00004109,ORD0001415,P001274,1,770.51,291.61,478.9
OD00004110,ORD0001416,P000180,2,41.7,1.52,81.88000000000001
OD00004111,ORD0001416,P001288,1,107.47,1.96,105.51
OD00004112,ORD0001417,P002286,1,68.69,11.17,57.52
OD00004113,ORD0001417,P000432,1,41.17,6.7,34.47
OD00004114,ORD0001417,P001110,1,459.35,74.71,384.64
OD00004115,ORD0001418,P001913,1,57.64,9.29,48.35
OD00004116,ORD0001418,P000365,2,91.26,29.43,153.09
OD00004117,ORD0001419,P001880,2,44.35,13.62,75.08
OD00004118,ORD0001419,P001335,1,53.15,8.16,44.99
OD00004119,ORD0001419,P000752,1,34.14,5.24,28.9
OD00004120,ORD0001419,P001394,1,101.9,15.65,86.25
OD00004121,ORD0001420,P001913,1,57.64,22.63,35.010000000000005
OD00004122,ORD0001420,P000578,2,81.72,64.15,99.29
OD00004123,ORD0001421,P000883,2,360.46,258.86,462.06
OD00004124,ORD0001421,P001004,1,388.48,139.5,248.98
OD00004125,ORD0001421,P000399,2,127.88,91.84,163.92
OD00004126,ORD0001421,P001763,1,88.72,31.86,56.86
OD00004127,ORD0001421,P001743,1,82.14,29.49,52.650000000000006
OD00004128,ORD0001421,P002291,1,45.16,16.22,28.94
OD00004129,ORD0001421,P001536,1,39.66,14.24,25.419999999999995
OD00004130,ORD0001422,P000397,1,25.56,8.34,17.22
OD00004131,ORD0001422,P001813,1,40.8,13.31,27.489999999999995
OD00004132,ORD0001422,P001383,1,75.19,24.53,50.66
OD00004133,ORD0001422,P002186,1,274.4,89.52,184.88
OD00004134,ORD0001423,P000274,1,80.85,26.76,54.08999999999999
OD00004135,ORD0001423,P000212,2,135.81,89.88,181.74
OD00004136,ORD0001424,P000150,1,65.77,11.78,53.99
OD00004137,ORD0001424,P002221,3,34.1,18.32,83.98000000000002
OD00004138,ORD0001425,P000820,3,20.24,6.43,54.29
OD00004139,ORD0001425,P000619,3,113.0,35.91,303.09000000000003
OD00004140,ORD0001426,P001243,1,761.61,270.03,491.58
OD00004141,ORD0001426,P001710,2,228.94,162.34,295.54
OD00004142,ORD0001427,P001743,2,82.14,24.67,139.61
OD00004143,ORD0001427,P000012,4,34.63,20.81,117.71
OD00004144,ORD0001427,P002137,1,113.15,17.0,96.15
OD00004145,ORD0001427,P002225,3,36.17,16.3,92.21
OD00004146,ORD0001427,P002248,2,10.98,3.3,18.66
OD00004147,ORD0001428,P000886,1,467.43,10.27,457.16
OD00004148,ORD0001428,P000006,1,88.72,1.95,86.77
OD00004149,ORD0001428,P000195,1,205.87,4.52,201.35
OD00004150,ORD0001429,P002127,3,36.35,5.65,103.4
OD00004151,ORD0001429,P000399,1,127.88,6.62,121.26
OD00004152,ORD0001429,P000108,5,34.08,8.83,161.56999999999996
OD00004153,ORD0001429,P002061,1,29.92,1.55,28.37
OD00004154,ORD0001429,P000589,1,239.79,12.42,227.37
OD00004155,ORD0001429,P000885,1,22.42,1.16,21.26
OD00004156,ORD0001429,P000257,1,35.24,1.83,33.410000000000004
OD00004157,ORD0001429,P000805,4,22.55,4.67,85.53
OD00004158,ORD0001430,P000763,1,25.62,6.56,19.06
OD00004159,ORD0001430,P000872,2,111.79,57.26,166.32000000000002
OD00004160,ORD0001430,P000590,1,92.56,23.71,68.85
OD00004161,ORD0001431,P001041,1,239.37,50.68,188.69
OD00004162,ORD0001431,P000282,1,37.05,7.84,29.21
OD00004163,ORD0001431,P000838,1,37.63,7.97,29.660000000000004
OD00004164,ORD0001431,P000181,2,147.37,62.4,232.34
OD00004165,ORD0001432,P001154,2,275.09,215.59,334.5899999999999
OD00004166,ORD0001433,P002222,1,120.93,2.21,118.72
OD00004167,ORD0001433,P000068,1,218.79,4.0,214.79
OD00004168,ORD0001434,P000880,3,120.66,63.56,298.42
OD00004169,ORD0001435,P001110,2,459.35,63.63,855.07
OD00004170,ORD0001435,P002002,3,105.55,21.93,294.72
OD00004171,ORD0001435,P000338,1,64.44,4.46,59.98
OD00004172,ORD0001435,P000227,1,18.23,1.26,16.97
OD00004173,ORD0001436,P000317,1,539.88,66.82,473.06
OD00004174,ORD0001436,P001805,2,51.53,12.76,90.3
OD00004175,ORD0001437,P000337,1,284.23,25.57,258.66
OD00004176,ORD0001438,P001820,2,138.32,9.24,267.4
OD00004177,ORD0001438,P000716,1,23.57,0.79,22.78
OD00004178,ORD0001439,P001918,2,14.61,10.14,19.08
OD00004179,ORD0001439,P000308,4,92.95,129.05,242.75
OD00004180,ORD0001440,P000749,4,143.15,106.92,465.68
OD00004181,ORD0001440,P000595,1,340.91,63.65,277.26000000000005
OD00004182,ORD0001441,P001352,3,41.54,9.23,115.39
OD00004183,ORD0001441,P000516,1,112.73,8.36,104.37
OD00004184,ORD0001441,P001060,4,25.83,7.66,95.66
OD00004185,ORD0001442,P000011,1,57.37,1.12,56.25
OD00004186,ORD0001442,P001967,1,202.8,3.96,198.84
OD00004187,ORD0001442,P001695,2,34.34,1.34,67.34
OD00004188,ORD0001442,P002070,2,26.14,1.02,51.26
OD00004189,ORD0001443,P001108,1,154.98,42.3,112.68
OD00004190,ORD0001443,P001310,2,107.16,58.5,155.82
OD00004191,ORD0001444,P000077,3,83.89,0.38,251.29
OD00004192,ORD0001444,P001881,2,55.24,0.16,110.32
OD00004193,ORD0001444,P002067,1,89.5,0.13,89.37
OD00004194,ORD0001445,P001671,1,48.0,7.72,40.28
OD00004195,ORD0001445,P001363,2,72.68,23.39,121.97
OD00004196,ORD0001446,P000160,1,79.22,14.29,64.93
OD00004197,ORD0001446,P001252,1,19.01,3.43,15.580000000000002
OD00004198,ORD0001446,P000410,1,126.13,22.76,103.37
OD00004199,ORD0001446,P000743,1,36.09,6.51,29.580000000000005
OD00004200,ORD0001446,P000068,1,218.79,39.47,179.32
OD00004201,ORD0001447,P001890,1,441.15,129.45,311.7
OD00004202,ORD0001447,P001613,2,125.11,73.42,176.8
OD00004203,ORD0001448,P001971,5,78.74,29.88,363.82
OD00004204,ORD0001448,P001284,5,38.1,14.46,176.04
OD00004205,ORD0001448,P001468,3,15.46,3.52,42.86
OD00004206,ORD0001448,P001648,2,18.02,2.74,33.3
OD00004207,ORD0001449,P001557,1,183.17,48.81,134.36
OD00004208,ORD0001449,P000450,2,191.98,102.31,281.65
OD00004209,ORD0001449,P000406,1,192.12,51.19,140.93
OD00004210,ORD0001449,P000511,2,229.86,122.5,337.22
OD00004211,ORD0001450,P001087,1,188.37,9.79,178.58
OD00004212,ORD0001450,P002123,3,73.31,11.42,208.51
OD00004213,ORD0001450,P001557,2,183.17,19.03,347.30999999999995
OD00004214,ORD0001451,P002283,2,121.08,56.27,185.89
OD00004215,ORD0001451,P000666,2,192.68,89.54,295.82
OD00004216,ORD0001452,P002173,1,18.12,5.93,12.19
OD00004217,ORD0001452,P001252,1,19.01,6.22,12.790000000000004
OD00004218,ORD0001452,P001574,1,40.16,13.13,27.029999999999998
OD00004219,ORD0001452,P001229,4,24.83,32.48,66.84
OD00004220,ORD0001452,P000122,1,13.73,4.49,9.24
OD00004221,ORD0001452,P000751,2,74.98,49.05,100.91
OD00004222,ORD0001453,P001583,2,143.23,95.05,191.41
OD00004223,ORD0001453,P002069,4,61.9,82.16,165.44
OD00004224,ORD0001453,P001229,1,24.83,8.24,16.589999999999996
OD00004225,ORD0001453,P000921,3,58.64,58.37,117.55
OD00004226,ORD0001453,P000936,3,153.5,152.8,307.7
OD00004227,ORD0001454,P001960,1,25.15,7.64,17.509999999999998
OD00004228,ORD0001454,P001258,2,100.08,60.83,139.32999999999998
OD00004229,ORD0001454,P002007,3,53.53,48.8,111.79
OD00004230,ORD0001455,P001465,2,118.28,47.44,189.12
OD00004231,ORD0001455,P000516,1,112.73,22.6,90.13
OD00004232,ORD0001455,P001394,1,101.9,20.43,81.47
OD00004233,ORD0001455,P000583,1,63.06,12.64,50.42
OD00004234,ORD0001455,P002170,1,27.74,5.56,22.18
OD00004235,ORD0001456,P000901,1,505.5,162.41,343.09000000000003
OD00004236,ORD0001457,P002140,1,161.06,54.95,106.11
OD00004237,ORD0001457,P001083,1,96.04,32.76,63.28000000000001
OD00004238,ORD0001458,P002081,1,216.62,66.5,150.12
OD00004239,ORD0001458,P001183,1,327.53,100.56,226.97
OD00004240,ORD0001459,P002080,1,10.87,3.34,7.529999999999999
OD00004241,ORD0001459,P000050,1,93.0,28.6,64.4
OD00004242,ORD0001459,P001423,2,77.52,47.68,107.36
OD00004243,ORD0001459,P000735,1,42.74,13.14,29.6
OD00004244,ORD0001459,P000481,2,113.87,70.03,157.71
OD00004245,ORD0001460,P000471,1,72.25,1.94,70.31
OD00004246,ORD0001460,P001124,1,196.19,5.25,190.94
OD00004247,ORD0001461,P002158,1,143.05,41.42,101.63
OD00004248,ORD0001461,P000937,2,24.1,13.95,34.25
OD00004249,ORD0001461,P001800,2,17.79,10.3,25.28
OD00004250,ORD0001462,P001348,4,13.6,5.38,49.02
OD00004251,ORD0001462,P001561,1,9.17,0.91,8.26
OD00004252,ORD0001462,P001101,3,32.4,9.62,87.57999999999998
OD00004253,ORD0001462,P001414,2,106.78,21.14,192.42
OD00004254,ORD0001463,P000522,1,192.51,55.79,136.72
OD00004255,ORD0001463,P002088,4,43.71,50.66,124.18
OD00004256,ORD0001464,P000656,1,206.34,34.25,172.09
OD00004257,ORD0001464,P001231,1,105.69,17.55,88.14
OD00004258,ORD0001464,P002012,3,33.13,16.5,82.89000000000001
OD00004259,ORD0001464,P000186,1,42.44,7.05,35.39
OD00004260,ORD0001464,P000120,3,10.21,5.09,25.540000000000003
OD00004261,ORD0001464,P000863,2,9.76,3.24,16.28
OD00004262,ORD0001465,P002154,2,93.75,36.69,150.81
OD00004263,ORD0001466,P002151,1,41.99,5.54,36.45
OD00004264,ORD0001466,P002135,1,26.88,3.55,23.33
OD00004265,ORD0001466,P001547,1,41.35,5.45,35.9
OD00004266,ORD0001466,P002163,1,265.72,35.05,230.67
OD00004267,ORD0001467,P001132,1,782.27,177.7,604.5699999999999
OD00004268,ORD0001468,P001184,2,129.74,50.43,209.05
OD00004269,ORD0001468,P001136,4,9.89,7.69,31.87
OD00004270,ORD0001468,P001262,5,31.39,30.5,126.45
OD00004271,ORD0001468,P001201,2,77.6,30.16,125.04
OD00004272,ORD0001469,P000538,1,62.85,3.97,58.88
OD00004273,ORD0001469,P001701,1,27.44,1.73,25.71
OD00004274,ORD0001469,P002151,1,41.99,2.65,39.34
OD00004275,ORD0001469,P000205,1,40.84,2.58,38.260000000000005
OD00004276,ORD0001469,P001347,3,32.08,6.07,90.17
OD00004277,ORD0001469,P001223,1,175.17,11.06,164.11
OD00004278,ORD0001469,P002046,2,105.02,13.26,196.78
OD00004279,ORD0001469,P001840,1,72.79,4.59,68.2
OD00004280,ORD0001469,P001927,1,20.81,1.31,19.5
OD00004281,ORD0001469,P000386,1,56.52,3.57,52.95
OD00004282,ORD0001470,P002256,2,228.62,169.57,287.67
OD00004283,ORD0001470,P001017,1,81.8,30.33,51.47
OD00004284,ORD0001470,P000372,1,76.53,28.38,48.150000000000006
OD00004285,ORD0001471,P001571,1,62.69,5.9,56.79
OD00004286,ORD0001471,P000819,2,287.49,54.07,520.91
OD00004287,ORD0001471,P000898,2,282.83,53.19,512.47
OD00004288,ORD0001472,P002140,1,161.06,51.03,110.03
OD00004289,ORD0001472,P001934,2,57.21,36.26,78.16
OD00004290,ORD0001472,P001709,1,10.37,3.29,7.079999999999999
OD00004291,ORD0001473,P001980,1,119.71,45.05,74.66
OD00004292,ORD0001473,P000950,1,15.43,5.81,9.62
OD00004293,ORD0001473,P000574,1,111.89,42.11,69.78
OD00004294,ORD0001474,P000935,4,19.5,22.86,55.14
OD00004295,ORD0001474,P000277,1,57.8,16.93,40.87
OD00004296,ORD0001474,P000419,2,15.4,9.02,21.78
OD00004297,ORD0001474,P001136,1,9.89,2.9,6.99
OD00004298,ORD0001475,P001308,1,135.76,24.61,111.15
OD00004299,ORD0001475,P001470,1,78.81,14.28,64.53
OD00004300,ORD0001476,P001163,3,146.38,102.26,336.88
OD00004301,ORD0001477,P001653,1,250.7,38.87,211.83
OD00004302,ORD0001477,P000171,1,270.41,41.92,228.49
OD00004303,ORD0001477,P001986,1,124.07,19.24,104.83
OD00004304,ORD0001477,P001145,1,28.65,4.44,24.21
OD00004305,ORD0001477,P001432,2,63.82,19.79,107.85
OD00004306,ORD0001478,P000965,1,154.18,1.58,152.6
OD00004307,ORD0001478,P002279,2,141.5,2.9,280.1
OD00004308,ORD0001478,P001644,1,29.68,0.3,29.38
OD00004309,ORD0001479,P000944,1,154.36,50.17,104.19
OD00004310,ORD0001479,P001572,2,293.74,190.95,396.53
OD00004311,ORD0001480,P000525,2,60.39,7.08,113.7
OD00004312,ORD0001480,P001042,1,55.74,3.26,52.48
OD00004313,ORD0001480,P001674,1,50.34,2.95,47.39
OD00004314,ORD0001480,P001195,1,41.06,2.4,38.66
OD00004315,ORD0001480,P000282,1,37.05,2.17,34.879999999999995
OD00004316,ORD0001481,P000160,1,79.22,17.82,61.4
OD00004317,ORD0001481,P000022,2,45.27,20.37,70.17
OD00004318,ORD0001481,P000100,1,101.26,22.78,78.48
OD00004319,ORD0001482,P001142,1,283.05,17.36,265.69
OD00004320,ORD0001482,P002020,2,72.12,8.84,135.4
OD00004321,ORD0001483,P001721,1,163.99,43.96,120.03
OD00004322,ORD0001483,P001578,1,94.49,25.33,69.16
OD00004323,ORD0001484,P001463,2,37.61,9.72,65.5
OD00004324,ORD0001484,P001423,2,77.52,20.04,135.0
OD00004325,ORD0001484,P001077,3,44.14,17.11,115.31000000000002
OD00004326,ORD0001485,P000517,1,88.21,24.27,63.94
OD00004327,ORD0001485,P000379,2,97.06,53.41,140.71
OD00004328,ORD0001486,P001067,3,202.98,176.26,432.68
OD00004329,ORD0001487,P000699,1,62.43,19.61,42.82
OD00004330,ORD0001487,P000939,2,37.85,23.77,51.93000000000001
OD00004331,ORD0001487,P000432,1,41.17,12.93,28.24
OD00004332,ORD0001487,P000355,2,125.67,78.93,172.41
OD00004333,ORD0001488,P000721,1,118.15,25.28,92.87
OD00004334,ORD0001488,P001576,1,48.39,10.35,38.04
OD00004335,ORD0001488,P000915,2,38.66,16.54,60.78
OD00004336,ORD0001488,P001310,1,107.16,22.93,84.22999999999999
OD00004337,ORD0001489,P000960,1,51.53,8.23,43.3
OD00004338,ORD0001489,P001268,1,23.96,3.83,20.130000000000003
OD00004339,ORD0001490,P000255,1,160.23,27.3,132.92999999999998
OD00004340,ORD0001490,P001013,2,60.68,20.68,100.68
OD00004341,ORD0001490,P002036,1,175.35,29.88,145.47
OD00004342,ORD0001491,P002129,1,224.25,16.02,208.23
OD00004343,ORD0001491,P000234,1,74.82,5.35,69.47
OD00004344,ORD0001492,P000943,3,49.65,36.41,112.54
OD00004345,ORD0001492,P000890,2,34.44,16.84,52.03999999999999
OD00004346,ORD0001492,P000352,5,34.92,42.68,131.92000000000002
OD00004347,ORD0001492,P001580,2,92.93,45.43,140.43
OD00004348,ORD0001493,P002129,1,224.25,88.81,135.44
OD00004349,ORD0001493,P002091,2,90.75,71.89,109.61
OD00004350,ORD0001493,P001399,1,24.96,9.89,15.07
OD00004351,ORD0001494,P001555,3,10.37,9.04,22.07
OD00004352,ORD0001494,P001563,1,38.98,11.32,27.66
OD00004353,ORD0001494,P000518,3,177.15,154.38,377.0700000000001
OD00004354,ORD0001495,P000345,1,318.63,126.4,192.23
OD00004355,ORD0001495,P000799,2,27.42,21.76,33.08
OD00004356,ORD0001495,P001964,3,13.88,16.52,25.12
OD00004357,ORD0001495,P002213,2,13.25,10.51,15.99
OD00004358,ORD0001495,P000766,2,11.73,9.31,14.15
OD00004359,ORD0001495,P001365,1,12.98,5.15,7.83
OD00004360,ORD0001495,P000062,1,11.76,4.67,7.09
OD00004361,ORD0001495,P000120,1,10.21,4.05,6.160000000000001
OD00004362,ORD0001495,P001799,1,9.41,3.73,5.68
OD00004363,ORD0001496,P000260,1,33.83,5.69,28.14
OD00004364,ORD0001496,P001932,2,439.82,148.08,731.56
OD00004365,ORD0001497,P000345,2,318.63,199.1,438.16
OD00004366,ORD0001498,P000320,1,791.82,299.79,492.03
OD00004367,ORD0001499,P002204,1,161.33,49.97,111.36
OD00004368,ORD0001499,P001964,1,13.88,4.3,9.580000000000002
OD00004369,ORD0001499,P000081,4,33.37,41.34,92.14
OD00004370,ORD0001500,P000598,2,62.73,26.34,99.12
OD00004371,ORD0001501,P000898,1,282.83,61.24,221.59
OD00004372,ORD0001502,P000429,1,31.67,5.43,26.24
OD00004373,ORD0001502,P000106,1,41.55,7.13,34.419999999999995
OD00004374,ORD0001502,P000355,2,125.67,43.13,208.21
OD00004375,ORD0001503,P001997,1,71.56,21.17,50.39
OD00004376,ORD0001503,P002158,1,143.05,42.32,100.73000000000002
OD00004377,ORD0001504,P002095,1,13.01,2.5,10.51
OD00004378,ORD0001504,P002104,1,54.06,10.39,43.67
OD00004379,ORD0001504,P000168,1,106.82,20.53,86.28999999999999
OD00004380,ORD0001504,P002273,1,107.28,20.62,86.66
OD00004381,ORD0001505,P000830,1,60.53,1.0,59.53
OD00004382,ORD0001505,P000157,3,119.5,5.89,352.61
OD00004383,ORD0001506,P000318,5,51.36,66.88,189.92
OD00004384,ORD0001506,P001869,1,133.82,34.85,98.97
OD00004385,ORD0001507,P001900,1,186.85,15.75,171.1
OD00004386,ORD0001507,P000942,1,32.92,2.78,30.14
OD00004387,ORD0001508,P000165,2,204.93,130.56,279.3
OD00004388,ORD0001508,P001058,1,184.92,58.9,126.01999999999998
OD00004389,ORD0001508,P001045,2,40.61,25.87,55.35
OD00004390,ORD0001508,P000829,1,80.11,25.52,54.59
OD00004391,ORD0001508,P001630,1,70.33,22.4,47.93
OD00004392,ORD0001508,P001585,1,43.17,13.75,29.42
OD00004393,ORD0001508,P000025,1,34.17,10.88,23.29
OD00004394,ORD0001508,P000246,1,19.08,6.08,12.999999999999998
OD00004395,ORD0001509,P001232,2,93.42,48.42,138.42000000000002
OD00004396,ORD0001510,P001505,1,188.84,45.53,143.31
OD00004397,ORD0001510,P000437,2,137.05,66.09,208.01
OD00004398,ORD0001511,P000696,3,273.59,289.02,531.75
OD00004399,ORD0001512,P001743,2,82.14,6.71,157.57
OD00004400,ORD0001512,P000404,2,74.02,6.06,141.98
OD00004401,ORD0001512,P002213,3,13.25,1.63,38.12
OD00004402,ORD0001512,P001795,1,35.87,1.47,34.4
OD00004403,ORD0001513,P001495,4,56.01,64.79,159.25
OD00004404,ORD0001514,P000244,1,193.57,72.07,121.5
OD00004405,ORD0001514,P000198,1,23.36,8.7,14.66
OD00004406,ORD0001514,P001868,1,46.28,17.23,29.05
OD00004407,ORD0001514,P002015,3,67.71,75.63,127.5
OD00004408,ORD0001515,P001591,3,46.86,17.15,123.42999999999998
OD00004409,ORD0001515,P000890,1,34.44,4.2,30.24
OD00004410,ORD0001516,P001666,1,398.06,158.2,239.86
OD00004411,ORD0001516,P000172,1,306.9,121.96,184.94
OD00004412,ORD0001516,P001407,1,240.06,95.4,144.66
OD00004413,ORD0001517,P002162,2,1103.4,295.74,1911.06
OD00004414,ORD0001517,P000086,1,47.24,6.33,40.91
OD00004415,ORD0001517,P001768,2,190.53,51.07,329.99
OD00004416,ORD0001518,P001048,1,203.97,17.48,186.49
OD00004417,ORD0001519,P001941,1,25.45,3.26,22.19
OD00004418,ORD0001519,P000227,1,18.23,2.34,15.89
OD00004419,ORD0001519,P001167,1,25.09,3.22,21.87
OD00004420,ORD0001519,P002009,1,228.33,29.29,199.04
OD00004421,ORD0001520,P001069,1,191.91,20.38,171.53
OD00004422,ORD0001520,P000124,1,479.23,50.9,428.33
OD00004423,ORD0001521,P002088,1,43.71,7.78,35.93
OD00004424,ORD0001521,P000890,1,34.44,6.13,28.31
OD00004425,ORD0001521,P000667,2,123.52,43.96,203.08
OD00004426,ORD0001521,P001314,5,35.98,32.01,147.89
OD00004427,ORD0001522,P001214,2,73.6,0.68,146.51999999999998
OD00004428,ORD0001522,P000856,1,63.98,0.3,63.68
OD00004429,ORD0001523,P000027,1,113.01,11.88,101.13
OD00004430,ORD0001523,P000790,1,96.36,10.12,86.24
OD00004431,ORD0001523,P000517,1,88.21,9.27,78.94
OD00004432,ORD0001523,P000273,1,78.47,8.24,70.23
OD00004433,ORD0001524,P000171,2,270.41,37.13,503.69000000000005
OD00004434,ORD0001525,P000506,1,360.44,101.99,258.45
OD00004435,ORD0001526,P002177,2,74.31,55.91,92.71
OD00004436,ORD0001526,P001071,1,73.4,27.61,45.790000000000006
OD00004437,ORD0001526,P001674,1,50.34,18.94,31.4
OD00004438,ORD0001526,P001420,2,82.13,61.79,102.47
OD00004439,ORD0001527,P001620,3,77.49,75.32,157.14999999999998
OD00004440,ORD0001527,P002168,1,56.66,18.36,38.3
OD00004441,ORD0001527,P000754,1,252.09,81.67,170.42000000000002
OD00004442,ORD0001528,P001704,1,634.47,102.52,531.95
OD00004443,ORD0001529,P001180,4,42.45,49.5,120.3
OD00004444,ORD0001529,P000871,4,111.44,129.94,315.82
OD00004445,ORD0001530,P000438,1,93.07,25.69,67.38
OD00004446,ORD0001530,P001934,3,57.21,47.38,124.25
OD00004447,ORD0001530,P002061,1,29.92,8.26,21.660000000000004
OD00004448,ORD0001530,P001970,1,163.58,45.16,118.42000000000002
OD00004449,ORD0001530,P002168,4,56.66,62.57,164.07
OD00004450,ORD0001531,P000870,4,123.04,122.57,369.59
OD00004451,ORD0001531,P000162,2,94.17,46.9,141.44
OD00004452,ORD0001531,P000806,2,11.61,5.78,17.439999999999998
OD00004453,ORD0001532,P001320,2,119.58,67.33,171.82999999999998
OD00004454,ORD0001533,P000151,2,56.15,33.74,78.56
OD00004455,ORD0001533,P000421,2,51.63,31.03,72.23
OD00004456,ORD0001533,P001899,4,159.99,192.29,447.6700000000001
OD00004457,ORD0001534,P001047,2,83.43,58.2,108.66
OD00004458,ORD0001535,P002048,3,180.1,163.3,377.0
OD00004459,ORD0001536,P001775,1,51.2,4.96,46.24
OD00004460,ORD0001536,P000523,1,11.87,1.15,10.72
OD00004461,ORD0001536,P001841,1,13.16,1.28,11.88
OD00004462,ORD0001536,P001279,5,35.91,17.4,162.14999999999998
OD00004463,ORD0001537,P000383,1,538.53,164.35,374.18
OD00004464,ORD0001538,P001255,3,84.37,54.91,198.2
OD00004465,ORD0001538,P000624,1,271.96,59.0,212.96
OD00004466,ORD0001539,P001580,3,92.93,106.14,172.65000000000003
OD00004467,ORD0001539,P000984,2,138.74,105.65,171.83
OD00004468,ORD0001540,P000058,2,28.18,9.0,47.36
OD00004469,ORD0001540,P002013,1,245.47,39.18,206.29
OD00004470,ORD0001540,P000523,1,11.87,1.89,9.98
OD00004471,ORD0001540,P001458,1,61.68,9.85,51.83
OD00004472,ORD0001540,P001432,2,63.82,20.37,107.27
OD00004473,ORD0001541,P001955,1,57.7,4.9,52.8
OD00004474,ORD0001541,P001230,1,9.17,0.78,8.39
OD00004475,ORD0001541,P002061,1,29.92,2.54,27.380000000000003
OD00004476,ORD0001541,P000912,1,56.02,4.75,51.27
OD00004477,ORD0001541,P000618,1,54.14,4.59,49.55
OD00004478,ORD0001541,P000974,5,14.69,6.23,67.22
OD00004479,ORD0001541,P001067,1,202.98,17.23,185.75
OD00004480,ORD0001541,P000293,1,102.03,8.66,93.37
OD00004481,ORD0001542,P000558,2,92.47,41.14,143.8
OD00004482,ORD0001542,P000829,1,80.11,17.82,62.29
OD00004483,ORD0001543,P000151,4,56.15,35.41,189.19
OD00004484,ORD0001543,P000583,5,63.06,49.7,265.6
OD00004485,ORD0001543,P000091,1,106.61,16.81,89.8
OD00004486,ORD0001543,P001245,1,67.57,10.65,56.92
OD00004487,ORD0001543,P001440,1,143.19,22.57,120.62
OD00004488,ORD0001544,P000742,1,134.0,29.07,104.93
OD00004489,ORD0001544,P000068,1,218.79,47.47,171.32
OD00004490,ORD0001545,P001438,3,74.69,85.0,139.07
OD00004491,ORD0001545,P001276,3,48.28,54.94,89.9
OD00004492,ORD0001545,P002025,2,123.57,93.75,153.39
OD00004493,ORD0001546,P000147,2,168.64,56.55,280.73
OD00004494,ORD0001546,P000788,1,35.41,5.94,29.469999999999995
OD00004495,ORD0001546,P000227,1,18.23,3.06,15.17
OD00004496,ORD0001547,P000405,2,258.82,118.03,399.61
OD00004497,ORD0001548,P001048,1,203.97,45.2,158.77
OD00004498,ORD0001548,P001055,2,88.47,39.2,137.74
OD00004499,ORD0001548,P000438,1,93.07,20.62,72.44999999999999
OD00004500,ORD0001549,P001396,1,178.96,24.71,154.25
OD00004501,ORD0001549,P001870,1,15.97,2.2,13.77
OD00004502,ORD0001549,P000538,1,62.85,8.68,54.17
OD00004503,ORD0001549,P002010,2,58.56,16.17,100.95
OD00004504,ORD0001550,P002105,5,56.69,58.11,225.34
OD00004505,ORD0001551,P000381,5,78.58,7.01,385.89
OD00004506,ORD0001551,P000667,1,123.52,2.2,121.32
OD00004507,ORD0001552,P001561,1,9.17,0.65,8.52
OD00004508,ORD0001552,P000735,4,42.74,12.12,158.84
OD00004509,ORD0001552,P000528,2,13.93,1.97,25.89
OD00004510,ORD0001552,P001475,3,33.19,7.06,92.51
OD00004511,ORD0001552,P000646,1,29.76,2.11,27.65
OD00004512,ORD0001552,P000407,1,94.83,6.72,88.11
OD00004513,ORD0001553,P001103,1,149.37,46.9,102.47
OD00004514,ORD0001553,P000327,2,46.13,28.97,63.290000000000006
OD00004515,ORD0001554,P002155,1,39.19,9.78,29.41
OD00004516,ORD0001554,P000397,1,25.56,6.38,19.18
OD00004517,ORD0001554,P000277,1,57.8,14.42,43.38
OD00004518,ORD0001554,P000381,2,78.58,39.22,117.94
OD00004519,ORD0001554,P000355,1,125.67,31.36,94.31
OD00004520,ORD0001555,P000017,1,201.25,73.88,127.37
OD00004521,ORD0001555,P000471,2,72.25,53.04,91.46
OD00004522,ORD0001556,P001060,2,25.83,11.16,40.5
OD00004523,ORD0001556,P001730,1,279.71,60.42,219.29
OD00004524,ORD0001556,P001930,1,26.89,5.81,21.08
OD00004525,ORD0001556,P000717,1,204.46,44.16,160.3
OD00004526,ORD0001557,P001511,1,107.7,31.58,76.12
OD00004527,ORD0001557,P002062,1,287.21,84.2,203.01
OD00004528,ORD0001558,P000022,2,45.27,16.12,74.42
OD00004529,ORD0001558,P000769,2,240.99,85.84,396.14
OD00004530,ORD0001559,P001653,1,250.7,15.67,235.03
OD00004531,ORD0001560,P001845,1,68.52,19.46,49.06
OD00004532,ORD0001560,P001686,2,134.87,76.59,193.15
OD00004533,ORD0001561,P000655,3,91.51,28.34,246.19000000000003
OD00004534,ORD0001561,P001583,2,143.23,29.58,256.88
OD00004535,ORD0001561,P001662,2,15.11,3.12,27.1
OD00004536,ORD0001561,P000678,2,55.49,11.46,99.52
OD00004537,ORD0001562,P000748,1,10.6,3.64,6.959999999999999
OD00004538,ORD0001562,P000766,3,11.73,12.07,23.12
OD00004539,ORD0001562,P002287,1,39.93,13.7,26.23
OD00004540,ORD0001562,P000763,1,25.62,8.79,16.830000000000002
OD00004541,ORD0001562,P000722,1,255.79,87.75,168.04
OD00004542,ORD0001562,P000633,1,62.46,21.43,41.03
OD00004543,ORD0001562,P001585,1,43.17,14.81,28.36
OD00004544,ORD0001562,P002024,1,70.09,24.05,46.040000000000006
OD00004545,ORD0001562,P002195,2,43.32,29.72,56.92
OD00004546,ORD0001562,P002244,1,579.03,198.64,380.39
OD00004547,ORD0001563,P001294,1,10.03,3.18,6.85
OD00004548,ORD0001563,P000620,2,17.31,10.98,23.64
OD00004549,ORD0001563,P001792,1,26.18,8.3,17.88
OD00004550,ORD0001563,P001832,1,17.83,5.66,12.169999999999998
OD00004551,ORD0001563,P001342,1,108.75,34.49,74.25999999999999
OD00004552,ORD0001563,P000419,2,15.4,9.77,21.03
OD00004553,ORD0001563,P000577,1,12.6,4.0,8.6
OD00004554,ORD0001563,P000555,2,104.59,66.35,142.83
OD00004555,ORD0001564,P000119,1,56.16,7.31,48.85
OD00004556,ORD0001564,P001334,2,47.18,12.28,82.08
OD00004557,ORD0001565,P002077,1,56.22,14.08,42.14
OD00004558,ORD0001565,P002313,4,64.37,64.5,192.98
OD00004559,ORD0001565,P001303,2,10.43,5.23,15.63
OD00004560,ORD0001565,P001117,1,157.3,39.41,117.89
OD00004561,ORD0001566,P002040,2,73.97,10.53,137.41
OD00004562,ORD0001566,P001006,4,73.59,20.96,273.40000000000003
OD00004563,ORD0001567,P000429,1,31.67,7.99,23.68
OD00004564,ORD0001567,P000723,1,349.55,88.24,261.31
OD00004565,ORD0001567,P001713,3,88.56,67.07,198.61
OD00004566,ORD0001568,P001715,1,309.43,23.3,286.13
OD00004567,ORD0001569,P000142,1,202.96,35.73,167.23000000000002
OD00004568,ORD0001569,P001341,3,93.05,49.15,230.0
OD00004569,ORD0001570,P001039,1,57.04,13.52,43.52
OD00004570,ORD0001570,P001896,1,257.78,61.08,196.7
OD00004571,ORD0001571,P001507,1,66.23,10.1,56.13
OD00004572,ORD0001571,P001469,1,24.39,3.72,20.67
OD00004573,ORD0001571,P002311,1,450.48,68.69,381.79
OD00004574,ORD0001571,P000360,1,160.25,24.44,135.81
OD00004575,ORD0001572,P001815,2,15.67,6.81,24.53
OD00004576,ORD0001572,P000965,1,154.18,33.52,120.66
OD00004577,ORD0001572,P001190,1,146.81,31.92,114.89
OD00004578,ORD0001572,P001217,4,121.07,105.29,378.99
OD00004579,ORD0001573,P001378,1,243.77,53.49,190.28
OD00004580,ORD0001573,P001895,1,102.57,22.5,80.07
OD00004581,ORD0001573,P001155,2,25.94,11.38,40.5
OD00004582,ORD0001574,P002306,1,116.06,12.3,103.76
OD00004583,ORD0001574,P001500,1,137.82,14.6,123.22
OD00004584,ORD0001575,P001048,1,203.97,63.49,140.48
OD00004585,ORD0001575,P000591,2,54.09,33.67,74.51
OD00004586,ORD0001576,P001067,2,202.98,11.68,394.28
OD00004587,ORD0001577,P001044,1,161.35,49.48,111.87
OD00004588,ORD0001577,P002052,1,108.94,33.4,75.53999999999999
OD00004589,ORD0001577,P000237,2,11.01,6.75,15.27
OD00004590,ORD0001578,P001792,1,26.18,7.54,18.64
OD00004591,ORD0001578,P001284,3,38.1,32.94,81.36000000000001
OD00004592,ORD0001579,P001865,4,53.35,50.34,163.06
OD00004593,ORD0001580,P000020,1,71.84,7.75,64.09
OD00004594,ORD0001580,P000408,2,227.81,49.17,406.45
OD00004595,ORD0001580,P000179,1,20.62,2.23,18.39
OD00004596,ORD0001580,P001070,1,149.47,16.13,133.34
OD00004597,ORD0001581,P000837,2,62.11,37.38,86.84
OD00004598,ORD0001581,P002136,2,55.3,33.27,77.32999999999998
OD00004599,ORD0001581,P000135,1,90.09,27.1,62.99
OD00004600,ORD0001581,P001090,1,37.11,11.16,25.95
OD00004601,ORD0001582,P001726,2,168.36,94.66,242.06000000000003
OD00004602,ORD0001582,P001384,1,355.7,99.99,255.71
OD00004603,ORD0001583,P002086,1,304.53,100.0,204.53
OD00004604,ORD0001583,P001364,1,150.16,49.31,100.85
OD00004605,ORD0001583,P001878,3,23.21,22.87,46.75999999999999
OD00004606,ORD0001583,P000521,1,55.59,18.26,37.33
OD00004607,ORD0001583,P000688,1,40.73,13.38,27.349999999999994
OD00004608,ORD0001583,P000249,1,35.26,11.58,23.68
OD00004609,ORD0001584,P000958,1,352.18,1.58,350.6
OD00004610,ORD0001585,P001112,1,204.97,9.39,195.58
OD00004611,ORD0001586,P001741,1,175.8,51.78,124.02
OD00004612,ORD0001586,P000284,1,96.63,28.46,68.16999999999999
OD00004613,ORD0001586,P000649,1,127.51,37.56,89.95
OD00004614,ORD0001587,P000199,1,28.28,2.75,25.53
OD00004615,ORD0001587,P002185,1,36.45,3.55,32.900000000000006
OD00004616,ORD0001587,P000096,1,133.26,12.98,120.28
OD00004617,ORD0001587,P002172,1,98.09,9.55,88.54
OD00004618,ORD0001588,P000041,2,273.11,74.16,472.06000000000006
OD00004619,ORD0001589,P001787,1,634.75,70.48,564.27
OD00004620,ORD0001590,P000796,1,271.18,88.28,182.9
OD00004621,ORD0001590,P001538,1,34.19,11.13,23.059999999999995
OD00004622,ORD0001590,P001085,1,167.59,54.55,113.04
OD00004623,ORD0001591,P002212,1,117.88,26.83,91.05
OD00004624,ORD0001591,P002082,1,117.58,26.77,90.81
OD00004625,ORD0001591,P001576,1,48.39,11.02,37.370000000000005
OD00004626,ORD0001591,P000489,1,26.4,6.01,20.39
OD00004627,ORD0001592,P001490,1,234.58,87.79,146.79000000000002
OD00004628,ORD0001592,P001153,2,95.26,71.3,119.22
OD00004629,ORD0001593,P001125,2,81.57,26.21,136.93
OD00004630,ORD0001593,P000208,3,36.35,17.53,91.52
OD00004631,ORD0001593,P000540,3,21.34,10.29,53.73
OD00004632,ORD0001593,P002047,1,12.61,2.03,10.58
OD00004633,ORD0001594,P000125,1,464.64,107.67,356.97
OD00004634,ORD0001595,P001900,2,186.85,145.44,228.26
OD00004635,ORD0001596,P002013,1,245.47,48.73,196.74
OD00004636,ORD0001596,P000796,2,271.18,107.67,434.69
OD00004637,ORD0001596,P001176,3,136.96,81.57,329.31
OD00004638,ORD0001597,P001294,1,10.03,0.24,9.79
OD00004639,ORD0001597,P002040,2,73.97,3.58,144.36
OD00004640,ORD0001597,P000765,1,82.95,2.01,80.94
OD00004641,ORD0001597,P000122,2,13.73,0.66,26.8
OD00004642,ORD0001597,P001908,1,36.25,0.88,35.37
OD00004643,ORD0001597,P001645,1,90.36,2.19,88.17
OD00004644,ORD0001597,P000909,2,41.22,2.0,80.44
OD00004645,ORD0001597,P001046,2,40.61,1.97,79.25
OD00004646,ORD0001597,P001709,2,10.37,0.5,20.24
OD00004647,ORD0001598,P001599,2,288.21,181.77,394.65
OD00004648,ORD0001598,P001330,1,112.02,35.33,76.69
OD00004649,ORD0001598,P002054,1,55.55,17.52,38.03
OD00004650,ORD0001599,P001445,1,53.4,6.04,47.36
OD00004651,ORD0001599,P001891,1,407.66,46.08,361.58
OD00004652,ORD0001600,P001318,1,294.15,42.85,251.3
OD00004653,ORD0001601,P002080,3,10.87,2.15,30.46
OD00004654,ORD0001601,P001054,1,301.78,19.88,281.9
OD00004655,ORD0001602,P000105,2,198.95,79.18,318.72
OD00004656,ORD0001602,P000417,2,217.17,86.43,347.91
OD00004657,ORD0001603,P000360,2,160.25,80.23,240.27
OD00004658,ORD0001604,P002154,1,93.75,32.11,61.64
OD00004659,ORD0001604,P000945,3,76.62,78.72,151.14
OD00004660,ORD0001604,P001605,1,608.45,208.38,400.0700000000001
OD00004661,ORD0001605,P002168,3,56.66,10.29,159.69
OD00004662,ORD0001605,P001852,5,32.47,9.83,152.51999999999998
OD00004663,ORD0001606,P001599,1,288.21,76.19,212.02
OD00004664,ORD0001606,P002113,1,162.02,42.83,119.19
OD00004665,ORD0001606,P002160,2,75.66,40.01,111.31
OD00004666,ORD0001606,P001013,2,60.68,32.09,89.27
OD00004667,ORD0001606,P000080,2,48.45,25.62,71.28
OD00004668,ORD0001606,P000927,3,26.92,21.35,59.41
OD00004669,ORD0001606,P000620,4,17.31,18.31,50.92999999999999
OD00004670,ORD0001606,P000042,2,14.78,7.82,21.74
OD00004671,ORD0001606,P001897,2,13.85,7.32,20.38
OD00004672,ORD0001606,P000351,2,12.41,6.56,18.26
OD00004673,ORD0001606,P000798,1,12.58,3.33,9.25
OD00004674,ORD0001606,P000681,1,10.09,2.67,7.42
OD00004675,ORD0001607,P001866,4,15.5,8.55,53.45
OD00004676,ORD0001607,P001244,4,28.47,15.71,98.17
OD00004677,ORD0001607,P000074,1,170.35,23.5,146.85
OD00004678,ORD0001608,P000746,1,256.75,97.05,159.7
OD00004679,ORD0001608,P001381,2,78.93,59.68,98.18
OD00004680,ORD0001608,P000581,2,64.38,48.68,80.07999999999998
OD00004681,ORD0001608,P000817,1,38.77,14.66,24.110000000000003
OD00004682,ORD0001608,P001931,1,26.27,9.93,16.34
OD00004683,ORD0001608,P002173,1,18.12,6.85,11.27
OD00004684,ORD0001609,P000819,1,287.49,67.61,219.88
OD00004685,ORD0001609,P001359,3,71.6,50.52,164.27999999999997
OD00004686,ORD0001610,P001465,1,118.28,13.25,105.03
OD00004687,ORD0001610,P000226,1,41.66,4.67,36.99
OD00004688,ORD0001611,P000911,1,47.39,10.81,36.58
OD00004689,ORD0001611,P001296,1,25.15,5.74,19.41
OD00004690,ORD0001611,P001047,2,83.43,38.06,128.8
OD00004691,ORD0001612,P002025,1,123.57,5.8,117.77
OD00004692,ORD0001612,P000534,1,61.01,2.87,58.14
OD00004693,ORD0001612,P001539,1,27.42,1.29,26.130000000000003
OD00004694,ORD0001613,P001855,1,172.01,26.82,145.19
OD00004695,ORD0001614,P002145,2,14.21,2.01,26.410000000000004
OD00004696,ORD0001614,P000161,4,22.03,6.22,81.9
OD00004697,ORD0001614,P000315,5,29.62,10.46,137.64
OD00004698,ORD0001614,P002069,2,61.9,8.75,115.05
OD00004699,ORD0001615,P000391,1,316.44,73.14,243.3
OD00004700,ORD0001615,P000177,3,157.31,109.09,362.84
OD00004701,ORD0001616,P000222,1,110.35,33.39,76.96
OD00004702,ORD0001616,P000748,5,10.6,16.03,36.97
OD00004703,ORD0001617,P001884,2,112.93,65.47,160.39
OD00004704,ORD0001617,P002137,2,113.15,65.6,160.70000000000002
OD00004705,ORD0001617,P001002,2,213.01,123.49,302.53
OD00004706,ORD0001618,P000187,1,744.46,256.85,487.61
OD00004707,ORD0001619,P000491,3,91.39,65.47,208.7
OD00004708,ORD0001620,P000876,2,77.57,61.95,93.18999999999998
OD00004709,ORD0001620,P001799,1,9.41,3.76,5.65
OD00004710,ORD0001620,P001472,2,96.79,77.3,116.28000000000002
OD00004711,ORD0001621,P001175,1,299.09,20.25,278.84
OD00004712,ORD0001621,P000537,2,15.63,2.12,29.14
OD00004713,ORD0001622,P001576,1,48.39,9.77,38.620000000000005
OD00004714,ORD0001622,P000798,1,12.58,2.54,10.04
OD00004715,ORD0001622,P001386,2,56.57,22.85,90.29
OD00004716,ORD0001622,P000508,1,112.43,22.7,89.73
OD00004717,ORD0001623,P000398,1,31.28,2.81,28.47
OD00004718,ORD0001623,P001205,1,373.4,33.53,339.87
OD00004719,ORD0001623,P000229,3,34.48,9.29,94.15
OD00004720,ORD0001624,P001058,1,184.92,22.14,162.78
OD00004721,ORD0001624,P001756,1,150.43,18.02,132.41
OD00004722,ORD0001624,P001208,1,13.74,1.65,12.09
OD00004723,ORD0001625,P000206,2,223.59,142.1,305.08000000000004
OD00004724,ORD0001626,P001167,1,25.09,0.88,24.21
OD00004725,ORD0001626,P001227,1,33.39,1.18,32.21
OD00004726,ORD0001626,P001092,1,192.6,6.78,185.82
OD00004727,ORD0001626,P001634,1,79.9,2.81,77.09
OD00004728,ORD0001626,P001930,1,26.89,0.95,25.94
OD00004729,ORD0001627,P000896,1,253.86,11.25,242.61
OD00004730,ORD0001627,P000268,3,16.51,2.2,47.33
OD00004731,ORD0001627,P000983,2,32.85,2.91,62.790000000000006
OD00004732,ORD0001628,P000574,2,111.89,0.66,223.12
OD00004733,ORD0001628,P000875,1,54.34,0.16,54.18000000000001
OD00004734,ORD0001629,P001368,2,96.76,72.72,120.8
OD00004735,ORD0001629,P001241,3,41.38,46.64,77.50000000000001
OD00004736,ORD0001629,P000655,1,91.51,34.38,57.13
OD00004737,ORD0001630,P001428,1,848.43,42.17,806.26
OD00004738,ORD0001631,P000902,1,128.97,2.69,126.28
OD00004739,ORD0001631,P000815,2,172.54,7.2,337.88
OD00004740,ORD0001631,P000024,2,216.85,9.04,424.66
OD00004741,ORD0001632,P001674,1,50.34,7.76,42.580000000000005
OD00004742,ORD0001632,P001469,1,24.39,3.76,20.630000000000003
OD00004743,ORD0001632,P002022,1,420.32,64.78,355.54
OD00004744,ORD0001633,P000157,3,119.5,142.97,215.53
OD00004745,ORD0001634,P001684,3,101.8,66.9,238.5
OD00004746,ORD0001634,P001987,2,112.95,49.49,176.41
OD00004747,ORD0001635,P000797,5,142.8,236.19,477.81
OD00004748,ORD0001635,P000451,1,225.83,74.7,151.13
OD00004749,ORD0001635,P000109,2,57.96,38.35,77.57
OD00004750,ORD0001635,P000121,1,106.27,35.16,71.11
OD00004751,ORD0001635,P001471,2,43.22,28.6,57.84
OD00004752,ORD0001635,P000935,3,19.5,19.35,39.15
OD00004753,ORD0001635,P001805,1,51.53,17.05,34.480000000000004
OD00004754,ORD0001636,P000445,1,103.95,21.02,82.93
OD00004755,ORD0001636,P000687,2,120.74,48.84,192.64
OD00004756,ORD0001636,P001395,2,165.77,67.06,264.48
OD00004757,ORD0001637,P001938,1,227.11,88.33,138.78000000000003
OD00004758,ORD0001637,P001665,2,89.24,69.41,109.07
OD00004759,ORD0001638,P001599,1,288.21,11.76,276.45
OD00004760,ORD0001638,P001693,1,88.15,3.6,84.55000000000001
OD00004761,ORD0001638,P001953,1,56.75,2.32,54.43
OD00004762,ORD0001639,P000621,4,44.99,15.62,164.34
OD00004763,ORD0001640,P002076,1,202.45,6.99,195.46
OD00004764,ORD0001640,P001996,3,16.16,1.68,46.8
OD00004765,ORD0001640,P002170,1,27.74,0.96,26.78
OD00004766,ORD0001640,P001436,1,23.88,0.83,23.05
OD00004767,ORD0001641,P000939,2,37.85,8.56,67.14
OD00004768,ORD0001641,P001317,1,205.22,23.2,182.02
OD00004769,ORD0001642,P000672,2,173.06,85.17,260.95
OD00004770,ORD0001642,P001337,1,56.03,13.79,42.24
OD00004771,ORD0001642,P000434,1,47.9,11.79,36.11
OD00004772,ORD0001642,P000302,2,10.64,5.24,16.04
OD00004773,ORD0001643,P001388,1,491.11,132.05,359.06
OD00004774,ORD0001643,P002011,1,273.08,73.43,199.65
OD00004775,ORD0001644,P001110,1,459.35,10.05,449.3
OD00004776,ORD0001644,P001471,3,43.22,2.83,126.83
OD00004777,ORD0001644,P002313,2,64.37,2.81,125.93
OD00004778,ORD0001645,P000455,1,62.06,8.16,53.900000000000006
OD00004779,ORD0001645,P002200,2,174.65,45.93,303.37
OD00004780,ORD0001645,P002233,1,98.53,12.95,85.58
OD00004781,ORD0001645,P002219,2,76.93,20.23,133.63000000000002
OD00004782,ORD0001646,P002038,2,181.16,96.98,265.34
OD00004783,ORD0001646,P002076,2,202.45,108.37,296.53
OD00004784,ORD0001647,P000087,3,105.5,63.92,252.58
OD00004785,ORD0001647,P000769,1,240.99,48.68,192.31
OD00004786,ORD0001647,P002245,3,59.05,35.78,141.36999999999998
OD00004787,ORD0001647,P000486,1,60.44,12.21,48.23
OD00004788,ORD0001648,P000886,2,467.43,225.77,709.09
OD00004789,ORD0001649,P001116,1,183.26,16.09,167.17
OD00004790,ORD0001650,P000077,2,83.89,34.83,132.95
OD00004791,ORD0001651,P000386,1,56.52,22.35,34.17
OD00004792,ORD0001651,P000752,1,34.14,13.5,20.64
OD00004793,ORD0001651,P000489,1,26.4,10.44,15.96
OD00004794,ORD0001651,P000097,1,54.28,21.47,32.81
OD00004795,ORD0001651,P000933,1,78.76,31.15,47.61000000000001
OD00004796,ORD0001651,P000346,1,28.74,11.37,17.369999999999997
OD00004797,ORD0001651,P000274,3,80.85,95.93,146.61999999999998
OD00004798,ORD0001652,P000864,2,188.84,2.28,375.4
OD00004799,ORD0001652,P001068,1,41.67,0.25,41.42
OD00004800,ORD0001653,P000836,5,62.14,68.38,242.32
OD00004801,ORD0001654,P001251,1,160.22,56.79,103.43
OD00004802,ORD0001654,P001644,1,29.68,10.52,19.16
OD00004803,ORD0001654,P000565,2,74.47,52.79,96.15
OD00004804,ORD0001654,P001213,2,98.41,69.76,127.06
OD00004805,ORD0001655,P002232,1,24.25,4.78,19.47
OD00004806,ORD0001655,P001469,1,24.39,4.8,19.59
OD00004807,ORD0001655,P000348,1,29.35,5.78,23.57
OD00004808,ORD0001655,P002054,1,55.55,10.94,44.61
OD00004809,ORD0001656,P002193,2,79.05,13.18,144.92
OD00004810,ORD0001656,P001465,1,118.28,9.86,108.42
OD00004811,ORD0001656,P001324,1,50.65,4.22,46.43
OD00004812,ORD0001656,P000485,1,115.32,9.61,105.71
OD00004813,ORD0001657,P002307,2,96.24,51.6,140.88
OD00004814,ORD0001657,P001187,5,17.66,23.68,64.62
OD00004815,ORD0001657,P000257,2,35.24,18.9,51.580000000000005
OD00004816,ORD0001658,P000438,3,93.07,4.56,274.65
OD00004817,ORD0001659,P001268,1,23.96,0.62,23.34
OD00004818,ORD0001659,P001871,1,26.17,0.68,25.49
OD00004819,ORD0001659,P001585,1,43.17,1.12,42.05
OD00004820,ORD0001659,P001813,1,40.8,1.06,39.74
OD00004821,ORD0001659,P000516,1,112.73,2.93,109.8
OD00004822,ORD0001659,P000933,1,78.76,2.05,76.71000000000001
OD00004823,ORD0001660,P002227,1,45.58,1.64,43.94
OD00004824,ORD0001660,P000742,1,134.0,4.82,129.18
OD00004825,ORD0001661,P001734,2,86.98,3.69,170.27
OD00004826,ORD0001661,P001321,3,124.39,7.9,365.27
OD00004827,ORD0001662,P001000,1,336.28,120.46,215.82
OD00004828,ORD0001662,P000068,1,218.79,78.38,140.41
OD00004829,ORD0001663,P001713,2,88.56,0.31,176.81
OD00004830,ORD0001663,P001758,1,85.06,0.15,84.91
OD00004831,ORD0001664,P001993,3,74.25,8.69,214.06
OD00004832,ORD0001664,P001550,1,36.92,1.44,35.480000000000004
OD00004833,ORD0001665,P001446,1,71.41,12.64,58.77
OD00004834,ORD0001665,P002271,2,9.82,3.48,16.16
OD00004835,ORD0001665,P000409,1,256.92,45.47,211.45
OD00004836,ORD0001666,P000717,2,204.46,155.61,253.31
OD00004837,ORD0001667,P000508,2,112.43,58.55,166.31
OD00004838,ORD0001668,P000069,1,169.13,44.81,124.32
OD00004839,ORD0001668,P001750,1,26.75,7.09,19.66
OD00004840,ORD0001668,P002284,1,145.93,38.66,107.27
OD00004841,ORD0001668,P000665,1,57.5,15.23,42.27
OD00004842,ORD0001668,P002230,1,60.22,15.96,44.26
OD00004843,ORD0001668,P000189,1,864.39,229.02,635.37
OD00004844,ORD0001669,P001582,1,266.31,44.76,221.55
OD00004845,ORD0001669,P001356,3,19.9,10.03,49.67
OD00004846,ORD0001669,P000942,1,32.92,5.53,27.39
OD00004847,ORD0001670,P000329,1,190.35,31.01,159.34
OD00004848,ORD0001671,P001341,2,93.05,42.91,143.19
OD00004849,ORD0001671,P001915,1,419.1,96.64,322.46000000000004
OD00004850,ORD0001672,P000247,1,406.56,104.73,301.83
OD00004851,ORD0001672,P001066,2,224.69,115.75,333.63
OD00004852,ORD0001673,P000964,4,11.6,5.91,40.49
OD00004853,ORD0001673,P002305,1,59.46,7.58,51.88
OD00004854,ORD0001673,P001321,1,124.39,15.85,108.54
OD00004855,ORD0001673,P001852,1,32.47,4.14,28.33
OD00004856,ORD0001673,P001117,1,157.3,20.04,137.26000000000002
OD00004857,ORD0001673,P000418,2,174.49,44.46,304.52000000000004
OD00004858,ORD0001674,P001009,4,161.64,203.02,443.54
OD00004859,ORD0001675,P001378,1,243.77,59.33,184.44
OD00004860,ORD0001676,P002245,2,59.05,34.16,83.94
OD00004861,ORD0001676,P001041,2,239.37,138.47,340.27
OD00004862,ORD0001677,P001980,4,119.71,3.94,474.9
OD00004863,ORD0001677,P000038,2,177.4,2.93,351.87
OD00004864,ORD0001677,P001265,4,55.04,1.82,218.34
OD00004865,ORD0001677,P000091,1,106.61,0.88,105.73
OD00004866,ORD0001677,P001790,1,36.35,0.3,36.05
OD00004867,ORD0001677,P000275,1,32.72,0.27,32.45
OD00004868,ORD0001677,P000199,1,28.28,0.23,28.05
OD00004869,ORD0001677,P001750,1,26.75,0.22,26.53
OD00004870,ORD0001677,P002173,1,18.12,0.15,17.970000000000002
OD00004871,ORD0001678,P001453,1,225.88,38.04,187.84
OD00004872,ORD0001678,P001856,1,57.5,9.68,47.82
OD00004873,ORD0001679,P002182,1,71.08,3.41,67.67
OD00004874,ORD0001679,P002080,3,10.87,1.56,31.05
OD00004875,ORD0001679,P001068,2,41.67,4.0,79.34
OD00004876,ORD0001679,P000055,2,213.28,20.45,406.11
OD00004877,ORD0001680,P001784,1,49.36,4.32,45.04
OD00004878,ORD0001680,P000488,1,166.19,14.54,151.65
OD00004879,ORD0001680,P001864,5,34.94,15.28,159.42
OD00004880,ORD0001680,P001452,1,94.02,8.23,85.78999999999999
OD00004881,ORD0001681,P000634,1,594.12,63.36,530.76
OD00004882,ORD0001682,P000436,1,353.11,33.23,319.88
OD00004883,ORD0001683,P001225,1,425.61,84.28,341.33000000000004
OD00004884,ORD0001684,P001176,1,136.96,1.5,135.46
OD00004885,ORD0001684,P000386,1,56.52,0.62,55.900000000000006
OD00004886,ORD0001685,P001794,2,146.5,7.22,285.78
OD00004887,ORD0001686,P000306,2,144.25,51.01,237.49
OD00004888,ORD0001687,P000573,1,117.69,25.74,91.95
OD00004889,ORD0001687,P002133,2,130.47,57.06,203.88
OD00004890,ORD0001688,P000654,1,293.47,68.99,224.48
OD00004891,ORD0001688,P002092,1,191.1,44.92,146.18
OD00004892,ORD0001689,P000266,3,117.86,106.42,247.16
OD00004893,ORD0001689,P001670,1,511.22,153.86,357.36
OD00004894,ORD0001690,P001719,2,37.8,25.33,50.27
OD00004895,ORD0001690,P000354,1,369.74,123.87,245.87
OD00004896,ORD0001690,P001831,1,272.27,91.21,181.06
OD00004897,ORD0001691,P001089,1,507.16,22.63,484.53
OD00004898,ORD0001692,P000447,1,143.06,6.46,136.6
OD00004899,ORD0001692,P000503,1,25.84,1.17,24.67
OD00004900,ORD0001693,P001031,1,635.18,218.96,416.2199999999999
OD00004901,ORD0001694,P000052,2,600.28,478.28,722.28
OD00004902,ORD0001695,P000829,1,80.11,0.62,79.49
OD00004903,ORD0001695,P002151,1,41.99,0.33,41.66
OD00004904,ORD0001695,P000750,1,265.76,2.07,263.69
OD00004905,ORD0001696,P002091,1,90.75,25.06,65.69
OD00004906,ORD0001696,P000558,2,92.47,51.07,133.87
OD00004907,ORD0001697,P002075,1,855.3,211.68,643.6199999999999
OD00004908,ORD0001698,P000724,1,31.8,0.79,31.01
OD00004909,ORD0001698,P001960,1,25.15,0.63,24.52
OD00004910,ORD0001698,P001087,1,188.37,4.68,183.69
OD00004911,ORD0001699,P001440,2,143.19,66.38,220.0
OD00004912,ORD0001699,P001719,3,37.8,26.29,87.10999999999999
OD00004913,ORD0001700,P002002,1,105.55,5.99,99.56
OD00004914,ORD0001700,P000805,3,22.55,3.84,63.81
OD00004915,ORD0001700,P001679,1,10.6,0.6,10.0
OD00004916,ORD0001701,P001054,1,301.78,29.25,272.53
OD00004917,ORD0001701,P001872,4,71.81,27.83,259.41
OD00004918,ORD0001701,P002060,2,17.89,3.47,32.31
OD00004919,ORD0001701,P000557,1,16.55,1.6,14.95
OD00004920,ORD0001702,P001597,4,40.7,1.96,160.84
OD00004921,ORD0001702,P000165,1,204.93,2.46,202.47
OD00004922,ORD0001703,P001840,1,72.79,10.86,61.93000000000001
OD00004923,ORD0001703,P001265,2,55.04,16.43,93.65
OD00004924,ORD0001703,P001996,4,16.16,9.65,54.99
OD00004925,ORD0001703,P000346,1,28.74,4.29,24.45
OD00004926,ORD0001703,P002290,1,27.67,4.13,23.540000000000003
OD00004927,ORD0001703,P002155,2,39.19,11.7,66.67999999999999
OD00004928,ORD0001703,P000752,1,34.14,5.1,29.04
OD00004929,ORD0001703,P002046,2,105.02,31.35,178.69
OD00004930,ORD0001704,P000687,4,120.74,3.41,479.55
OD00004931,ORD0001704,P002170,1,27.74,0.2,27.54
OD00004932,ORD0001704,P000397,1,25.56,0.18,25.38
OD00004933,ORD0001704,P000980,1,22.11,0.16,21.95
OD00004934,ORD0001705,P001542,1,162.43,35.85,126.58
OD00004935,ORD0001705,P000216,2,71.05,31.37,110.73
OD00004936,ORD0001705,P000030,2,58.55,25.85,91.25
OD00004937,ORD0001705,P001245,1,67.57,14.92,52.64999999999999
OD00004938,ORD0001706,P001547,1,41.35,12.33,29.020000000000003
OD00004939,ORD0001706,P001227,1,33.39,9.96,23.43
OD00004940,ORD0001706,P000160,1,79.22,23.63,55.59
OD00004941,ORD0001706,P000844,1,118.51,35.35,83.16
OD00004942,ORD0001707,P001312,2,106.48,46.91,166.05
OD00004943,ORD0001708,P000205,1,40.84,6.66,34.18000000000001
OD00004944,ORD0001708,P000853,2,108.95,35.51,182.39
OD00004945,ORD0001708,P000134,1,59.46,9.69,49.77
OD00004946,ORD0001708,P001065,1,71.66,11.68,59.98
OD00004947,ORD0001708,P001858,2,104.96,34.21,175.70999999999998
OD00004948,ORD0001709,P000624,1,271.96,11.34,260.62
OD00004949,ORD0001710,P000716,2,23.57,18.46,28.68
OD00004950,ORD0001710,P001229,1,24.83,9.72,15.109999999999998
OD00004951,ORD0001710,P001331,1,189.56,74.24,115.32
OD00004952,ORD0001711,P001405,2,113.4,6.89,219.91000000000005
OD00004953,ORD0001711,P000120,1,10.21,0.31,9.9
OD00004954,ORD0001711,P001434,5,156.54,23.77,758.93
OD00004955,ORD0001712,P000291,4,99.03,120.74,275.38
OD00004956,ORD0001712,P001750,1,26.75,8.15,18.6
OD00004957,ORD0001712,P000957,1,284.87,86.83,198.04
OD00004958,ORD0001713,P001990,1,47.11,0.63,46.48
OD00004959,ORD0001713,P000782,1,232.59,3.09,229.5
OD00004960,ORD0001714,P001048,1,203.97,11.5,192.47
OD00004961,ORD0001714,P001688,1,91.28,5.15,86.13
OD00004962,ORD0001715,P000438,3,93.07,72.18,207.03
OD00004963,ORD0001715,P000897,1,89.11,23.04,66.07
OD00004964,ORD0001715,P001550,1,36.92,9.54,27.380000000000003
OD00004965,ORD0001715,P001585,1,43.17,11.16,32.010000000000005
OD00004966,ORD0001715,P001847,2,112.69,58.27,167.11
OD00004967,ORD0001716,P001005,2,98.67,28.64,168.7
OD00004968,ORD0001716,P001479,2,82.15,23.84,140.46
OD00004969,ORD0001716,P000182,2,161.47,46.86,276.08
OD00004970,ORD0001717,P002186,3,274.4,244.81,578.3899999999999
OD00004971,ORD0001718,P001567,2,130.56,61.65,199.47
OD00004972,ORD0001718,P000359,2,108.86,51.41,166.31
OD00004973,ORD0001718,P000220,1,53.49,12.63,40.86
OD00004974,ORD0001718,P000960,1,51.53,12.17,39.36
OD00004975,ORD0001718,P002126,1,34.09,8.05,26.040000000000003
OD00004976,ORD0001718,P002055,1,26.6,6.28,20.32
OD00004977,ORD0001718,P002232,1,24.25,5.73,18.52
OD00004978,ORD0001719,P001087,1,188.37,59.64,128.73000000000002
OD00004979,ORD0001719,P000844,1,118.51,37.52,80.99000000000001
OD00004980,ORD0001720,P001680,3,102.83,41.34,267.15
OD00004981,ORD0001720,P000166,1,180.89,24.25,156.64
OD00004982,ORD0001720,P000591,2,54.09,14.5,93.68
OD00004983,ORD0001720,P000332,2,31.95,8.57,55.33
OD00004984,ORD0001720,P002060,2,17.89,4.8,30.98
OD00004985,ORD0001721,P002076,1,202.45,14.76,187.69
OD00004986,ORD0001721,P001329,1,132.44,9.67,122.77
OD00004987,ORD0001721,P001863,3,35.85,7.85,99.70000000000002
OD00004988,ORD0001721,P001366,1,71.19,5.2,65.99
OD00004989,ORD0001721,P000469,1,70.95,5.18,65.77000000000001
OD00004990,ORD0001721,P001187,4,17.66,5.16,65.48
OD00004991,ORD0001721,P002071,2,13.93,2.03,25.83
OD00004992,ORD0001722,P001051,1,260.81,32.33,228.48
OD00004993,ORD0001723,P000027,1,113.01,26.76,86.25
OD00004994,ORD0001723,P000339,1,32.37,7.67,24.7
OD00004995,ORD0001723,P000521,1,55.59,13.16,42.43000000000001
OD00004996,ORD0001723,P000036,1,151.09,35.78,115.31
OD00004997,ORD0001724,P001169,1,26.41,9.76,16.65
OD00004998,ORD0001724,P001886,1,307.74,113.78,193.96
OD00004999,ORD0001725,P000791,3,166.14,145.38,353.04
OD00005000,ORD0001726,P000049,1,84.17,13.74,70.43
OD00005001,ORD0001726,P000269,1,27.27,4.45,22.82
OD00005002,ORD0001726,P000892,1,140.5,22.93,117.57
OD00005003,ORD0001727,P001307,2,114.0,83.27,144.73
OD00005004,ORD0001727,P001583,1,143.23,52.32,90.91
OD00005005,ORD0001727,P001793,1,84.04,30.7,53.34
OD00005006,ORD0001727,P000273,1,78.47,28.66,49.81
OD00005007,ORD0001728,P000019,1,173.53,0.69,172.84
OD00005008,ORD0001728,P001155,1,25.94,0.1,25.84
OD00005009,ORD0001728,P000590,3,92.56,1.1,276.58
OD00005010,ORD0001728,P001626,2,376.47,2.99,749.95
OD00005011,ORD0001729,P001338,1,326.84,111.56,215.28
OD00005012,ORD0001729,P001206,2,12.4,8.46,16.34
OD00005013,ORD0001729,P001066,1,224.69,76.69,148.0
OD00005014,ORD0001730,P001434,3,156.54,144.29,325.33000000000004
OD00005015,ORD0001730,P001869,2,133.82,82.23,185.41
OD00005016,ORD0001731,P000271,3,109.51,106.01,222.52000000000004
OD00005017,ORD0001731,P000740,1,53.18,17.16,36.02
OD00005018,ORD0001731,P001198,2,202.13,130.44,273.82
OD00005019,ORD0001732,P001722,1,73.37,27.21,46.16
OD00005020,ORD0001732,P001585,1,43.17,16.01,27.16
OD00005021,ORD0001732,P002210,1,211.25,78.35,132.9
OD00005022,ORD0001733,P000869,3,68.69,52.18,153.89
OD00005023,ORD0001733,P001783,1,267.95,67.86,200.09
OD00005024,ORD0001734,P000221,2,54.48,22.56,86.4
OD00005025,ORD0001734,P001693,1,88.15,18.24,69.91000000000001
OD00005026,ORD0001734,P001674,1,50.34,10.42,39.92
OD00005027,ORD0001734,P000930,1,38.86,8.04,30.82
OD00005028,ORD0001734,P000494,1,32.88,6.8,26.08
OD00005029,ORD0001734,P000366,1,29.87,6.18,23.69
OD00005030,ORD0001735,P001288,4,107.47,59.73,370.15
OD00005031,ORD0001736,P001794,2,146.5,27.53,265.47
OD00005032,ORD0001736,P002304,1,105.42,9.91,95.51
OD00005033,ORD0001736,P001662,5,15.11,7.1,68.45
OD00005034,ORD0001736,P000097,1,54.28,5.1,49.18
OD00005035,ORD0001736,P001703,1,35.31,3.32,31.99
OD00005036,ORD0001736,P000032,1,23.28,2.19,21.09
OD00005037,ORD0001737,P000620,2,17.31,8.19,26.43
OD00005038,ORD0001737,P000608,1,84.5,20.0,64.5
OD00005039,ORD0001738,P001730,1,279.71,98.71,181.0
OD00005040,ORD0001739,P000780,2,16.91,6.23,27.59
OD00005041,ORD0001739,P001235,1,355.99,65.53,290.46000000000004
OD00005042,ORD0001740,P002100,1,84.84,1.06,83.78
OD00005043,ORD0001740,P001537,4,51.5,2.56,203.44
OD00005044,ORD0001740,P002305,1,59.46,0.74,58.72
OD00005045,ORD0001741,P000590,2,92.56,2.39,182.73
OD00005046,ORD0001741,P000305,2,14.68,0.38,28.98
OD00005047,ORD0001742,P002051,1,71.11,4.97,66.14
OD00005048,ORD0001742,P001629,1,320.73,22.42,298.31
OD00005049,ORD0001743,P001413,1,101.76,23.46,78.30000000000001
OD00005050,ORD0001743,P000902,2,128.97,59.48,198.46
OD00005051,ORD0001743,P001070,1,149.47,34.47,115.0
OD00005052,ORD0001744,P002039,5,73.41,72.95,294.1
OD00005053,ORD0001745,P000211,3,41.25,28.95,94.8
OD00005054,ORD0001745,P000168,1,106.82,24.99,81.83
OD00005055,ORD0001745,P000022,1,45.27,10.59,34.68000000000001
OD00005056,ORD0001745,P001456,1,353.0,82.58,270.42
OD00005057,ORD0001746,P001198,1,202.13,72.29,129.83999999999995
OD00005058,ORD0001746,P000903,1,66.6,23.82,42.78
OD00005059,ORD0001746,P002123,1,73.31,26.22,47.09
OD00005060,ORD0001746,P002289,2,103.63,74.12,133.14
OD00005061,ORD0001747,P000919,2,87.17,50.23,124.11
OD00005062,ORD0001747,P001457,1,126.08,36.33,89.75
OD00005063,ORD0001747,P001792,4,26.18,30.17,74.55
OD00005064,ORD0001747,P001630,1,70.33,20.27,50.06
OD00005065,ORD0001747,P000130,1,47.74,13.76,33.980000000000004
OD00005066,ORD0001748,P000025,1,34.17,4.64,29.53
OD00005067,ORD0001748,P000432,3,41.17,16.77,106.74
OD00005068,ORD0001748,P001585,1,43.17,5.86,37.31
OD00005069,ORD0001748,P001513,1,13.28,1.8,11.48
OD00005070,ORD0001748,P001574,1,40.16,5.45,34.709999999999994
OD00005071,ORD0001749,P001622,3,27.21,18.73,62.89999999999999
OD00005072,ORD0001749,P001858,2,104.96,48.15,161.76999999999998
OD00005073,ORD0001750,P000247,1,406.56,79.84,326.72
OD00005074,ORD0001751,P001912,1,308.61,50.31,258.3
OD00005075,ORD0001751,P001987,1,112.95,18.41,94.54
OD00005076,ORD0001751,P002151,1,41.99,6.84,35.150000000000006
OD00005077,ORD0001752,P001618,3,35.99,38.41,69.56
OD00005078,ORD0001752,P001058,1,184.92,65.78,119.14
OD00005079,ORD0001753,P000284,2,96.63,2.93,190.33
OD00005080,ORD0001753,P002269,1,46.24,0.7,45.54
OD00005081,ORD0001754,P000844,5,118.51,206.0,386.55000000000007
OD00005082,ORD0001755,P001440,1,143.19,41.29,101.9
OD00005083,ORD0001755,P001552,1,59.4,17.12,42.28
OD00005084,ORD0001755,P001937,1,58.81,16.95,41.86
OD00005085,ORD0001755,P000282,1,37.05,10.68,26.37
OD00005086,ORD0001756,P002062,1,287.21,92.95,194.26
OD00005087,ORD0001756,P001736,5,44.44,71.92,150.27999999999997
OD00005088,ORD0001756,P000529,1,93.45,30.25,63.2
OD00005089,ORD0001757,P000572,1,114.51,41.29,73.22
OD00005090,ORD0001757,P001079,1,32.97,11.89,21.08
OD00005091,ORD0001757,P000703,1,51.92,18.72,33.2
OD00005092,ORD0001757,P001060,2,25.83,18.63,33.03
OD00005093,ORD0001757,P001829,1,41.08,14.81,26.27
OD00005094,ORD0001757,P000660,2,131.25,94.65,167.85
OD00005095,ORD0001758,P000782,2,232.59,91.16,374.02
OD00005096,ORD0001759,P001554,2,217.23,35.92,398.54
OD00005097,ORD0001759,P002040,4,73.97,24.47,271.41
OD00005098,ORD0001759,P001066,1,224.69,18.58,206.11
OD00005099,ORD0001759,P000343,2,86.57,14.32,158.82
OD00005100,ORD0001759,P001774,4,29.53,9.77,108.35
OD00005101,ORD0001759,P002202,1,115.23,9.53,105.7
OD00005102,ORD0001759,P000914,4,11.88,3.93,43.59
OD00005103,ORD0001760,P000399,4,127.88,153.79,357.73
OD00005104,ORD0001761,P002062,2,287.21,93.92,480.5
OD00005105,ORD0001761,P002209,1,243.94,39.89,204.05
OD00005106,ORD0001761,P000564,2,30.78,10.07,51.49
OD00005107,ORD0001762,P001127,2,76.72,21.4,132.04
OD00005108,ORD0001762,P002226,3,24.51,10.25,63.28
OD00005109,ORD0001762,P001268,2,23.96,6.68,41.24
OD00005110,ORD0001762,P000078,2,14.74,4.11,25.37
OD00005111,ORD0001763,P000551,1,661.28,263.04,398.24
OD00005112,ORD0001764,P002256,1,228.62,22.89,205.73
OD00005113,ORD0001764,P001693,2,88.15,17.66,158.64
OD00005114,ORD0001764,P002069,2,61.9,12.4,111.4
OD00005115,ORD0001764,P000855,1,103.72,10.39,93.33
OD00005116,ORD0001764,P000715,1,74.81,7.49,67.32000000000001
OD00005117,ORD0001764,P001955,1,57.7,5.78,51.92
OD00005118,ORD0001765,P001576,1,48.39,2.26,46.13
OD00005119,ORD0001765,P001962,1,21.74,1.02,20.72
OD00005120,ORD0001765,P000086,1,47.24,2.21,45.03
OD00005121,ORD0001765,P001544,1,329.68,15.43,314.25
OD00005122,ORD0001766,P001912,2,308.61,152.28,464.94000000000005
OD00005123,ORD0001767,P001479,4,82.15,3.74,324.86
OD00005124,ORD0001767,P000498,2,185.73,4.22,367.24
OD00005125,ORD0001767,P000602,1,370.62,4.21,366.41
OD00005126,ORD0001768,P002047,2,12.61,0.44,24.78
OD00005127,ORD0001768,P001646,2,117.6,4.1,231.1
OD00005128,ORD0001769,P000841,1,11.89,2.9,8.99
OD00005129,ORD0001769,P001186,1,220.02,53.67,166.35000000000002
OD00005130,ORD0001770,P000701,2,33.4,22.28,44.52
OD00005131,ORD0001770,P001922,1,85.31,28.45,56.86
OD00005132,ORD0001770,P000619,4,113.0,150.75,301.25
OD00005133,ORD0001771,P000919,2,87.17,2.26,172.08
OD00005134,ORD0001771,P001987,1,112.95,1.46,111.49
OD00005135,ORD0001771,P000778,1,284.46,3.68,280.78
OD00005136,ORD0001771,P001528,1,121.63,1.58,120.05
OD00005137,ORD0001771,P002160,2,75.66,1.96,149.36
OD00005138,ORD0001771,P000607,1,302.87,3.92,298.95
OD00005139,ORD0001771,P000179,1,20.62,0.27,20.35
OD00005140,ORD0001772,P001438,4,74.69,78.12,220.64
OD00005141,ORD0001773,P000278,1,274.7,49.89,224.81
OD00005142,ORD0001773,P001953,2,56.75,20.62,92.88
OD00005143,ORD0001774,P000665,1,57.5,18.97,38.53
OD00005144,ORD0001774,P000190,3,181.94,180.07,365.75
OD00005145,ORD0001775,P000180,4,41.7,62.66,104.14
OD00005146,ORD0001775,P000259,1,759.5,285.29,474.21
OD00005147,ORD0001776,P000162,4,94.17,40.63,336.05
OD00005148,ORD0001776,P002168,3,56.66,18.34,151.64
OD00005149,ORD0001776,P001975,1,108.97,11.75,97.22
OD00005150,ORD0001776,P000182,2,161.47,34.84,288.1
OD00005151,ORD0001777,P001023,1,44.08,15.32,28.76
OD00005152,ORD0001777,P000055,3,213.28,222.38,417.46
OD00005153,ORD0001777,P001617,2,210.59,146.39,274.79
OD00005154,ORD0001778,P002239,1,67.17,16.55,50.620000000000005
OD00005155,ORD0001778,P000181,3,147.37,108.96,333.15000000000003
OD00005156,ORD0001779,P000018,1,184.38,42.29,142.09
OD00005157,ORD0001779,P002273,1,107.28,24.6,82.68
OD00005158,ORD0001779,P001745,1,14.53,3.33,11.2
OD00005159,ORD0001779,P002078,1,176.81,40.55,136.26
OD00005160,ORD0001780,P002273,2,107.28,5.17,209.39
OD00005161,ORD0001780,P000365,2,91.26,4.4,178.12
OD00005162,ORD0001781,P001453,2,225.88,163.05,288.71
OD00005163,ORD0001782,P001732,1,223.19,26.85,196.34
OD00005164,ORD0001782,P002069,2,61.9,14.9,108.9
OD00005165,ORD0001783,P000987,1,538.74,73.11,465.63
OD00005166,ORD0001784,P000037,2,27.44,10.29,44.59
OD00005167,ORD0001784,P001906,1,36.23,6.8,29.43
OD00005168,ORD0001784,P002252,1,98.58,18.49,80.09
OD00005169,ORD0001785,P000183,1,279.76,82.61,197.15
OD00005170,ORD0001785,P000407,2,94.83,56.01,133.65
OD00005171,ORD0001786,P001507,2,66.23,50.81,81.65
OD00005172,ORD0001786,P002188,2,234.61,179.98,289.24
OD00005173,ORD0001787,P002269,1,46.24,2.28,43.96
OD00005174,ORD0001787,P001567,1,130.56,6.44,124.12
OD00005175,ORD0001787,P000380,2,60.87,6.0,115.74
OD00005176,ORD0001787,P000170,2,57.2,5.64,108.76
OD00005177,ORD0001787,P000646,1,29.76,1.47,28.290000000000003
OD00005178,ORD0001788,P001459,1,170.01,55.94,114.07
OD00005179,ORD0001788,P002008,2,80.73,53.12,108.34
OD00005180,ORD0001788,P001334,1,47.18,15.52,31.66
OD00005181,ORD0001788,P001471,1,43.22,14.22,29.0
OD00005182,ORD0001788,P001271,1,24.38,8.02,16.36
OD00005183,ORD0001788,P002080,2,10.87,7.15,14.589999999999998
OD00005184,ORD0001788,P001927,1,20.81,6.85,13.96
OD00005185,ORD0001789,P000241,1,294.45,42.81,251.64
OD00005186,ORD0001790,P000519,1,376.92,47.19,329.73
OD00005187,ORD0001790,P000755,1,298.96,37.42,261.54
OD00005188,ORD0001790,P000794,1,231.59,28.99,202.6
OD00005189,ORD0001790,P001323,1,63.15,7.91,55.24
OD00005190,ORD0001790,P000788,1,35.41,4.43,30.98
OD00005191,ORD0001790,P001514,1,28.7,3.59,25.11
OD00005192,ORD0001791,P000985,1,736.72,131.06,605.6600000000001
OD00005193,ORD0001792,P000615,1,72.44,26.5,45.94
OD00005194,ORD0001792,P002185,1,36.45,13.33,23.120000000000005
OD00005195,ORD0001792,P001069,1,191.91,70.2,121.71
OD00005196,ORD0001793,P001440,1,143.19,13.0,130.19
OD00005197,ORD0001793,P001516,2,12.13,2.2,22.06
OD00005198,ORD0001794,P001489,3,55.92,54.33,113.43
OD00005199,ORD0001794,P000870,1,123.04,39.85,83.19
OD00005200,ORD0001795,P002225,5,36.17,50.39,130.46
OD00005201,ORD0001795,P000276,1,149.8,41.75,108.05
OD00005202,ORD0001795,P000565,1,74.47,20.75,53.72
OD00005203,ORD0001795,P000780,2,16.91,9.43,24.39
OD00005204,ORD0001795,P002292,2,12.73,7.1,18.36
OD00005205,ORD0001795,P000302,1,10.64,2.97,7.67
OD00005206,ORD0001796,P000359,2,108.86,81.73,135.99
OD00005207,ORD0001797,P002199,3,95.9,17.06,270.64000000000004
OD00005208,ORD0001797,P001741,1,175.8,10.42,165.38000000000002
OD00005209,ORD0001798,P000220,1,53.49,13.74,39.75
OD00005210,ORD0001798,P001942,3,53.76,41.43,119.85
OD00005211,ORD0001798,P000050,1,93.0,23.89,69.11
OD00005212,ORD0001799,P001117,1,157.3,7.42,149.88000000000002
OD00005213,ORD0001799,P002056,1,328.3,15.49,312.81
OD00005214,ORD0001799,P002106,1,229.38,10.82,218.56
OD00005215,ORD0001800,P001462,2,251.4,136.81,365.99
OD00005216,ORD0001801,P001483,2,357.96,267.73,448.19
OD00005217,ORD0001802,P000824,2,272.56,192.79,352.33000000000004
OD00005218,ORD0001803,P000227,1,18.23,5.66,12.57
OD00005219,ORD0001803,P000937,4,24.1,29.91,66.49000000000001
OD00005220,ORD0001803,P000525,1,60.39,18.73,41.66
OD00005221,ORD0001803,P000632,1,649.29,201.42,447.87
OD00005222,ORD0001804,P000287,2,57.38,14.84,99.92
OD00005223,ORD0001804,P001743,2,82.14,21.24,143.04
OD00005224,ORD0001804,P000085,1,34.24,4.43,29.81
OD00005225,ORD0001804,P001631,3,94.88,36.81,247.83
OD00005226,ORD0001805,P001933,1,124.66,26.85,97.81
OD00005227,ORD0001806,P001046,4,40.61,0.6,161.84
OD00005228,ORD0001806,P002027,2,36.46,0.27,72.65
OD00005229,ORD0001806,P000418,2,174.49,1.3,347.68
OD00005230,ORD0001807,P002002,3,105.55,21.1,295.54999999999995
OD00005231,ORD0001808,P000655,3,91.51,26.63,247.90000000000003
OD00005232,ORD0001808,P000376,1,24.72,2.4,22.32
OD00005233,ORD0001808,P000566,1,14.91,1.45,13.46
OD00005234,ORD0001808,P000109,1,57.96,5.62,52.34
OD00005235,ORD0001808,P001356,3,19.9,5.79,53.91
OD00005236,ORD0001809,P001781,3,213.42,204.38,435.88
OD00005237,ORD0001810,P001812,1,246.79,39.4,207.39
OD00005238,ORD0001810,P000097,2,54.28,17.34,91.22
OD00005239,ORD0001810,P001079,1,32.97,5.27,27.7
OD00005240,ORD0001810,P000394,1,26.03,4.16,21.87
OD00005241,ORD0001811,P001468,3,15.46,16.47,29.910000000000004
OD00005242,ORD0001811,P001006,2,73.59,52.25,94.93
OD00005243,ORD0001812,P000763,1,25.62,2.73,22.89
OD00005244,ORD0001812,P000138,1,184.47,19.65,164.82
OD00005245,ORD0001812,P001999,1,48.77,5.19,43.580000000000005
OD00005246,ORD0001813,P002219,2,76.93,4.64,149.22000000000003
OD00005247,ORD0001814,P001286,1,23.89,4.87,19.02
OD00005248,ORD0001814,P001514,1,28.7,5.85,22.85
OD00005249,ORD0001814,P001646,3,117.6,71.92,280.87999999999994
OD00005250,ORD0001815,P001174,1,49.59,6.12,43.470000000000006
OD00005251,ORD0001815,P001289,1,278.84,34.41,244.43
OD00005252,ORD0001815,P001521,1,80.03,9.88,70.15
OD00005253,ORD0001815,P001337,1,56.03,6.92,49.11
OD00005254,ORD0001815,P000198,1,23.36,2.88,20.48
OD00005255,ORD0001815,P002214,3,26.99,9.99,70.98
OD00005256,ORD0001815,P000798,1,12.58,1.55,11.03
OD00005257,ORD0001815,P000254,3,90.44,33.49,237.83
OD00005258,ORD0001816,P000216,2,71.05,14.96,127.14
OD00005259,ORD0001816,P002065,1,167.9,17.67,150.23000000000002
OD00005260,ORD0001816,P002271,2,9.82,2.07,17.57
OD00005261,ORD0001816,P000180,4,41.7,17.56,149.24
OD00005262,ORD0001817,P002118,1,204.18,8.52,195.66
OD00005263,ORD0001817,P000757,1,41.35,1.72,39.63
OD00005264,ORD0001818,P000091,1,106.61,3.86,102.75
OD00005265,ORD0001818,P000025,1,34.17,1.24,32.93
OD00005266,ORD0001818,P002286,1,68.69,2.49,66.2
OD00005267,ORD0001818,P000249,1,35.26,1.28,33.98
OD00005268,ORD0001819,P001970,3,163.58,116.11,374.63
OD00005269,ORD0001819,P000414,4,68.27,64.6,208.48
OD00005270,ORD0001819,P002051,1,71.11,16.82,54.29
OD00005271,ORD0001819,P001335,1,53.15,12.57,40.58
OD00005272,ORD0001819,P000246,1,19.08,4.51,14.57
OD00005273,ORD0001820,P001734,2,86.98,17.3,156.66
OD00005274,ORD0001820,P000439,2,61.16,12.17,110.15
OD00005275,ORD0001821,P000189,1,864.39,292.96,571.43
OD00005276,ORD0001821,P001851,2,110.76,75.08,146.44
OD00005277,ORD0001821,P001296,3,25.15,25.57,49.87999999999999
OD00005278,ORD0001821,P000716,1,23.57,7.99,15.58
OD00005279,ORD0001821,P000885,1,22.42,7.6,14.820000000000002
OD00005280,ORD0001821,P001786,1,9.96,3.38,6.580000000000001
OD00005281,ORD0001822,P000015,2,206.98,42.05,371.91
OD00005282,ORD0001822,P000942,2,32.92,6.69,59.150000000000006
OD00005283,ORD0001823,P001319,1,135.13,23.18,111.95
OD00005284,ORD0001823,P001577,2,94.02,32.26,155.78
OD00005285,ORD0001823,P001598,1,225.36,38.66,186.7
OD00005286,ORD0001824,P001277,2,128.8,50.52,207.08
OD00005287,ORD0001824,P002310,1,220.84,43.31,177.53
OD00005288,ORD0001824,P002140,4,161.06,126.35,517.89
OD00005289,ORD0001825,P001066,1,224.69,10.16,214.53
OD00005290,ORD0001825,P000007,1,222.76,10.08,212.68
OD00005291,ORD0001825,P000415,1,56.28,2.55,53.73
OD00005292,ORD0001826,P000309,2,234.35,129.81,338.89
OD00005293,ORD0001826,P000919,2,87.17,48.28,126.06
OD00005294,ORD0001826,P000376,2,24.72,13.69,35.75
OD00005295,ORD0001826,P001555,1,10.37,2.87,7.499999999999999
OD00005296,ORD0001827,P001167,1,25.09,6.51,18.58
OD00005297,ORD0001827,P000875,1,54.34,14.1,40.24
OD00005298,ORD0001827,P001880,1,44.35,11.51,32.84
OD00005299,ORD0001827,P000220,1,53.49,13.88,39.61
OD00005300,ORD0001827,P000633,1,62.46,16.21,46.25
OD00005301,ORD0001827,P000525,2,60.39,31.34,89.44
OD00005302,ORD0001828,P001112,1,204.97,22.54,182.43
OD00005303,ORD0001828,P000119,1,56.16,6.18,49.98
OD00005304,ORD0001828,P001469,1,24.39,2.68,21.71
OD00005305,ORD0001828,P002139,2,138.5,30.46,246.54
OD00005306,ORD0001828,P000058,2,28.18,6.2,50.16
OD00005307,ORD0001828,P002224,2,54.43,11.97,96.89
OD00005308,ORD0001829,P001657,4,30.71,18.41,104.43
OD00005309,ORD0001829,P002151,1,41.99,6.29,35.7
OD00005310,ORD0001829,P000743,1,36.09,5.41,30.680000000000003
OD00005311,ORD0001829,P000937,2,24.1,7.22,40.98
OD00005312,ORD0001830,P001072,1,176.87,28.21,148.66
OD00005313,ORD0001830,P000800,1,172.5,27.52,144.98
OD00005314,ORD0001831,P001136,1,9.89,2.51,7.380000000000001
OD00005315,ORD0001831,P000068,3,218.79,166.73,489.64
OD00005316,ORD0001832,P000923,2,54.48,28.01,80.94999999999999
OD00005317,ORD0001832,P001073,1,58.1,14.94,43.16
OD00005318,ORD0001832,P002232,1,24.25,6.23,18.02
OD00005319,ORD0001832,P001083,3,96.04,74.07,214.05
OD00005320,ORD0001833,P000328,1,746.8,36.8,710.0
OD00005321,ORD0001833,P002274,2,71.29,7.02,135.56
OD00005322,ORD0001833,P000432,3,41.17,6.08,117.43
OD00005323,ORD0001834,P001780,2,61.45,44.03,78.87
OD00005324,ORD0001834,P001931,2,26.27,18.82,33.72
OD00005325,ORD0001834,P000902,1,128.97,46.21,82.75999999999999
OD00005326,ORD0001835,P001735,2,375.06,1.29,748.83
OD00005327,ORD0001835,P001402,2,195.94,0.68,391.2
OD00005328,ORD0001836,P000333,3,8.41,3.51,21.72
OD00005329,ORD0001836,P001388,1,491.11,68.25,422.86
OD00005330,ORD0001837,P001344,1,756.39,248.94,507.45
OD00005331,ORD0001838,P001541,1,177.11,19.34,157.77
OD00005332,ORD0001838,P002255,1,95.08,10.38,84.7
OD00005333,ORD0001839,P000476,1,140.45,14.31,126.14
OD00005334,ORD0001839,P001847,1,112.69,11.47,101.22
OD00005335,ORD0001839,P000297,2,43.52,8.86,78.18
OD00005336,ORD0001839,P001136,2,9.89,2.01,17.770000000000003
OD00005337,ORD0001840,P000175,3,269.01,232.83,574.1999999999999
OD00005338,ORD0001841,P002113,2,162.02,8.76,315.28000000000003
OD00005339,ORD0001841,P001047,1,83.43,2.25,81.18
OD00005340,ORD0001841,P001026,1,95.3,2.58,92.72
OD00005341,ORD0001841,P001734,1,86.98,2.35,84.63000000000001
OD00005342,ORD0001841,P000402,1,72.69,1.96,70.73
OD00005343,ORD0001842,P001629,1,320.73,3.83,316.9
OD00005344,ORD0001842,P002159,2,87.57,2.08,173.05999999999997
OD00005345,ORD0001842,P001383,1,75.19,0.89,74.3
OD00005346,ORD0001842,P000903,1,66.6,0.79,65.80999999999999
OD00005347,ORD0001842,P001953,1,56.75,0.68,56.07
OD00005348,ORD0001842,P002104,1,54.06,0.64,53.42
OD00005349,ORD0001842,P001514,1,28.7,0.34,28.36
OD00005350,ORD0001843,P001197,1,105.77,34.81,70.96
OD00005351,ORD0001843,P001423,3,77.52,76.54,156.01999999999998
OD00005352,ORD0001844,P001775,1,51.2,19.43,31.770000000000003
OD00005353,ORD0001844,P000923,5,54.48,103.36,169.03999999999996
OD00005354,ORD0001844,P002159,3,87.57,99.68,163.02999999999997
OD00005355,ORD0001844,P000496,1,36.73,13.94,22.79
OD00005356,ORD0001844,P001041,2,239.37,181.65,297.09000000000003
OD00005357,ORD0001845,P000707,2,164.34,18.88,309.8
OD00005358,ORD0001846,P000874,3,107.67,115.86,207.15
OD00005359,ORD0001847,P001652,1,30.01,9.68,20.33
OD00005360,ORD0001847,P001628,1,216.17,69.74,146.43
OD00005361,ORD0001847,P000621,2,44.99,29.03,60.95
OD00005362,ORD0001847,P001889,1,49.96,16.12,33.84
OD00005363,ORD0001847,P001221,2,388.41,250.62,526.2
OD00005364,ORD0001848,P000383,1,538.53,160.5,378.03
OD00005365,ORD0001848,P002062,1,287.21,85.59,201.62
OD00005366,ORD0001848,P000921,4,58.64,69.9,164.66
OD00005367,ORD0001849,P001221,1,388.41,3.43,384.98
OD00005368,ORD0001849,P000248,1,11.21,0.1,11.11
OD00005369,ORD0001850,P000368,2,166.03,103.61,228.45
OD00005370,ORD0001850,P002163,1,265.72,82.92,182.8
OD00005371,ORD0001850,P001671,1,48.0,14.98,33.02
OD00005372,ORD0001851,P000043,2,55.71,23.79,87.63
OD00005373,ORD0001851,P001800,4,17.79,15.2,55.96
OD00005374,ORD0001851,P000229,2,34.48,14.73,54.22999999999999
OD00005375,ORD0001852,P000624,3,271.96,185.17,630.7099999999999
OD00005376,ORD0001853,P001509,1,396.35,98.46,297.89
OD00005377,ORD0001853,P000079,1,209.16,51.95,157.20999999999998
OD00005378,ORD0001853,P000633,1,62.46,15.51,46.95
OD00005379,ORD0001853,P002290,1,27.67,6.87,20.8
OD00005380,ORD0001854,P001277,1,128.8,44.06,84.74000000000001
OD00005381,ORD0001854,P002269,1,46.24,15.82,30.42
OD00005382,ORD0001854,P001098,1,103.76,35.49,68.27000000000001
OD00005383,ORD0001855,P000020,1,71.84,6.42,65.42
OD00005384,ORD0001855,P001065,1,71.66,6.4,65.25999999999999
OD00005385,ORD0001856,P000285,2,72.84,51.9,93.78
OD00005386,ORD0001857,P000157,1,119.5,27.99,91.51
OD00005387,ORD0001857,P000282,1,37.05,8.68,28.37
OD00005388,ORD0001858,P001582,2,266.31,97.12,435.5
OD00005389,ORD0001859,P000024,2,216.85,117.92,315.78
OD00005390,ORD0001860,P001686,1,134.87,41.88,92.99
OD00005391,ORD0001860,P000233,5,31.95,49.61,110.14
OD00005392,ORD0001860,P000036,2,151.09,93.83,208.35
OD00005393,ORD0001861,P001257,1,208.35,30.57,177.78
OD00005394,ORD0001861,P001290,1,88.97,13.06,75.91
OD00005395,ORD0001861,P000536,2,41.56,12.2,70.92
OD00005396,ORD0001861,P000042,4,14.78,8.68,50.44
OD00005397,ORD0001862,P000886,1,467.43,21.17,446.26
OD00005398,ORD0001862,P000075,1,56.67,2.57,54.1
OD00005399,ORD0001863,P001669,1,419.03,123.79,295.24
OD00005400,ORD0001863,P001077,1,44.14,13.04,31.1
OD00005401,ORD0001863,P000879,1,39.68,11.72,27.96
OD00005402,ORD0001863,P001185,1,32.31,9.54,22.770000000000003
OD00005403,ORD0001864,P001311,1,77.31,0.57,76.74000000000001
OD00005404,ORD0001864,P000991,2,51.61,0.76,102.46
OD00005405,ORD0001864,P001752,3,125.14,2.78,372.64
OD00005406,ORD0001864,P001395,1,165.77,1.23,164.54000000000002
OD00005407,ORD0001864,P000410,1,126.13,0.93,125.2
OD00005408,ORD0001865,P002052,1,108.94,9.35,99.59
OD00005409,ORD0001865,P001552,1,59.4,5.1,54.3
OD00005410,ORD0001865,P000703,1,51.92,4.46,47.46
OD00005411,ORD0001865,P002290,1,27.67,2.38,25.290000000000003
OD00005412,ORD0001865,P001539,1,27.42,2.36,25.06
OD00005413,ORD0001865,P002173,1,18.12,1.56,16.560000000000002
OD00005414,ORD0001865,P000268,1,16.51,1.42,15.090000000000002
OD00005415,ORD0001866,P001586,1,11.2,2.42,8.78
OD00005416,ORD0001866,P002010,4,58.56,50.59,183.65
OD00005417,ORD0001867,P000406,2,192.12,144.85,239.39
OD00005418,ORD0001867,P000912,1,56.02,21.12,34.900000000000006
OD00005419,ORD0001867,P000930,1,38.86,14.65,24.21
OD00005420,ORD0001867,P000415,1,56.28,21.22,35.06
OD00005421,ORD0001867,P001283,1,506.36,190.89,315.47
OD00005422,ORD0001868,P000534,1,61.01,1.84,59.17
OD00005423,ORD0001868,P001969,2,16.72,1.01,32.43
OD00005424,ORD0001868,P000764,1,210.94,6.36,204.58
OD00005425,ORD0001869,P000191,1,458.83,143.08,315.75
OD00005426,ORD0001869,P000091,1,106.61,33.25,73.36
OD00005427,ORD0001869,P001868,1,46.28,14.43,31.85
OD00005428,ORD0001869,P000227,1,18.23,5.69,12.54
OD00005429,ORD0001870,P000797,2,142.8,76.1,209.50000000000003
OD00005430,ORD0001871,P000138,1,184.47,53.07,131.4
OD00005431,ORD0001871,P001387,1,78.99,22.72,56.27
OD00005432,ORD0001872,P000037,1,27.44,0.33,27.110000000000003
OD00005433,ORD0001872,P000200,1,154.38,1.86,152.51999999999998
OD00005434,ORD0001872,P002305,1,59.46,0.71,58.75
OD00005435,ORD0001872,P001848,1,42.95,0.52,42.43
OD00005436,ORD0001872,P001014,1,36.97,0.44,36.53
OD00005437,ORD0001873,P000031,1,95.77,17.53,78.24
OD00005438,ORD0001873,P000130,1,47.74,8.74,39.0
OD00005439,ORD0001873,P001291,4,10.03,7.34,32.78
OD00005440,ORD0001873,P001872,2,71.81,26.28,117.34
OD00005441,ORD0001874,P000284,3,96.63,65.26,224.63
OD00005442,ORD0001875,P000137,1,26.82,8.21,18.61
OD00005443,ORD0001875,P001122,1,80.35,24.59,55.75999999999999
OD00005444,ORD0001875,P000261,1,55.22,16.9,38.32
OD00005445,ORD0001875,P001176,1,136.96,41.92,95.04
OD00005446,ORD0001875,P001190,1,146.81,44.94,101.87
OD00005447,ORD0001876,P000960,1,51.53,19.07,32.46
OD00005448,ORD0001876,P000018,1,184.38,68.24,116.14
OD00005449,ORD0001876,P000769,1,240.99,89.19,151.8
OD00005450,ORD0001877,P000778,2,284.46,184.16,384.76
OD00005451,ORD0001878,P001612,3,235.62,181.03,525.83
OD00005452,ORD0001879,P000592,1,699.77,122.1,577.67
OD00005453,ORD0001880,P001143,3,14.52,6.82,36.74
OD00005454,ORD0001880,P001990,1,47.11,7.37,39.74
OD00005455,ORD0001880,P000128,2,12.89,4.03,21.75
OD00005456,ORD0001881,P002083,4,76.02,0.45,303.63
OD00005457,ORD0001881,P001258,3,100.08,0.44,299.8
OD00005458,ORD0001882,P001274,1,770.51,213.73,556.78
OD00005459,ORD0001883,P000566,1,14.91,5.42,9.49
OD00005460,ORD0001883,P001124,1,196.19,71.32,124.87
OD00005461,ORD0001883,P001582,1,266.31,96.8,169.51
OD00005462,ORD0001884,P001522,1,267.81,65.87,201.94
OD00005463,ORD0001884,P000243,1,241.12,59.31,181.81
OD00005464,ORD0001884,P000924,2,23.55,11.59,35.510000000000005
OD00005465,ORD0001884,P000836,4,62.14,61.14,187.42
OD00005466,ORD0001885,P001869,2,133.82,46.55,221.09
OD00005467,ORD0001885,P001475,2,33.19,11.54,54.84
OD00005468,ORD0001886,P001768,1,190.53,14.07,176.46
OD00005469,ORD0001886,P000267,1,296.89,21.93,274.96
OD00005470,ORD0001887,P001135,1,288.21,20.18,268.03
OD00005471,ORD0001888,P000832,1,120.53,41.76,78.77000000000001
OD00005472,ORD0001888,P000058,2,28.18,19.53,36.83
OD00005473,ORD0001888,P001753,1,242.0,83.86,158.14
OD00005474,ORD0001889,P000826,2,248.69,13.19,484.19
OD00005475,ORD0001889,P002013,1,245.47,6.51,238.96
OD00005476,ORD0001889,P000131,2,26.69,1.41,51.970000000000006
OD00005477,ORD0001889,P001271,2,24.38,1.29,47.47
OD00005478,ORD0001889,P002014,1,43.03,1.14,41.89
OD00005479,ORD0001889,P000955,1,39.89,1.06,38.83
OD00005480,ORD0001889,P001786,3,9.96,0.79,29.090000000000003
OD00005481,ORD0001889,P001224,1,23.51,0.62,22.89
OD00005482,ORD0001890,P001308,1,135.76,20.5,115.26
OD00005483,ORD0001890,P001765,1,332.81,50.26,282.55
OD00005484,ORD0001890,P002175,1,84.31,12.73,71.58
OD00005485,ORD0001891,P000734,3,14.66,9.93,34.050000000000004
OD00005486,ORD0001891,P001047,1,83.43,18.85,64.58000000000001
OD00005487,ORD0001891,P001930,1,26.89,6.07,20.82
OD00005488,ORD0001891,P000245,4,38.88,35.13,120.39
OD00005489,ORD0001891,P000380,2,60.87,27.5,94.24
OD00005490,ORD0001892,P000817,5,38.77,44.39,149.46000000000004
OD00005491,ORD0001892,P001108,2,154.98,70.97,238.99
OD00005492,ORD0001892,P000308,2,92.95,42.56,143.34
OD00005493,ORD0001893,P000345,2,318.63,60.28,576.98
OD00005494,ORD0001894,P001655,1,120.67,38.02,82.65
OD00005495,ORD0001894,P000822,1,25.33,7.98,17.349999999999998
OD00005496,ORD0001894,P001357,2,80.51,50.74,110.28
OD00005497,ORD0001895,P001385,3,78.63,4.24,231.65
OD00005498,ORD0001895,P001291,1,10.03,0.18,9.85
OD00005499,ORD0001896,P000353,1,54.34,6.34,48.0
OD00005500,ORD0001896,P000050,2,93.0,21.7,164.3
OD00005501,ORD0001896,P001807,1,185.1,21.6,163.5
OD00005502,ORD0001896,P000482,3,14.8,5.18,39.220000000000006
OD00005503,ORD0001896,P001241,4,41.38,19.31,146.21
OD00005504,ORD0001897,P000212,1,135.81,38.93,96.88
OD00005505,ORD0001897,P000956,1,184.95,53.01,131.94
OD00005506,ORD0001898,P001765,1,332.81,82.01,250.8
OD00005507,ORD0001899,P001762,1,189.9,12.11,177.79000000000002
OD00005508,ORD0001900,P000620,3,17.31,0.83,51.1
OD00005509,ORD0001900,P001285,1,197.39,3.16,194.23
OD00005510,ORD0001900,P000914,1,11.88,0.19,11.69
OD00005511,ORD0001901,P000075,3,56.67,40.01,130.0
OD00005512,ORD0001902,P001190,1,146.81,43.67,103.14
OD00005513,ORD0001902,P001979,2,35.96,21.4,50.52
OD00005514,ORD0001903,P001854,1,187.64,68.42,119.21999999999998
OD00005515,ORD0001903,P000285,3,72.84,79.67,138.85000000000002
OD00005516,ORD0001904,P001948,3,13.63,0.07,40.82
OD00005517,ORD0001904,P002157,1,59.22,0.1,59.12
OD00005518,ORD0001904,P001094,2,115.86,0.4,231.32
OD00005519,ORD0001904,P002077,4,56.22,0.38,224.5
OD00005520,ORD0001905,P001595,1,350.86,83.82,267.04
OD00005521,ORD0001906,P001891,1,407.66,15.6,392.06
OD00005522,ORD0001907,P001375,1,196.3,9.98,186.32
OD00005523,ORD0001907,P000620,2,17.31,1.76,32.86
OD00005524,ORD0001907,P000982,2,11.05,1.12,20.98
OD00005525,ORD0001907,P002060,2,17.89,1.82,33.96
OD00005526,ORD0001907,P000712,1,258.86,13.16,245.7
OD00005527,ORD0001907,P002224,1,54.43,2.77,51.66
OD00005528,ORD0001908,P000042,2,14.78,6.29,23.27
OD00005529,ORD0001908,P001255,2,84.37,35.88,132.86
OD00005530,ORD0001908,P001013,3,60.68,38.71,143.32999999999998
OD00005531,ORD0001909,P001881,2,55.24,19.5,90.98
OD00005532,ORD0001909,P000345,1,318.63,56.23,262.4
OD00005533,ORD0001910,P001085,1,167.59,58.11,109.48
OD00005534,ORD0001910,P000618,2,54.14,37.54,70.74000000000001
OD00005535,ORD0001911,P001089,1,507.16,148.9,358.26
OD00005536,ORD0001912,P000313,2,66.79,11.4,122.18
OD00005537,ORD0001912,P002231,1,293.62,25.05,268.57
OD00005538,ORD0001913,P001882,1,45.85,9.33,36.52
OD00005539,ORD0001913,P001694,1,26.68,5.43,21.25
OD00005540,ORD0001913,P000157,2,119.5,48.64,190.36
OD00005541,ORD0001913,P000206,1,223.59,45.51,178.08
OD00005542,ORD0001914,P000508,1,112.43,6.88,105.55
OD00005543,ORD0001914,P000924,1,23.55,1.44,22.11
OD00005544,ORD0001914,P001901,4,41.33,10.12,155.2
OD00005545,ORD0001914,P000893,1,31.64,1.94,29.7
OD00005546,ORD0001914,P000968,1,77.9,4.77,73.13000000000001
OD00005547,ORD0001915,P001790,1,36.35,9.59,26.76
OD00005548,ORD0001915,P000043,3,55.71,44.07,123.06
OD00005549,ORD0001915,P002048,2,180.1,94.98,265.22
OD00005550,ORD0001916,P002038,4,181.16,2.86,721.78
OD00005551,ORD0001917,P001299,2,100.2,59.32,141.08
OD00005552,ORD0001917,P001927,1,20.81,6.16,14.65
OD00005553,ORD0001917,P001528,1,121.63,36.0,85.63
OD00005554,ORD0001918,P001102,1,49.62,8.16,41.46
OD00005555,ORD0001918,P001889,1,49.96,8.22,41.74
OD00005556,ORD0001918,P001529,1,840.44,138.29,702.1500000000001
OD00005557,ORD0001919,P001012,1,341.22,129.08,212.14
OD00005558,ORD0001919,P001913,3,57.64,65.42,107.5
OD00005559,ORD0001919,P000245,4,38.88,58.84,96.68
OD00005560,ORD0001919,P000580,1,13.61,5.15,8.459999999999999
OD00005561,ORD0001920,P000470,2,119.45,76.22,162.68
OD00005562,ORD0001920,P000674,1,275.44,87.88,187.56
OD00005563,ORD0001921,P000827,1,64.77,22.98,41.78999999999999
OD00005564,ORD0001921,P000833,1,71.31,25.31,46.0
OD00005565,ORD0001921,P000492,1,186.18,66.07,120.11
OD00005566,ORD0001921,P001498,1,417.31,148.09,269.22
OD00005567,ORD0001922,P001613,3,125.11,50.73,324.6
OD00005568,ORD0001922,P000450,2,191.98,51.9,332.06
OD00005569,ORD0001923,P000621,1,44.99,15.75,29.24
OD00005570,ORD0001923,P001875,1,62.72,21.96,40.76
OD00005571,ORD0001924,P000208,2,36.35,23.21,49.49
OD00005572,ORD0001924,P001836,1,68.52,21.88,46.64
OD00005573,ORD0001924,P000097,1,54.28,17.33,36.95
OD00005574,ORD0001924,P001716,1,47.64,15.21,32.43
OD00005575,ORD0001924,P000874,3,107.67,103.12,219.89
OD00005576,ORD0001925,P001457,3,126.08,109.16,269.08000000000004
OD00005577,ORD0001925,P001497,2,101.53,58.6,144.46
OD00005578,ORD0001925,P000714,1,24.25,7.0,17.25
OD00005579,ORD0001925,P000484,1,253.54,73.17,180.37
OD00005580,ORD0001926,P000431,3,12.62,10.89,26.97
OD00005581,ORD0001926,P000482,2,14.8,8.52,21.08
OD00005582,ORD0001926,P001826,5,27.03,38.89,96.26
OD00005583,ORD0001926,P000226,1,41.66,11.99,29.669999999999995
OD00005584,ORD0001926,P001176,1,136.96,39.41,97.55
OD00005585,ORD0001927,P000620,3,17.31,1.42,50.50999999999999
OD00005586,ORD0001927,P001120,1,107.18,2.93,104.25
OD00005587,ORD0001928,P000903,1,66.6,8.99,57.60999999999999
OD00005588,ORD0001928,P002186,2,274.4,74.04,474.75999999999993
OD00005589,ORD0001929,P000563,2,569.57,251.46,887.6800000000001
OD00005590,ORD0001930,P001810,2,120.5,26.92,214.08
OD00005591,ORD0001930,P002211,4,55.86,24.95,198.49
OD00005592,ORD0001930,P001709,4,10.37,4.63,36.85
OD00005593,ORD0001931,P000930,1,38.86,3.25,35.61
OD00005594,ORD0001931,P000530,5,41.19,17.2,188.75
OD00005595,ORD0001931,P001262,5,31.39,13.11,143.83999999999995
OD00005596,ORD0001932,P001781,1,213.42,40.21,173.20999999999998
OD00005597,ORD0001932,P000806,5,11.61,10.94,47.11
OD00005598,ORD0001932,P000668,1,50.67,9.55,41.120000000000005
OD00005599,ORD0001932,P000858,1,36.48,6.87,29.61
OD00005600,ORD0001932,P001659,1,118.36,22.3,96.06
OD00005601,ORD0001933,P001249,2,261.22,174.11,348.33
OD00005602,ORD0001933,P002025,1,123.57,41.18,82.38999999999999
OD00005603,ORD0001933,P002212,1,117.88,39.29,78.59
OD00005604,ORD0001933,P001383,1,75.19,25.06,50.13
OD00005605,ORD0001933,P000557,3,16.55,16.55,33.10000000000001
OD00005606,ORD0001933,P001962,1,21.74,7.25,14.489999999999998
OD00005607,ORD0001933,P002096,2,8.98,5.99,11.97
OD00005608,ORD0001933,P002072,1,15.9,5.3,10.6
OD00005609,ORD0001934,P000479,1,91.73,5.85,85.88000000000001
OD00005610,ORD0001934,P001863,2,35.85,4.58,67.12
OD00005611,ORD0001934,P002308,1,266.59,17.01,249.58
OD00005612,ORD0001935,P000406,2,192.12,7.14,377.1
OD00005613,ORD0001935,P000376,3,24.72,1.38,72.78
OD00005614,ORD0001935,P001711,3,14.26,0.8,41.98
OD00005615,ORD0001935,P000237,2,11.01,0.41,21.61
OD00005616,ORD0001936,P002021,1,13.15,3.55,9.6
OD00005617,ORD0001936,P001097,1,73.14,19.72,53.42
OD00005618,ORD0001936,P001767,1,113.02,30.47,82.55
OD00005619,ORD0001936,P000708,4,80.43,86.74,234.98
OD00005620,ORD0001937,P001048,2,203.97,61.33,346.61
OD00005621,ORD0001938,P000800,2,172.5,129.58,215.42
OD00005622,ORD0001938,P000644,3,211.75,238.59,396.66
OD00005623,ORD0001939,P000687,4,120.74,181.37,301.59
OD00005624,ORD0001939,P002033,1,304.54,114.36,190.18
OD00005625,ORD0001939,P000409,1,256.92,96.48,160.44
OD00005626,ORD0001939,P002055,1,26.6,9.99,16.61
OD00005627,ORD0001939,P000236,2,11.77,8.84,14.7
OD00005628,ORD0001939,P000198,1,23.36,8.77,14.59
OD00005629,ORD0001940,P001729,1,244.45,83.22,161.23
OD00005630,ORD0001940,P002111,2,76.54,52.12,100.96
OD00005631,ORD0001940,P001668,2,42.23,28.76,55.69999999999999
OD00005632,ORD0001940,P001795,2,35.87,24.43,47.31
OD00005633,ORD0001941,P000522,1,192.51,63.79,128.72
OD00005634,ORD0001941,P001186,1,220.02,72.91,147.11
OD00005635,ORD0001942,P002191,1,829.01,111.34,717.67
OD00005636,ORD0001943,P000594,3,33.4,1.59,98.61
OD00005637,ORD0001943,P001265,1,55.04,0.87,54.17
OD00005638,ORD0001943,P001463,1,37.61,0.6,37.01
OD00005639,ORD0001943,P002077,2,56.22,1.78,110.66
OD00005640,ORD0001943,P001200,1,37.45,0.59,36.86
OD00005641,ORD0001943,P001057,1,112.0,1.78,110.22
OD00005642,ORD0001943,P001291,3,10.03,0.48,29.61
OD00005643,ORD0001943,P001941,3,25.45,1.21,75.14
OD00005644,ORD0001943,P000889,2,38.25,1.21,75.29
OD00005645,ORD0001943,P000890,2,34.44,1.09,67.78999999999999
OD00005646,ORD0001943,P000013,1,154.89,2.46,152.42999999999998
OD00005647,ORD0001944,P001418,1,17.86,5.66,12.2
OD00005648,ORD0001944,P000776,2,107.67,68.26,147.07999999999998
OD00005649,ORD0001944,P001012,2,341.22,216.31,466.13000000000005
OD00005650,ORD0001945,P000365,2,91.26,44.19,138.33
OD00005651,ORD0001945,P001809,2,46.33,22.43,70.22999999999999
OD00005652,ORD0001946,P001662,1,15.11,1.89,13.22
OD00005653,ORD0001946,P001859,1,97.73,12.24,85.49000000000001
OD00005654,ORD0001946,P000210,1,88.36,11.07,77.28999999999999
OD00005655,ORD0001946,P001013,2,60.68,15.21,106.15
OD00005656,ORD0001946,P001307,2,114.0,28.57,199.43
OD00005657,ORD0001947,P001288,2,107.47,25.74,189.2
OD00005658,ORD0001947,P002232,1,24.25,2.9,21.35
OD00005659,ORD0001947,P001462,1,251.4,30.11,221.29
OD00005660,ORD0001948,P001075,2,114.98,64.73,165.23
OD00005661,ORD0001948,P000074,1,170.35,47.96,122.39
OD00005662,ORD0001948,P000612,1,32.42,9.13,23.29
OD00005663,ORD0001948,P000227,1,18.23,5.13,13.1
OD00005664,ORD0001949,P001848,3,42.95,39.15,89.7
OD00005665,ORD0001949,P001197,1,105.77,32.14,73.63
OD00005666,ORD0001949,P001073,1,58.1,17.66,40.44
OD00005667,ORD0001949,P000119,1,56.16,17.07,39.09
OD00005668,ORD0001949,P000688,1,40.73,12.38,28.349999999999994
OD00005669,ORD0001949,P001538,1,34.19,10.39,23.8
OD00005670,ORD0001950,P001125,2,81.57,35.42,127.71999999999998
OD00005671,ORD0001951,P001059,1,471.08,30.75,440.33
OD00005672,ORD0001951,P000556,2,62.45,8.15,116.75
OD00005673,ORD0001951,P001580,1,92.93,6.06,86.87
OD00005674,ORD0001951,P000620,3,17.31,3.39,48.53999999999999
OD00005675,ORD0001952,P000099,5,79.0,17.83,377.17
OD00005676,ORD0001952,P000777,4,56.28,10.16,214.96
OD00005677,ORD0001952,P001391,5,25.99,5.86,124.09
OD00005678,ORD0001952,P001105,1,57.93,2.61,55.32
OD00005679,ORD0001952,P000521,1,55.59,2.51,53.080000000000005
OD00005680,ORD0001952,P000743,1,36.09,1.63,34.46
OD00005681,ORD0001952,P001227,1,33.39,1.51,31.88
OD00005682,ORD0001952,P001960,1,25.15,1.13,24.02
OD00005683,ORD0001952,P001429,1,24.69,1.11,23.58
OD00005684,ORD0001953,P000838,1,37.63,3.8,33.830000000000005
OD00005685,ORD0001953,P000179,1,20.62,2.08,18.54
OD00005686,ORD0001953,P001552,1,59.4,5.99,53.41
OD00005687,ORD0001953,P000115,1,294.23,29.69,264.54
OD00005688,ORD0001953,P002206,1,48.53,4.9,43.63
OD00005689,ORD0001954,P000053,2,172.21,55.89,288.53000000000003
OD00005690,ORD0001955,P000437,1,137.05,26.28,110.77
OD00005691,ORD0001955,P001643,1,107.38,20.6,86.78
OD00005692,ORD0001955,P000858,1,36.48,7.0,29.48
OD00005693,ORD0001955,P001339,1,25.13,4.82,20.31
OD00005694,ORD0001956,P002254,2,103.73,66.1,141.36
OD00005695,ORD0001956,P000701,2,33.4,21.29,45.51
OD00005696,ORD0001956,P001419,1,54.97,17.52,37.45
OD00005697,ORD0001957,P001361,1,110.4,8.41,101.99
OD00005698,ORD0001957,P001246,1,273.95,20.86,253.09
OD00005699,ORD0001957,P001300,1,269.27,20.51,248.76
OD00005700,ORD0001958,P001646,1,117.6,16.37,101.23
OD00005701,ORD0001958,P000457,2,134.83,37.53,232.13
OD00005702,ORD0001959,P000039,1,12.89,4.88,8.010000000000002
OD00005703,ORD0001959,P001316,1,33.64,12.74,20.9
OD00005704,ORD0001959,P001463,2,37.61,28.49,46.73
OD00005705,ORD0001959,P000171,1,270.41,102.41,168.00000000000003
OD00005706,ORD0001960,P001351,2,83.98,2.78,165.18
OD00005707,ORD0001960,P000660,3,131.25,6.52,387.23
OD00005708,ORD0001961,P000705,1,12.44,3.91,8.53
OD00005709,ORD0001961,P000398,2,31.28,19.68,42.88
OD00005710,ORD0001961,P001079,1,32.97,10.37,22.6
OD00005711,ORD0001961,P000186,2,42.44,26.7,58.17999999999999
OD00005712,ORD0001962,P000226,1,41.66,16.55,25.11
OD00005713,ORD0001962,P000348,1,29.35,11.66,17.69
OD00005714,ORD0001962,P001932,2,439.82,349.4,530.24
OD00005715,ORD0001963,P000984,2,138.74,22.8,254.68
OD00005716,ORD0001963,P001017,3,81.8,20.17,225.23
OD00005717,ORD0001963,P001870,1,15.97,1.31,14.66
OD00005718,ORD0001963,P001701,1,27.44,2.26,25.18
OD00005719,ORD0001963,P001323,1,63.15,5.19,57.96
OD00005720,ORD0001964,P000774,1,1043.72,402.92,640.8
OD00005721,ORD0001965,P000413,1,27.54,2.41,25.13
OD00005722,ORD0001965,P000855,1,103.72,9.07,94.65
OD00005723,ORD0001965,P000660,3,131.25,34.43,359.32
OD00005724,ORD0001966,P001724,4,148.36,24.64,568.8000000000001
OD00005725,ORD0001966,P002252,2,98.58,8.18,188.98
OD00005726,ORD0001967,P001881,4,55.24,21.79,199.17
OD00005727,ORD0001967,P002143,1,665.38,65.61,599.77
OD00005728,ORD0001968,P000927,4,26.92,14.07,93.61
OD00005729,ORD0001968,P001153,3,95.26,37.35,248.43000000000004
OD00005730,ORD0001968,P000917,1,14.83,1.94,12.89
OD00005731,ORD0001968,P000700,1,93.93,12.28,81.65
OD00005732,ORD0001968,P000224,1,111.14,14.53,96.61
OD00005733,ORD0001969,P000428,1,228.69,69.55,159.14
OD00005734,ORD0001970,P000543,1,309.3,108.81,200.49
OD00005735,ORD0001970,P001153,2,95.26,67.03,123.49
OD00005736,ORD0001971,P001061,1,285.79,44.41,241.38
OD00005737,ORD0001971,P001931,3,26.27,12.25,66.56
OD00005738,ORD0001972,P002029,1,103.34,23.03,80.31
OD00005739,ORD0001972,P000688,1,40.73,9.08,31.65
OD00005740,ORD0001972,P002283,1,121.08,26.98,94.1
OD00005741,ORD0001973,P001932,2,439.82,293.37,586.27
OD00005742,ORD0001974,P000670,1,299.39,45.46,253.93
OD00005743,ORD0001975,P001435,1,258.7,91.24,167.45999999999998
OD00005744,ORD0001975,P000965,1,154.18,54.37,99.81
OD00005745,ORD0001976,P000453,1,749.24,282.7,466.54
OD00005746,ORD0001977,P000799,4,27.42,42.13,67.55000000000001
OD00005747,ORD0001977,P001769,1,112.65,43.27,69.38
OD00005748,ORD0001977,P000398,3,31.28,36.05,57.790000000000006
OD00005749,ORD0001977,P000431,1,12.62,4.85,7.77
OD00005750,ORD0001977,P001299,5,100.2,192.45,308.55
OD00005751,ORD0001978,P001672,2,202.15,23.96,380.34
OD00005752,ORD0001978,P001440,2,143.19,16.98,269.4
OD00005753,ORD0001978,P000415,1,56.28,3.34,52.94
OD00005754,ORD0001979,P001750,1,26.75,2.48,24.27
OD00005755,ORD0001979,P001380,1,49.79,4.62,45.17
OD00005756,ORD0001979,P001017,5,81.8,37.96,371.04
OD00005757,ORD0001980,P000302,2,10.64,0.86,20.42
OD00005758,ORD0001980,P002130,1,164.02,6.67,157.35000000000002
OD00005759,ORD0001981,P000829,1,80.11,15.52,64.59
OD00005760,ORD0001981,P000362,1,98.69,19.13,79.56
OD00005761,ORD0001982,P001036,3,177.19,148.64,382.93
OD00005762,ORD0001982,P001413,1,101.76,28.45,73.31
OD00005763,ORD0001982,P002168,1,56.66,15.84,40.81999999999999
OD00005764,ORD0001983,P002247,1,905.61,276.7,628.91
OD00005765,ORD0001983,P000510,1,584.04,178.44,405.6
OD00005766,ORD0001983,P000800,3,172.5,158.11,359.39
OD00005767,ORD0001984,P000072,2,59.91,28.39,91.43
OD00005768,ORD0001984,P001056,1,26.12,6.19,19.93
OD00005769,ORD0001984,P000049,1,84.17,19.94,64.23
OD00005770,ORD0001985,P001103,2,149.37,105.06,193.68
OD00005771,ORD0001985,P001769,2,112.65,79.24,146.06
OD00005772,ORD0001985,P002255,2,95.08,66.88,123.28
OD00005773,ORD0001986,P000872,1,111.79,1.79,110.0
OD00005774,ORD0001987,P000953,2,63.94,13.33,114.55
OD00005775,ORD0001987,P001537,3,51.5,16.11,138.39
OD00005776,ORD0001987,P000457,1,134.83,14.05,120.78000000000002
OD00005777,ORD0001988,P002135,1,26.88,2.99,23.89
OD00005778,ORD0001988,P001703,1,35.31,3.93,31.380000000000003
OD00005779,ORD0001988,P002314,1,17.13,1.91,15.22
OD00005780,ORD0001988,P001251,1,160.22,17.85,142.37
OD00005781,ORD0001988,P000701,1,33.4,3.72,29.68
OD00005782,ORD0001989,P002207,1,27.0,6.23,20.77
OD00005783,ORD0001989,P001731,1,72.87,16.81,56.06
OD00005784,ORD0001989,P001396,2,178.96,82.57,275.35
OD00005785,ORD0001990,P001041,2,239.37,123.77,354.97
OD00005786,ORD0001990,P000083,1,225.25,58.24,167.01
OD00005787,ORD0001990,P001250,1,130.3,33.69,96.61
OD00005788,ORD0001990,P001770,1,23.73,6.14,17.59
OD00005789,ORD0001991,P000988,1,247.54,66.93,180.61
OD00005790,ORD0001991,P002089,1,142.2,38.44,103.76
OD00005791,ORD0001991,P002273,1,107.28,29.0,78.28
OD00005792,ORD0001992,P001710,1,228.94,38.39,190.55
OD00005793,ORD0001993,P002118,1,204.18,2.52,201.66
OD00005794,ORD0001993,P001693,1,88.15,1.08,87.07000000000001
OD00005795,ORD0001993,P001039,1,57.04,0.7,56.34
OD00005796,ORD0001993,P000716,1,23.57,0.29,23.28
OD00005797,ORD0001994,P002226,2,24.51,16.71,32.31
OD00005798,ORD0001994,P000415,1,56.28,19.19,37.09
OD00005799,ORD0001994,P001571,1,62.69,21.38,41.31
OD00005800,ORD0001994,P001383,1,75.19,25.64,49.55
OD00005801,ORD0001994,P002146,3,60.76,62.15,120.13
OD00005802,ORD0001995,P001202,3,133.98,44.32,357.61999999999995
OD00005803,ORD0001995,P002008,4,80.73,35.61,287.31
OD00005804,ORD0001996,P000885,1,22.42,8.66,13.760000000000002
OD00005805,ORD0001996,P002279,3,141.5,163.88,260.62
OD00005806,ORD0001996,P001646,1,117.6,45.4,72.19999999999999
OD00005807,ORD0001996,P001248,2,290.12,224.0,356.24
OD00005808,ORD0001997,P002250,2,57.7,38.36,77.04
OD00005809,ORD0001997,P000549,1,94.11,31.29,62.82
OD00005810,ORD0001998,P000077,1,83.89,15.64,68.25
OD00005811,ORD0001998,P001561,1,9.17,1.71,7.46
OD00005812,ORD0001998,P001220,3,17.2,9.62,41.98
OD00005813,ORD0001998,P000573,4,117.69,87.79,382.97
OD00005814,ORD0001998,P000459,1,599.58,111.81,487.77
OD00005815,ORD0001999,P000171,1,270.41,85.5,184.91000000000005
OD00005816,ORD0002000,P001497,2,101.53,29.25,173.81
OD00005817,ORD0002000,P002082,2,117.58,33.87,201.29
OD00005818,ORD0002001,P000102,1,179.48,31.64,147.84
OD00005819,ORD0002001,P000960,1,51.53,9.08,42.45
OD00005820,ORD0002001,P000348,1,29.35,5.17,24.18
OD00005821,ORD0002002,P001195,1,41.06,9.42,31.64
OD00005822,ORD0002002,P001182,1,35.78,8.21,27.57
OD00005823,ORD0002002,P000538,1,62.85,14.42,48.43
OD00005824,ORD0002002,P001955,1,57.7,13.24,44.46
OD00005825,ORD0002002,P000048,2,46.45,21.32,71.58000000000001
OD00005826,ORD0002003,P001440,1,143.19,0.49,142.7
OD00005827,ORD0002003,P002033,2,304.54,2.06,607.0200000000001
OD00005828,ORD0002004,P001887,1,188.72,54.47,134.25
OD00005829,ORD0002004,P000157,1,119.5,34.5,85.0
OD00005830,ORD0002004,P001764,3,34.28,29.69,73.15
OD00005831,ORD0002005,P001161,4,72.63,98.31,192.21
OD00005832,ORD0002005,P002060,2,17.89,12.11,23.67
OD00005833,ORD0002005,P000835,1,497.65,168.41,329.24
OD00005834,ORD0002006,P000342,2,144.8,86.78,202.82
OD00005835,ORD0002007,P002222,4,120.93,13.18,470.54
OD00005836,ORD0002007,P001540,1,32.08,0.87,31.21
OD00005837,ORD0002007,P000664,2,12.46,0.68,24.24
OD00005838,ORD0002008,P000003,1,817.49,48.59,768.9
OD00005839,ORD0002009,P000869,1,68.69,9.45,59.24
OD00005840,ORD0002009,P001617,1,210.59,28.97,181.62
OD00005841,ORD0002009,P000769,1,240.99,33.16,207.83
OD00005842,ORD0002010,P001889,3,49.96,11.37,138.51
OD00005843,ORD0002010,P000333,2,8.41,1.28,15.54
OD00005844,ORD0002010,P000093,2,80.65,12.23,149.07000000000002
OD00005845,ORD0002010,P002020,2,72.12,10.94,133.3
OD00005846,ORD0002011,P001802,1,343.66,75.97,267.69000000000005
OD00005847,ORD0002012,P002205,1,223.08,16.56,206.52
OD00005848,ORD0002013,P000730,3,34.77,7.28,97.03
OD00005849,ORD0002013,P001330,2,112.02,15.63,208.41
OD00005850,ORD0002014,P002129,1,224.25,83.96,140.29000000000002
OD00005851,ORD0002015,P000212,2,135.81,67.02,204.6
OD00005852,ORD0002016,P001973,1,43.92,8.02,35.900000000000006
OD00005853,ORD0002016,P000147,1,168.64,30.81,137.82999999999998
OD00005854,ORD0002017,P002248,2,10.98,5.95,16.01
OD00005855,ORD0002017,P002314,2,17.13,9.29,24.97
OD00005856,ORD0002017,P001379,4,39.82,43.17,116.11
OD00005857,ORD0002018,P001519,2,282.71,156.85,408.57
OD00005858,ORD0002019,P000652,1,702.03,267.34,434.69
OD00005859,ORD0002020,P001568,1,135.64,23.76,111.87999999999998
OD00005860,ORD0002020,P001898,1,168.29,29.48,138.81
OD00005861,ORD0002020,P001639,4,29.54,20.7,97.46
OD00005862,ORD0002021,P000284,1,96.63,2.77,93.86
OD00005863,ORD0002021,P001898,2,168.29,9.66,326.92
OD00005864,ORD0002021,P002314,3,17.13,1.47,49.92
OD00005865,ORD0002021,P000776,1,107.67,3.09,104.58
OD00005866,ORD0002022,P000406,1,192.12,54.79,137.33
OD00005867,ORD0002022,P001571,1,62.69,17.88,44.81
OD00005868,ORD0002022,P002212,1,117.88,33.62,84.25999999999999
OD00005869,ORD0002023,P000830,1,60.53,8.51,52.02
OD00005870,ORD0002023,P001039,1,57.04,8.03,49.01
OD00005871,ORD0002023,P001056,1,26.12,3.68,22.44
OD00005872,ORD0002024,P001706,1,318.88,45.51,273.37
OD00005873,ORD0002024,P000882,2,39.72,11.34,68.1
OD00005874,ORD0002024,P002116,1,38.85,5.55,33.300000000000004
OD00005875,ORD0002024,P000760,1,45.21,6.45,38.76
OD00005876,ORD0002024,P001251,1,160.22,22.87,137.35
OD00005877,ORD0002025,P000183,1,279.76,3.99,275.77
OD00005878,ORD0002025,P000679,1,159.04,2.26,156.78
OD00005879,ORD0002025,P002288,2,72.81,2.07,143.55
OD00005880,ORD0002025,P000691,2,32.08,0.91,63.25
OD00005881,ORD0002025,P001815,1,15.67,0.22,15.45
OD00005882,ORD0002025,P000523,1,11.87,0.17,11.7
OD00005883,ORD0002025,P002248,1,10.98,0.16,10.82
OD00005884,ORD0002026,P000094,4,15.97,18.21,45.67
OD00005885,ORD0002026,P001648,2,18.02,10.27,25.77
OD00005886,ORD0002026,P001686,1,134.87,38.44,96.43
OD00005887,ORD0002026,P001440,1,143.19,40.82,102.37
OD00005888,ORD0002027,P002267,1,327.63,21.52,306.11
OD00005889,ORD0002028,P001638,1,26.25,1.86,24.39
OD00005890,ORD0002028,P002039,4,73.41,20.85,272.79
OD00005891,ORD0002029,P001413,3,101.76,20.58,284.70000000000005
OD00005892,ORD0002029,P001884,2,112.93,15.22,210.64
OD00005893,ORD0002029,P000097,1,54.28,3.66,50.620000000000005
OD00005894,ORD0002030,P000357,1,69.45,18.36,51.09
OD00005895,ORD0002030,P000120,3,10.21,8.1,22.53
OD00005896,ORD0002030,P001206,2,12.4,6.55,18.25
OD00005897,ORD0002030,P002008,3,80.73,64.01,178.18
OD00005898,ORD0002031,P000485,2,115.32,54.38,176.26
OD00005899,ORD0002031,P001872,3,71.81,50.79,164.64
OD00005900,ORD0002032,P000539,2,107.64,67.92,147.36
OD00005901,ORD0002032,P000504,1,92.02,29.03,62.99
OD00005902,ORD0002032,P001775,1,51.2,16.15,35.050000000000004
OD00005903,ORD0002032,P001227,1,33.39,10.53,22.86
OD00005904,ORD0002033,P001032,2,9.94,7.22,12.66
OD00005905,ORD0002033,P002289,4,103.63,150.63,263.89
OD00005906,ORD0002034,P000676,1,347.96,109.42,238.54
OD00005907,ORD0002035,P000731,1,292.99,59.95,233.04
OD00005908,ORD0002035,P001317,1,205.22,41.99,163.23
OD00005909,ORD0002035,P000488,1,166.19,34.01,132.18
OD00005910,ORD0002035,P000512,2,80.45,32.93,127.97
OD00005911,ORD0002035,P001884,1,112.93,23.11,89.82000000000001
OD00005912,ORD0002035,P002054,1,55.55,11.37,44.18
OD00005913,ORD0002036,P000595,1,340.91,7.09,333.82
OD00005914,ORD0002036,P001145,2,28.65,1.19,56.11
OD00005915,ORD0002036,P001494,1,41.28,0.86,40.42
OD00005916,ORD0002036,P000577,2,12.6,0.52,24.68
OD00005917,ORD0002036,P001712,1,12.66,0.26,12.4
OD00005918,ORD0002037,P000582,2,476.6,330.69,622.51
OD00005919,ORD0002038,P001230,1,9.17,0.34,8.83
OD00005920,ORD0002038,P001509,1,396.35,14.82,381.53
OD00005921,ORD0002038,P002090,1,17.34,0.65,16.69
OD00005922,ORD0002038,P000464,4,31.83,4.76,122.56
OD00005923,ORD0002039,P000481,1,113.87,14.41,99.46
OD00005924,ORD0002039,P000875,1,54.34,6.88,47.46
OD00005925,ORD0002039,P000912,1,56.02,7.09,48.93000000000001
OD00005926,ORD0002040,P001377,2,33.21,1.58,64.84
OD00005927,ORD0002040,P002283,1,121.08,2.88,118.2
OD00005928,ORD0002040,P000974,2,14.69,0.7,28.68
OD00005929,ORD0002040,P001859,1,97.73,2.33,95.4
OD00005930,ORD0002041,P000830,2,60.53,32.89,88.17
OD00005931,ORD0002041,P002021,2,13.15,7.15,19.15
OD00005932,ORD0002041,P001395,1,165.77,45.04,120.73000000000002
OD00005933,ORD0002042,P000194,1,215.99,34.48,181.51
OD00005934,ORD0002042,P001576,1,48.39,7.73,40.66
OD00005935,ORD0002043,P002243,1,540.25,10.49,529.76
OD00005936,ORD0002044,P001636,2,16.77,13.03,20.51
OD00005937,ORD0002044,P001631,1,94.88,36.86,58.02
OD00005938,ORD0002044,P000263,1,155.08,60.25,94.83
OD00005939,ORD0002044,P001311,2,77.31,60.08,94.54
OD00005940,ORD0002044,P001577,1,94.02,36.53,57.49
OD00005941,ORD0002044,P000592,1,699.77,271.89,427.88
OD00005942,ORD0002045,P000770,1,283.84,97.42,186.42
OD00005943,ORD0002046,P001440,1,143.19,9.75,133.44
OD00005944,ORD0002047,P001211,1,599.56,177.38,422.18
OD00005945,ORD0002048,P000878,1,57.91,4.56,53.35
OD00005946,ORD0002048,P002281,1,130.31,10.25,120.06
OD00005947,ORD0002048,P000885,1,22.42,1.76,20.66
OD00005948,ORD0002048,P001998,3,55.22,13.03,152.63
OD00005949,ORD0002049,P000421,1,51.63,6.7,44.93
OD00005950,ORD0002049,P000396,2,60.37,15.67,105.07
OD00005951,ORD0002050,P001631,3,94.88,36.89,247.75
OD00005952,ORD0002050,P002140,1,161.06,20.88,140.18
OD00005953,ORD0002051,P001460,1,868.51,24.53,843.98
OD00005954,ORD0002051,P002046,1,105.02,2.97,102.05
OD00005955,ORD0002051,P000583,3,63.06,5.34,183.84
OD00005956,ORD0002052,P001110,1,459.35,13.67,445.68
OD00005957,ORD0002053,P001272,1,371.53,97.3,274.23
OD00005958,ORD0002053,P000979,2,255.58,133.87,377.29
OD00005959,ORD0002054,P001762,1,189.9,7.38,182.52
OD00005960,ORD0002054,P000216,2,71.05,5.53,136.57
OD00005961,ORD0002055,P000647,1,460.56,48.37,412.19
OD00005962,ORD0002055,P001321,1,124.39,13.07,111.32
OD00005963,ORD0002056,P001301,3,111.71,22.27,312.86
OD00005964,ORD0002056,P001826,1,27.03,1.8,25.23
OD00005965,ORD0002057,P000902,2,128.97,3.4,254.54
OD00005966,ORD0002057,P000562,1,169.19,2.23,166.96
OD00005967,ORD0002058,P000797,1,142.8,13.33,129.47
OD00005968,ORD0002059,P002218,2,87.69,9.87,165.51
OD00005969,ORD0002060,P001202,2,133.98,93.13,174.82999999999998
OD00005970,ORD0002061,P001718,1,216.08,53.34,162.74
OD00005971,ORD0002061,P001817,3,27.04,20.02,61.10000000000001
OD00005972,ORD0002061,P002308,1,266.59,65.81,200.78
OD00005973,ORD0002062,P001547,1,41.35,2.68,38.67
OD00005974,ORD0002062,P001253,1,260.87,16.91,243.96
OD00005975,ORD0002063,P001945,1,335.96,91.13,244.83
OD00005976,ORD0002064,P001678,1,26.35,4.58,21.770000000000003
OD00005977,ORD0002064,P000540,2,21.34,7.42,35.26
OD00005978,ORD0002064,P002168,1,56.66,9.85,46.81
OD00005979,ORD0002064,P001347,3,32.08,16.74,79.5
OD00005980,ORD0002064,P001352,2,41.54,14.45,68.63
OD00005981,ORD0002065,P001383,2,75.19,44.07,106.31
OD00005982,ORD0002066,P001323,1,63.15,13.7,49.45
OD00005983,ORD0002066,P000644,1,211.75,45.93,165.82
OD00005984,ORD0002066,P000778,1,284.46,61.71,222.75
OD00005985,ORD0002067,P000606,1,546.79,176.0,370.79
OD00005986,ORD0002068,P001379,2,39.82,4.45,75.19
OD00005987,ORD0002068,P000093,3,80.65,13.52,228.43
OD00005988,ORD0002069,P000684,1,682.04,140.07,541.97
OD00005989,ORD0002070,P000234,1,74.82,12.25,62.56999999999999
OD00005990,ORD0002070,P000538,1,62.85,10.29,52.56
OD00005991,ORD0002070,P001417,3,47.34,23.25,118.77
OD00005992,ORD0002070,P001813,1,40.8,6.68,34.12
OD00005993,ORD0002070,P001039,1,57.04,9.34,47.7
OD00005994,ORD0002070,P000833,2,71.31,23.35,119.27
OD00005995,ORD0002071,P000956,1,184.95,17.46,167.49
OD00005996,ORD0002071,P000515,1,95.92,9.05,86.87
OD00005997,ORD0002071,P001188,2,29.64,5.59,53.69
OD00005998,ORD0002071,P000119,1,56.16,5.3,50.86
OD00005999,ORD0002071,P000085,1,34.24,3.23,31.01
OD00006000,ORD0002071,P001927,1,20.81,1.96,18.85
OD00006001,ORD0002072,P000164,1,92.04,21.87,70.17
OD00006002,ORD0002072,P000436,1,353.11,83.9,269.21000000000004
OD00006003,ORD0002073,P001364,3,150.16,141.85,308.63
OD00006004,ORD0002073,P002279,1,141.5,44.55,96.95
OD00006005,ORD0002073,P000991,1,51.61,16.25,35.36
OD00006006,ORD0002074,P001842,4,26.75,22.39,84.61
OD00006007,ORD0002074,P001301,1,111.71,23.38,88.33
OD00006008,ORD0002074,P000766,4,11.73,9.82,37.1
OD00006009,ORD0002074,P001865,2,53.35,22.33,84.37
OD00006010,ORD0002074,P001277,1,128.8,26.96,101.84
OD00006011,ORD0002075,P001710,1,228.94,71.02,157.92000000000002
OD00006012,ORD0002075,P000213,1,275.26,85.38,189.88
OD00006013,ORD0002076,P000694,1,367.97,1.92,366.05
OD00006014,ORD0002076,P001255,2,84.37,0.88,167.86
OD00006015,ORD0002077,P002061,3,29.92,0.05,89.71000000000001
OD00006016,ORD0002077,P000576,1,271.35,0.15,271.20000000000005
OD00006017,ORD0002078,P000839,1,447.49,136.94,310.55
OD00006018,ORD0002078,P001108,3,154.98,142.27,322.67
OD00006019,ORD0002079,P002061,4,29.92,4.46,115.22
OD00006020,ORD0002079,P001550,1,36.92,1.37,35.550000000000004
OD00006021,ORD0002079,P000675,1,27.33,1.02,26.31
OD00006022,ORD0002079,P000322,2,13.58,1.01,26.15
OD00006023,ORD0002079,P002232,1,24.25,0.9,23.35
OD00006024,ORD0002080,P001812,1,246.79,4.95,241.84
OD00006025,ORD0002081,P002146,1,60.76,15.31,45.45
OD00006026,ORD0002081,P001216,5,101.43,127.8,379.35
OD00006027,ORD0002082,P001372,2,78.75,51.84,105.66
OD00006028,ORD0002082,P000015,2,206.98,136.25,277.71
OD00006029,ORD0002083,P001513,1,13.28,0.96,12.32
OD00006030,ORD0002083,P000010,1,42.64,3.09,39.55
OD00006031,ORD0002083,P000034,1,196.43,14.24,182.19
OD00006032,ORD0002083,P001172,2,24.43,3.54,45.32
OD00006033,ORD0002084,P000486,1,60.44,19.93,40.51
OD00006034,ORD0002084,P000982,2,11.05,7.29,14.810000000000002
OD00006035,ORD0002084,P000859,1,410.36,135.3,275.06
OD00006036,ORD0002084,P000333,4,8.41,11.09,22.55
OD00006037,ORD0002084,P000789,3,353.08,349.24,710.0
OD00006038,ORD0002085,P002170,1,27.74,2.65,25.09
OD00006039,ORD0002085,P000015,2,206.98,39.62,374.34
OD00006040,ORD0002086,P001534,3,60.76,46.51,135.77
OD00006041,ORD0002087,P002258,3,182.7,54.45,493.6499999999999
OD00006042,ORD0002088,P000972,3,114.82,92.34,252.12
OD00006043,ORD0002089,P002123,2,73.31,28.0,118.62
OD00006044,ORD0002089,P001400,1,44.33,8.46,35.87
OD00006045,ORD0002090,P000491,3,91.39,15.55,258.62
OD00006046,ORD0002090,P001512,3,54.84,9.32,155.20000000000002
OD00006047,ORD0002090,P002260,3,18.66,3.17,52.81
OD00006048,ORD0002090,P000180,1,41.7,2.36,39.34
OD00006049,ORD0002091,P000040,1,228.93,74.52,154.41000000000005
OD00006050,ORD0002092,P000858,1,36.48,6.83,29.65
OD00006051,ORD0002092,P001073,1,58.1,10.89,47.21
OD00006052,ORD0002092,P000433,1,37.77,7.08,30.690000000000005
OD00006053,ORD0002092,P000138,2,184.47,69.12,299.82
OD00006054,ORD0002093,P001083,1,96.04,6.39,89.65
OD00006055,ORD0002093,P001430,1,137.06,9.11,127.95
OD00006056,ORD0002094,P000095,1,217.36,51.59,165.77
OD00006057,ORD0002094,P001227,1,33.39,7.93,25.46
OD00006058,ORD0002094,P001054,1,301.78,71.63,230.15
OD00006059,ORD0002095,P002283,4,121.08,122.12,362.2
OD00006060,ORD0002096,P002020,2,72.12,44.98,99.26000000000002
OD00006061,ORD0002096,P000209,1,241.01,75.16,165.85
OD00006062,ORD0002096,P000526,1,100.03,31.2,68.83
OD00006063,ORD0002096,P001066,2,224.69,140.14,309.24
OD00006064,ORD0002097,P000887,1,14.73,2.39,12.34
OD00006065,ORD0002097,P000984,3,138.74,67.54,348.68
OD00006066,ORD0002097,P000318,2,51.36,16.67,86.05
OD00006067,ORD0002098,P001628,2,216.17,46.07,386.27
OD00006068,ORD0002099,P000615,3,72.44,39.74,177.58
OD00006069,ORD0002099,P000855,2,103.72,37.92,169.51999999999998
OD00006070,ORD0002099,P000450,1,191.98,35.1,156.88
OD00006071,ORD0002099,P001571,1,62.69,11.46,51.23
OD00006072,ORD0002099,P001227,1,33.39,6.1,27.29
OD00006073,ORD0002100,P000870,3,123.04,94.61,274.51
OD00006074,ORD0002100,P000720,1,183.02,46.91,136.11
OD00006075,ORD0002101,P001770,1,23.73,3.21,20.52
OD00006076,ORD0002101,P000336,2,18.17,4.92,31.42
OD00006077,ORD0002101,P001009,2,161.64,43.77,279.51
OD00006078,ORD0002102,P000380,4,60.87,13.42,230.06
OD00006079,ORD0002103,P001497,1,101.53,18.62,82.91
OD00006080,ORD0002103,P002080,4,10.87,7.97,35.51
OD00006081,ORD0002104,P001539,1,27.42,4.45,22.97
OD00006082,ORD0002104,P001317,1,205.22,33.29,171.93
OD00006083,ORD0002104,P000838,1,37.63,6.1,31.53
OD00006084,ORD0002104,P000409,1,256.92,41.68,215.24
OD00006085,ORD0002105,P001303,1,10.43,3.04,7.39
OD00006086,ORD0002105,P000100,1,101.26,29.54,71.72
OD00006087,ORD0002106,P001716,1,47.64,16.05,31.59
OD00006088,ORD0002106,P000227,1,18.23,6.14,12.09
OD00006089,ORD0002106,P000175,2,269.01,181.22,356.79999999999995
OD00006090,ORD0002107,P001849,1,189.02,35.12,153.9
OD00006091,ORD0002108,P002025,3,123.57,141.11,229.6
OD00006092,ORD0002108,P001570,1,230.66,87.79,142.87
OD00006093,ORD0002108,P001145,3,28.65,32.71,53.23999999999999
OD00006094,ORD0002108,P000615,1,72.44,27.57,44.87
OD00006095,ORD0002109,P000404,1,74.02,28.12,45.89999999999999
OD00006096,ORD0002109,P000336,2,18.17,13.81,22.53
OD00006097,ORD0002109,P001380,1,49.79,18.92,30.87
OD00006098,ORD0002109,P001900,2,186.85,141.99,231.71
OD00006099,ORD0002110,P000651,1,274.64,99.28,175.36
OD00006100,ORD0002110,P002051,1,71.11,25.71,45.4
OD00006101,ORD0002110,P000521,1,55.59,20.1,35.49
OD00006102,ORD0002111,P000070,2,95.5,73.41,117.59
OD00006103,ORD0002111,P000965,2,154.18,118.52,189.84000000000003
OD00006104,ORD0002112,P001716,1,47.64,8.58,39.06
OD00006105,ORD0002112,P000521,1,55.59,10.01,45.580000000000005
OD00006106,ORD0002112,P001973,1,43.92,7.91,36.010000000000005
OD00006107,ORD0002112,P000526,1,100.03,18.01,82.02
OD00006108,ORD0002113,P002298,1,50.21,13.83,36.38
OD00006109,ORD0002113,P000549,1,94.11,25.91,68.2
OD00006110,ORD0002113,P001314,2,35.98,19.81,52.14999999999999
OD00006111,ORD0002113,P001463,1,37.61,10.36,27.25
OD00006112,ORD0002113,P002141,1,139.4,38.38,101.02
OD00006113,ORD0002114,P000220,1,53.49,21.31,32.18000000000001
OD00006114,ORD0002114,P000105,2,198.95,158.56,239.34
OD00006115,ORD0002115,P002181,2,53.6,36.27,70.93
OD00006116,ORD0002115,P001123,1,331.04,111.99,219.05
OD00006117,ORD0002116,P002105,2,56.69,15.35,98.03
OD00006118,ORD0002116,P001813,1,40.8,5.52,35.28
OD00006119,ORD0002116,P001531,2,112.69,30.5,194.88
OD00006120,ORD0002116,P000534,1,61.01,8.26,52.75
OD00006121,ORD0002117,P001726,2,168.36,72.88,263.84000000000003
OD00006122,ORD0002117,P001405,1,113.4,24.54,88.86000000000001
OD00006123,ORD0002118,P002193,2,79.05,44.71,113.39
OD00006124,ORD0002118,P001813,1,40.8,11.54,29.26
OD00006125,ORD0002118,P001653,1,250.7,70.9,179.79999999999998
OD00006126,ORD0002119,P001344,1,756.39,249.14,507.25
OD00006127,ORD0002120,P000125,1,464.64,173.57,291.07
OD00006128,ORD0002120,P002066,1,296.77,110.86,185.91
OD00006129,ORD0002120,P001142,1,283.05,105.73,177.32
OD00006130,ORD0002120,P000186,3,42.44,47.56,79.75999999999999
OD00006131,ORD0002120,P000974,2,14.69,10.97,18.41
OD00006132,ORD0002121,P000043,1,55.71,19.91,35.8
OD00006133,ORD0002121,P000817,3,38.77,41.56,74.75
OD00006134,ORD0002121,P000806,4,11.61,16.6,29.84
OD00006135,ORD0002121,P001785,1,36.19,12.93,23.26
OD00006136,ORD0002121,P001230,1,9.17,3.28,5.890000000000001
OD00006137,ORD0002121,P001092,2,192.6,137.66,247.54
OD00006138,ORD0002121,P001596,3,27.25,29.21,52.54
OD00006139,ORD0002121,P001858,1,104.96,37.51,67.44999999999999
OD00006140,ORD0002121,P000022,1,45.27,16.18,29.090000000000003
OD00006141,ORD0002121,P001277,4,128.8,184.11,331.09000000000003
OD00006142,ORD0002122,P001970,1,163.58,1.11,162.47
OD00006143,ORD0002122,P002239,4,67.17,1.82,266.86
OD00006144,ORD0002123,P000494,1,32.88,0.16,32.720000000000006
OD00006145,ORD0002123,P000158,1,299.04,1.48,297.56
OD00006146,ORD0002124,P002054,1,55.55,9.14,46.41
OD00006147,ORD0002124,P000829,1,80.11,13.18,66.93
OD00006148,ORD0002124,P000357,1,69.45,11.43,58.02
OD00006149,ORD0002124,P000084,1,27.33,4.5,22.83
OD00006150,ORD0002124,P000685,1,133.13,21.91,111.22
OD00006151,ORD0002125,P000917,1,14.83,5.31,9.52
OD00006152,ORD0002125,P001004,1,388.48,139.01,249.47000000000003
OD00006153,ORD0002126,P000770,2,283.84,222.18,345.49999999999994
OD00006154,ORD0002127,P001005,1,98.67,17.99,80.68
OD00006155,ORD0002127,P002000,1,482.88,88.05,394.83
OD00006156,ORD0002128,P001100,1,223.6,1.21,222.39
OD00006157,ORD0002129,P002156,1,38.4,7.03,31.37
OD00006158,ORD0002129,P001868,1,46.28,8.47,37.81
OD00006159,ORD0002129,P000133,1,49.91,9.14,40.77
OD00006160,ORD0002129,P001624,1,225.32,41.24,184.08
OD00006161,ORD0002130,P000269,1,27.27,2.0,25.27
OD00006162,ORD0002130,P001757,1,69.58,5.1,64.48
OD00006163,ORD0002130,P001120,4,107.18,31.42,397.3
OD00006164,ORD0002131,P000359,1,108.86,21.89,86.97
OD00006165,ORD0002131,P001878,4,23.21,18.67,74.17
OD00006166,ORD0002132,P001858,3,104.96,53.28,261.6
OD00006167,ORD0002132,P002077,1,56.22,9.51,46.71
OD00006168,ORD0002132,P000278,1,274.7,46.48,228.22
OD00006169,ORD0002133,P000007,1,222.76,84.77,137.99
OD00006170,ORD0002133,P000577,1,12.6,4.79,7.81
OD00006171,ORD0002133,P001267,1,440.4,167.59,272.80999999999995
OD00006172,ORD0002133,P000095,2,217.36,165.43,269.29
OD00006173,ORD0002134,P000179,1,20.62,6.15,14.47
OD00006174,ORD0002134,P000348,1,29.35,8.75,20.6
OD00006175,ORD0002134,P000986,1,57.6,17.18,40.42
OD00006176,ORD0002134,P001310,2,107.16,63.91,150.41
OD00006177,ORD0002135,P000688,1,40.73,2.35,38.38
OD00006178,ORD0002135,P000397,1,25.56,1.47,24.09
OD00006179,ORD0002135,P001955,1,57.7,3.32,54.38
OD00006180,ORD0002135,P001359,4,71.6,16.49,269.91
OD00006181,ORD0002135,P000199,1,28.28,1.63,26.65
OD00006182,ORD0002136,P000595,1,340.91,34.36,306.55
OD00006183,ORD0002136,P001783,1,267.95,27.01,240.94
OD00006184,ORD0002136,P001685,2,66.33,13.37,119.29
OD00006185,ORD0002136,P002207,3,27.0,8.17,72.83
OD00006186,ORD0002136,P000773,2,35.94,7.25,64.63
OD00006187,ORD0002136,P000289,1,64.21,6.47,57.74
OD00006188,ORD0002136,P000094,2,15.97,3.22,28.72
OD00006189,ORD0002136,P001750,1,26.75,2.7,24.05
OD00006190,ORD0002137,P001060,1,25.83,3.76,22.07
OD00006191,ORD0002137,P000057,2,254.75,74.19,435.31
OD00006192,ORD0002138,P001717,1,578.34,199.98,378.36
OD00006193,ORD0002139,P000674,1,275.44,19.77,255.67
OD00006194,ORD0002139,P000591,1,54.09,3.88,50.21
OD00006195,ORD0002139,P001963,5,87.3,31.32,405.18
OD00006196,ORD0002139,P001630,1,70.33,5.05,65.28
OD00006197,ORD0002140,P000341,2,39.05,6.33,71.77
OD00006198,ORD0002140,P000856,4,63.98,20.74,235.18
OD00006199,ORD0002140,P001297,1,212.65,17.23,195.42
OD00006200,ORD0002141,P001615,1,306.44,53.84,252.6
OD00006201,ORD0002142,P000171,1,270.41,54.09,216.32
OD00006202,ORD0002143,P001649,1,794.35,124.9,669.45
OD00006203,ORD0002143,P000533,1,566.84,89.12,477.72
OD00006204,ORD0002144,P001734,3,86.98,102.07,158.87
OD00006205,ORD0002145,P001105,3,57.93,3.39,170.4
OD00006206,ORD0002146,P000416,2,28.45,0.3,56.6
OD00006207,ORD0002146,P001928,1,117.7,0.61,117.09
OD00006208,ORD0002147,P000699,1,62.43,2.95,59.48
OD00006209,ORD0002147,P000892,2,140.5,13.29,267.71
OD00006210,ORD0002147,P000878,1,57.91,2.74,55.17
OD00006211,ORD0002148,P001600,1,55.69,15.57,40.12
OD00006212,ORD0002148,P001449,4,182.97,204.65,527.23
OD00006213,ORD0002149,P001164,1,193.78,34.8,158.98
OD00006214,ORD0002149,P000275,1,32.72,5.88,26.84
OD00006215,ORD0002149,P001638,1,26.25,4.72,21.53
OD00006216,ORD0002150,P001258,1,100.08,35.56,64.52
OD00006217,ORD0002150,P000678,3,55.49,59.15,107.32
OD00006218,ORD0002151,P001753,1,242.0,8.7,233.3
OD00006219,ORD0002151,P000018,1,184.38,6.64,177.74
OD00006220,ORD0002151,P001013,1,60.68,2.19,58.49
OD00006221,ORD0002151,P000010,1,42.64,1.54,41.1
OD00006222,ORD0002151,P001978,3,11.81,1.28,34.15
OD00006223,ORD0002152,P001606,1,428.89,15.48,413.41
OD00006224,ORD0002152,P001307,3,114.0,12.34,329.66
OD00006225,ORD0002153,P000516,1,112.73,27.99,84.74000000000001
OD00006226,ORD0002153,P001660,1,917.12,227.71,689.41
OD00006227,ORD0002154,P000732,1,331.91,132.43,199.48
OD00006228,ORD0002155,P002048,4,180.1,3.44,716.9599999999999
OD00006229,ORD0002156,P002168,1,56.66,10.82,45.84
OD00006230,ORD0002156,P001872,2,71.81,27.44,116.18
OD00006231,ORD0002157,P001871,1,26.17,4.34,21.83
OD00006232,ORD0002157,P001737,1,606.6,100.71,505.89
OD00006233,ORD0002158,P000415,1,56.28,18.85,37.43
OD00006234,ORD0002158,P002038,2,181.16,121.34,240.98
OD00006235,ORD0002159,P001740,2,494.57,328.6,660.54
OD00006236,ORD0002160,P001103,3,149.37,108.99,339.12
OD00006237,ORD0002161,P000203,1,108.8,36.42,72.38
OD00006238,ORD0002161,P000748,1,10.6,3.55,7.05
OD00006239,ORD0002161,P002214,1,26.99,9.03,17.96
OD00006240,ORD0002161,P002010,2,58.56,39.21,77.91
OD00006241,ORD0002162,P002218,2,87.69,65.81,109.57
OD00006242,ORD0002162,P001907,1,328.67,123.33,205.34000000000003
OD00006243,ORD0002162,P000977,2,278.98,209.36,348.6
OD00006244,ORD0002163,P001556,3,14.89,4.8,39.870000000000005
OD00006245,ORD0002163,P000329,1,190.35,20.47,169.88
OD00006246,ORD0002163,P000832,1,120.53,12.96,107.57
OD00006247,ORD0002164,P001356,1,19.9,1.08,18.82
OD00006248,ORD0002164,P000414,1,68.27,3.69,64.58
OD00006249,ORD0002165,P000132,2,226.8,66.85,386.75
OD00006250,ORD0002165,P000995,2,68.69,20.25,117.13
OD00006251,ORD0002166,P000470,2,119.45,40.18,198.72
OD00006252,ORD0002166,P000687,1,120.74,20.3,100.44
OD00006253,ORD0002166,P001383,1,75.19,12.64,62.55
OD00006254,ORD0002166,P000434,1,47.9,8.05,39.85
OD00006255,ORD0002167,P000634,1,594.12,202.96,391.16
OD00006256,ORD0002168,P001440,2,143.19,40.02,246.36
OD00006257,ORD0002168,P000484,1,253.54,35.43,218.11
OD00006258,ORD0002169,P001997,1,71.56,4.48,67.08
OD00006259,ORD0002169,P000171,2,270.41,33.85,506.97
OD00006260,ORD0002170,P000746,2,256.75,178.88,334.62
OD00006261,ORD0002171,P002290,1,27.67,7.84,19.83
OD00006262,ORD0002171,P000838,1,37.63,10.66,26.97
OD00006263,ORD0002171,P000138,1,184.47,52.25,132.22
OD00006264,ORD0002171,P002104,1,54.06,15.31,38.75
OD00006265,ORD0002171,P001378,3,243.77,207.13,524.1800000000001
OD00006266,ORD0002172,P000912,1,56.02,11.04,44.98
OD00006267,ORD0002172,P002203,2,16.62,6.55,26.69
OD00006268,ORD0002172,P000020,1,71.84,14.16,57.68000000000001
OD00006269,ORD0002172,P002278,1,336.64,66.35,270.29
OD00006270,ORD0002173,P002288,1,72.81,14.81,58.0
OD00006271,ORD0002173,P000856,1,63.98,13.02,50.96
OD00006272,ORD0002173,P000801,1,164.79,33.52,131.26999999999998
OD00006273,ORD0002174,P000367,1,447.91,55.55,392.36
OD00006274,ORD0002175,P000619,3,113.0,63.94,275.06
OD00006275,ORD0002175,P000107,1,396.72,74.82,321.90000000000003
OD00006276,ORD0002176,P000249,2,35.26,6.47,64.05
OD00006277,ORD0002176,P002141,1,139.4,12.79,126.61
OD00006278,ORD0002176,P000912,1,56.02,5.14,50.88
OD00006279,ORD0002176,P001462,1,251.4,23.07,228.33
OD00006280,ORD0002176,P001337,1,56.03,5.14,50.89
OD00006281,ORD0002177,P002062,1,287.21,29.84,257.37
OD00006282,ORD0002178,P000688,1,40.73,12.86,27.87
OD00006283,ORD0002178,P002033,1,304.54,96.16,208.38
OD00006284,ORD0002178,P002245,1,59.05,18.64,40.41
OD00006285,ORD0002178,P002173,1,18.12,5.72,12.400000000000002
OD00006286,ORD0002178,P001582,2,266.31,168.17,364.4500000000001
OD00006287,ORD0002179,P001902,2,107.96,48.57,167.35
OD00006288,ORD0002179,P000878,1,57.91,13.02,44.89
OD00006289,ORD0002179,P001352,1,41.54,9.34,32.2
OD00006290,ORD0002179,P000249,1,35.26,7.93,27.33
OD00006291,ORD0002179,P002223,2,17.24,7.75,26.73
OD00006292,ORD0002179,P000691,1,32.08,7.22,24.86
OD00006293,ORD0002180,P001999,1,48.77,17.43,31.340000000000003
OD00006294,ORD0002180,P001585,1,43.17,15.43,27.74
OD00006295,ORD0002180,P001868,1,46.28,16.54,29.74
OD00006296,ORD0002180,P001123,1,331.04,118.32,212.72000000000003
OD00006297,ORD0002181,P002146,4,60.76,71.37,171.67
OD00006298,ORD0002181,P001629,1,320.73,94.19,226.54
OD00006299,ORD0002182,P001212,1,310.45,50.38,260.07
OD00006300,ORD0002183,P000903,1,66.6,18.54,48.06
OD00006301,ORD0002183,P000187,1,744.46,207.3,537.1600000000001
OD00006302,ORD0002184,P000493,3,24.12,28.42,43.94
OD00006303,ORD0002184,P001295,3,9.47,11.16,17.250000000000004
OD00006304,ORD0002184,P002035,2,46.48,36.52,56.43999999999999
OD00006305,ORD0002185,P000522,1,192.51,71.71,120.8
OD00006306,ORD0002185,P000923,1,54.48,20.3,34.17999999999999
OD00006307,ORD0002185,P000686,1,22.35,8.33,14.02
OD00006308,ORD0002185,P000980,1,22.11,8.24,13.87
OD00006309,ORD0002186,P001176,2,136.96,7.11,266.81
OD00006310,ORD0002186,P002273,2,107.28,5.57,208.99
OD00006311,ORD0002186,P001577,2,94.02,4.89,183.15
OD00006312,ORD0002186,P001360,2,91.77,4.77,178.76999999999998
OD00006313,ORD0002186,P000871,1,111.44,2.9,108.54
OD00006314,ORD0002186,P000386,1,56.52,1.47,55.05
OD00006315,ORD0002186,P000514,2,11.33,0.59,22.07
OD00006316,ORD0002186,P001927,1,20.81,0.54,20.27
OD00006317,ORD0002187,P000763,1,25.62,8.55,17.07
OD00006318,ORD0002187,P002112,4,95.26,127.12,253.92
OD00006319,ORD0002188,P000853,1,108.95,9.1,99.85
OD00006320,ORD0002188,P000282,1,37.05,3.09,33.959999999999994
OD00006321,ORD0002188,P000432,4,41.17,13.76,150.92000000000002
OD00006322,ORD0002189,P000853,3,108.95,92.47,234.38
OD00006323,ORD0002189,P001643,2,107.38,60.76,154.0
OD00006324,ORD0002189,P000782,1,232.59,65.81,166.78
OD00006325,ORD0002190,P000738,1,371.14,137.93,233.21
OD00006326,ORD0002191,P000595,1,340.91,33.28,307.63
OD00006327,ORD0002191,P002111,5,76.54,37.36,345.34000000000003
OD00006328,ORD0002191,P000580,1,13.61,1.33,12.28
OD00006329,ORD0002191,P001387,3,78.99,23.14,213.83
OD00006330,ORD0002192,P000122,2,13.73,5.9,21.56
OD00006331,ORD0002192,P000594,2,33.4,14.34,52.46
OD00006332,ORD0002192,P000426,2,97.62,41.92,153.32
OD00006333,ORD0002193,P001758,2,85.06,61.92,108.2
OD00006334,ORD0002193,P000115,1,294.23,107.09,187.14
OD00006335,ORD0002193,P000213,1,275.26,100.19,175.07
OD00006336,ORD0002194,P001055,4,88.47,35.1,318.78
OD00006337,ORD0002194,P001253,1,260.87,25.88,234.99
OD00006338,ORD0002194,P001085,1,167.59,16.63,150.96
OD00006339,ORD0002194,P001752,1,125.14,12.42,112.72
OD00006340,ORD0002194,P002212,1,117.88,11.7,106.18
OD00006341,ORD0002194,P001997,1,71.56,7.1,64.46000000000001
OD00006342,ORD0002194,P002182,1,71.08,7.05,64.03
OD00006343,ORD0002194,P000823,1,70.33,6.98,63.35
OD00006344,ORD0002194,P000357,1,69.45,6.89,62.56
OD00006345,ORD0002194,P001576,1,48.39,4.8,43.59
OD00006346,ORD0002194,P001286,1,23.89,2.37,21.52
OD00006347,ORD0002194,P000179,1,20.62,2.05,18.57
OD00006348,ORD0002195,P000395,2,290.19,120.17,460.21
OD00006349,ORD0002196,P001524,1,280.1,32.19,247.91000000000005
OD00006350,ORD0002196,P001122,2,80.35,18.47,142.23
OD00006351,ORD0002197,P001037,3,26.02,23.82,54.24
OD00006352,ORD0002197,P001813,1,40.8,12.45,28.35
OD00006353,ORD0002197,P000577,4,12.6,15.38,35.02
OD00006354,ORD0002197,P001439,1,114.69,34.99,79.69999999999999
OD00006355,ORD0002198,P001091,1,216.52,73.42,143.10000000000002
OD00006356,ORD0002198,P000615,3,72.44,73.7,143.62
OD00006357,ORD0002199,P002310,1,220.84,26.6,194.24
OD00006358,ORD0002199,P001743,1,82.14,9.89,72.25
OD00006359,ORD0002200,P000211,4,41.25,4.52,160.48
OD00006360,ORD0002200,P001639,4,29.54,3.23,114.93
OD00006361,ORD0002200,P000137,1,26.82,0.73,26.09
OD00006362,ORD0002201,P000224,1,111.14,42.87,68.27000000000001
OD00006363,ORD0002201,P001544,1,329.68,127.16,202.52
OD00006364,ORD0002202,P001805,1,51.53,14.64,36.89
OD00006365,ORD0002202,P001038,2,93.74,53.25,134.23
OD00006366,ORD0002203,P000439,3,61.16,38.71,144.76999999999998
OD00006367,ORD0002204,P001953,1,56.75,12.26,44.49
OD00006368,ORD0002204,P002100,1,84.84,18.33,66.51
OD00006369,ORD0002204,P000819,1,287.49,62.11,225.38
OD00006370,ORD0002205,P001672,1,202.15,28.06,174.09
OD00006371,ORD0002206,P000619,5,113.0,112.15,452.85
OD00006372,ORD0002206,P000656,1,206.34,40.96,165.38
OD00006373,ORD0002206,P000857,1,100.98,20.05,80.93
OD00006374,ORD0002206,P002021,1,13.15,2.61,10.54
OD00006375,ORD0002207,P000344,2,408.78,131.81,685.75
OD00006376,ORD0002207,P000019,3,173.53,83.94,436.65
OD00006377,ORD0002207,P000404,2,74.02,23.87,124.17
OD00006378,ORD0002208,P002152,3,187.05,139.48,421.67
OD00006379,ORD0002208,P000742,4,134.0,133.22,402.78
OD00006380,ORD0002208,P001909,5,57.15,71.02,214.73
OD00006381,ORD0002208,P001941,3,25.45,18.98,57.36999999999999
OD00006382,ORD0002208,P000012,2,34.63,17.21,52.05
OD00006383,ORD0002208,P002007,1,53.53,13.3,40.23
OD00006384,ORD0002208,P000108,1,34.08,8.47,25.61
OD00006385,ORD0002208,P001484,2,10.32,5.13,15.510000000000002
OD00006386,ORD0002209,P000360,1,160.25,18.61,141.64
OD00006387,ORD0002209,P000912,1,56.02,6.5,49.52
OD00006388,ORD0002209,P000205,1,40.84,4.74,36.1
OD00006389,ORD0002209,P001813,1,40.8,4.74,36.06
OD00006390,ORD0002209,P000433,1,37.77,4.38,33.39
OD00006391,ORD0002209,P000199,1,28.28,3.28,25.0
OD00006392,ORD0002210,P000037,5,27.44,11.53,125.67000000000002
OD00006393,ORD0002210,P000352,1,34.92,2.93,31.99
OD00006394,ORD0002210,P002048,3,180.1,45.4,494.9
OD00006395,ORD0002211,P000465,2,117.81,33.17,202.45
OD00006396,ORD0002211,P000559,1,56.08,7.89,48.19
OD00006397,ORD0002212,P001758,1,85.06,32.58,52.48
OD00006398,ORD0002212,P002139,1,138.5,53.04,85.46000000000001
OD00006399,ORD0002213,P001198,1,202.13,36.61,165.51999999999998
OD00006400,ORD0002214,P001029,2,181.19,102.05,260.33
OD00006401,ORD0002214,P001377,2,33.21,18.71,47.71
OD00006402,ORD0002214,P000123,1,24.56,6.92,17.64
OD00006403,ORD0002214,P002268,1,17.18,4.84,12.34
OD00006404,ORD0002215,P001504,3,63.19,15.29,174.28
OD00006405,ORD0002215,P001385,1,78.63,6.34,72.28999999999999
OD00006406,ORD0002215,P001511,2,107.7,17.38,198.02
OD00006407,ORD0002216,P000315,5,29.62,4.5,143.6
OD00006408,ORD0002216,P000669,5,18.28,2.77,88.63000000000001
OD00006409,ORD0002217,P000829,1,80.11,17.42,62.69
OD00006410,ORD0002217,P001060,1,25.83,5.62,20.21
OD00006411,ORD0002217,P001265,2,55.04,23.93,86.15
OD00006412,ORD0002217,P000381,2,78.58,34.17,122.99
OD00006413,ORD0002217,P001401,1,129.2,28.09,101.11
OD00006414,ORD0002218,P000097,1,54.28,5.08,49.2
OD00006415,ORD0002218,P000393,1,51.43,4.81,46.62
OD00006416,ORD0002218,P000972,2,114.82,21.47,208.17
OD00006417,ORD0002218,P000555,1,104.59,9.78,94.81
OD00006418,ORD0002219,P000835,1,497.65,175.63,322.02
OD00006419,ORD0002219,P000965,2,154.18,108.83,199.53000000000003
OD00006420,ORD0002220,P000204,4,63.24,35.93,217.03
OD00006421,ORD0002220,P001017,3,81.8,34.87,210.53
OD00006422,ORD0002220,P000151,2,56.15,15.96,96.34
OD00006423,ORD0002221,P000462,1,290.77,48.03,242.74
OD00006424,ORD0002221,P000794,1,231.59,38.26,193.33
OD00006425,ORD0002221,P001453,1,225.88,37.31,188.57
OD00006426,ORD0002221,P001600,3,55.69,27.6,139.47
OD00006427,ORD0002222,P000665,1,57.5,16.43,41.07
OD00006428,ORD0002222,P000282,1,37.05,10.58,26.47
OD00006429,ORD0002222,P001036,2,177.19,101.24,253.14
OD00006430,ORD0002223,P000794,1,231.59,26.85,204.74
OD00006431,ORD0002223,P002255,1,95.08,11.02,84.06
OD00006432,ORD0002223,P002056,1,328.3,38.06,290.24
OD00006433,ORD0002224,P002180,2,35.25,7.85,62.65
OD00006434,ORD0002224,P000071,2,26.45,5.89,47.01
OD00006435,ORD0002224,P001682,1,32.8,3.65,29.15
OD00006436,ORD0002225,P000942,1,32.92,7.95,24.97
OD00006437,ORD0002225,P001331,1,189.56,45.79,143.77
OD00006438,ORD0002226,P001002,1,213.01,19.08,193.93
OD00006439,ORD0002227,P001797,4,49.48,42.64,155.27999999999997
OD00006440,ORD0002228,P001330,3,112.02,50.86,285.2
OD00006441,ORD0002228,P000750,1,265.76,40.22,225.54
OD00006442,ORD0002228,P001367,1,248.01,37.54,210.47
OD00006443,ORD0002229,P002155,1,39.19,7.65,31.54
OD00006444,ORD0002229,P002230,1,60.22,11.76,48.46
OD00006445,ORD0002229,P000857,2,100.98,39.44,162.52
OD00006446,ORD0002229,P002100,1,84.84,16.57,68.27000000000001
OD00006447,ORD0002230,P000036,2,151.09,96.08,206.1
OD00006448,ORD0002230,P001884,1,112.93,35.91,77.02000000000001
OD00006449,ORD0002230,P001317,1,205.22,65.25,139.97
OD00006450,ORD0002231,P001414,1,106.78,3.57,103.21
OD00006451,ORD0002231,P000245,2,38.88,2.6,75.16000000000001
OD00006452,ORD0002231,P001280,1,18.76,0.63,18.130000000000003
OD00006453,ORD0002231,P000327,2,46.13,3.08,89.18
OD00006454,ORD0002231,P001556,1,14.89,0.5,14.39
OD00006455,ORD0002231,P001229,2,24.83,1.66,48.0
OD00006456,ORD0002231,P000352,2,34.92,2.33,67.51
OD00006457,ORD0002232,P000056,1,30.5,8.24,22.26
OD00006458,ORD0002232,P000666,1,192.68,52.06,140.62
OD00006459,ORD0002232,P001580,1,92.93,25.11,67.82000000000001
OD00006460,ORD0002233,P000056,2,30.5,14.23,46.77
OD00006461,ORD0002233,P002090,1,17.34,4.05,13.29
OD00006462,ORD0002233,P000211,1,41.25,9.62,31.630000000000003
OD00006463,ORD0002233,P001471,4,43.22,40.33,132.55
OD00006464,ORD0002234,P001363,5,72.68,6.23,357.17
OD00006465,ORD0002234,P000128,1,12.89,0.22,12.67
OD00006466,ORD0002234,P001187,2,17.66,0.61,34.71
OD00006467,ORD0002234,P000556,2,62.45,2.14,122.76
OD00006468,ORD0002234,P000084,1,27.33,0.47,26.86
OD00006469,ORD0002234,P000229,2,34.48,1.18,67.77999999999999
OD00006470,ORD0002235,P000284,1,96.63,8.91,87.72
OD00006471,ORD0002235,P000911,2,47.39,8.73,86.05
OD00006472,ORD0002235,P000245,2,38.88,7.16,70.60000000000001
OD00006473,ORD0002236,P000418,2,174.49,44.67,304.31
OD00006474,ORD0002237,P000045,1,129.27,0.34,128.93
OD00006475,ORD0002237,P001815,2,15.67,0.08,31.26
OD00006476,ORD0002237,P000823,1,70.33,0.19,70.14
OD00006477,ORD0002238,P001906,1,36.23,9.52,26.71
OD00006478,ORD0002238,P001280,2,18.76,9.86,27.660000000000004
OD00006479,ORD0002238,P002254,1,103.73,27.27,76.46000000000001
OD00006480,ORD0002239,P000445,2,103.95,59.0,148.9
OD00006481,ORD0002239,P000202,3,18.76,15.97,40.31
OD00006482,ORD0002239,P001872,4,71.81,81.52,205.72000000000003
OD00006483,ORD0002240,P001895,2,102.57,67.62,137.51999999999998
OD00006484,ORD0002240,P000402,2,72.69,47.92,97.46
OD00006485,ORD0002241,P002241,1,527.58,49.39,478.19000000000005
OD00006486,ORD0002242,P001070,2,149.47,101.8,197.14
OD00006487,ORD0002243,P001497,2,101.53,50.85,152.21
OD00006488,ORD0002244,P000511,2,229.86,181.97,277.75
OD00006489,ORD0002245,P000445,3,103.95,78.34,233.51
OD00006490,ORD0002245,P001137,1,270.26,67.9,202.36
OD00006491,ORD0002245,P000776,2,107.67,54.1,161.24
OD00006492,ORD0002245,P000406,1,192.12,48.27,143.85
OD00006493,ORD0002245,P001597,1,40.7,10.23,30.47
OD00006494,ORD0002246,P001395,2,165.77,59.77,271.77
OD00006495,ORD0002246,P000305,4,14.68,10.59,48.13
OD00006496,ORD0002246,P001271,1,24.38,4.4,19.98
OD00006497,ORD0002247,P000660,1,131.25,25.97,105.28
OD00006498,ORD0002247,P002272,3,10.52,6.24,25.32
OD00006499,ORD0002247,P001234,1,80.29,15.89,64.4
OD00006500,ORD0002247,P000049,1,84.17,16.65,67.52000000000001
OD00006501,ORD0002248,P002035,3,46.48,9.43,130.01
OD00006502,ORD0002248,P001335,1,53.15,3.6,49.55
OD00006503,ORD0002248,P001143,2,14.52,1.97,27.07
OD00006504,ORD0002249,P001396,3,178.96,29.72,507.16
OD00006505,ORD0002249,P001577,1,94.02,5.21,88.81
OD00006506,ORD0002249,P000402,1,72.69,4.02,68.67
OD00006507,ORD0002249,P001495,1,56.01,3.1,52.91
OD00006508,ORD0002249,P001489,1,55.92,3.09,52.83
OD00006509,ORD0002249,P001817,2,27.04,2.99,51.09
OD00006510,ORD0002249,P000016,2,23.31,2.58,44.04
OD00006511,ORD0002249,P001535,1,11.59,0.64,10.95
OD00006512,ORD0002250,P001927,1,20.81,1.01,19.8
OD00006513,ORD0002250,P002104,1,54.06,2.64,51.42
OD00006514,ORD0002250,P001182,1,35.78,1.74,34.04
OD00006515,ORD0002250,P000355,2,125.67,12.26,239.08
OD00006516,ORD0002250,P001316,1,33.64,1.64,32.0
OD00006517,ORD0002250,P000156,1,31.75,1.55,30.2
OD00006518,ORD0002250,P000503,1,25.84,1.26,24.58
OD00006519,ORD0002250,P000357,1,69.45,3.39,66.06
OD00006520,ORD0002251,P000409,1,256.92,80.29,176.63
OD00006521,ORD0002251,P000276,1,149.8,46.82,102.98000000000002
OD00006522,ORD0002251,P002170,1,27.74,8.67,19.07
OD00006523,ORD0002251,P001113,1,20.44,6.39,14.05
OD00006524,ORD0002252,P000794,1,231.59,22.87,208.72
OD00006525,ORD0002252,P001489,2,55.92,11.05,100.79
OD00006526,ORD0002252,P000538,1,62.85,6.21,56.64
OD00006527,ORD0002252,P002230,1,60.22,5.95,54.27
OD00006528,ORD0002252,P001552,1,59.4,5.87,53.53
OD00006529,ORD0002252,P000348,1,29.35,2.9,26.450000000000003
OD00006530,ORD0002252,P000137,1,26.82,2.65,24.17
OD00006531,ORD0002252,P001113,1,20.44,2.02,18.42
OD00006532,ORD0002253,P000488,2,166.19,5.41,326.97
OD00006533,ORD0002253,P000108,3,34.08,1.66,100.58
OD00006534,ORD0002253,P000620,2,17.31,0.56,34.059999999999995
OD00006535,ORD0002253,P000983,2,32.85,1.07,64.63000000000001
OD00006536,ORD0002253,P001948,4,13.63,0.89,53.63
OD00006537,ORD0002253,P000419,2,15.4,0.5,30.3
OD00006538,ORD0002254,P000560,2,120.72,14.96,226.48
OD00006539,ORD0002255,P000278,2,274.7,73.97,475.43
OD00006540,ORD0002256,P001412,3,63.56,71.98,118.7
OD00006541,ORD0002257,P000337,2,284.23,17.2,551.26
OD00006542,ORD0002258,P002064,3,305.93,160.13,757.66
OD00006543,ORD0002259,P001508,3,11.84,8.23,27.29
OD00006544,ORD0002259,P000583,3,63.06,43.83,145.35000000000002
OD00006545,ORD0002260,P000077,3,83.89,0.56,251.11
OD00006546,ORD0002260,P001313,1,174.47,0.39,174.08
OD00006547,ORD0002260,P001731,3,72.87,0.49,218.12
OD00006548,ORD0002260,P002254,4,103.73,0.93,413.99
OD00006549,ORD0002260,P001745,1,14.53,0.03,14.5
OD00006550,ORD0002261,P000462,3,290.77,140.04,732.27
OD00006551,ORD0002261,P001184,2,129.74,41.66,217.82
OD00006552,ORD0002262,P000061,2,63.89,20.04,107.74
OD00006553,ORD0002262,P000727,1,318.04,49.87,268.17
OD00006554,ORD0002263,P002054,2,55.55,17.18,93.92
OD00006555,ORD0002263,P001060,2,25.83,7.99,43.67
OD00006556,ORD0002263,P000516,1,112.73,17.43,95.3
OD00006557,ORD0002263,P000836,3,62.14,28.83,157.59000000000003
OD00006558,ORD0002264,P001688,2,91.28,59.5,123.06
OD00006559,ORD0002264,P000037,2,27.44,17.88,37.0
OD00006560,ORD0002265,P000873,1,37.01,14.69,22.32
OD00006561,ORD0002265,P001462,1,251.4,99.75,151.65
OD00006562,ORD0002266,P000119,1,56.16,13.19,42.97
OD00006563,ORD0002266,P001620,1,77.49,18.2,59.28999999999999
OD00006564,ORD0002266,P001750,1,26.75,6.28,20.47
OD00006565,ORD0002266,P000135,1,90.09,21.16,68.93
OD00006566,ORD0002267,P001022,1,171.76,55.86,115.9
OD00006567,ORD0002268,P001139,2,97.73,16.34,179.12
OD00006568,ORD0002268,P000221,1,54.48,4.55,49.93
OD00006569,ORD0002268,P000227,1,18.23,1.52,16.71
OD00006570,ORD0002269,P000799,3,27.42,16.44,65.82000000000001
OD00006571,ORD0002269,P000392,2,80.47,32.17,128.76999999999998
OD00006572,ORD0002269,P002219,2,76.93,30.75,123.11
OD00006573,ORD0002270,P001779,1,231.19,37.11,194.08
OD00006574,ORD0002271,P002166,1,191.2,39.36,151.83999999999995
OD00006575,ORD0002271,P001134,1,136.36,28.07,108.29000000000002
OD00006576,ORD0002271,P000691,4,32.08,26.41,101.91
OD00006577,ORD0002271,P000093,4,80.65,66.4,256.20000000000005
OD00006578,ORD0002272,P001693,2,88.15,20.0,156.3
OD00006579,ORD0002272,P000088,1,73.63,8.36,65.27
OD00006580,ORD0002272,P000137,2,26.82,6.09,47.55
OD00006581,ORD0002273,P000780,2,16.91,5.94,27.88
OD00006582,ORD0002273,P000719,2,264.73,93.03,436.43000000000006
OD00006583,ORD0002274,P001861,1,229.92,52.82,177.1
OD00006584,ORD0002274,P001986,1,124.07,28.5,95.57
OD00006585,ORD0002275,P002106,2,229.38,122.89,335.87
OD00006586,ORD0002276,P000791,1,166.14,2.54,163.6
OD00006587,ORD0002277,P000666,1,192.68,49.08,143.60000000000002
OD00006588,ORD0002277,P001895,1,102.57,26.13,76.44
OD00006589,ORD0002278,P000025,1,34.17,9.72,24.450000000000003
OD00006590,ORD0002278,P000716,1,23.57,6.71,16.86
OD00006591,ORD0002278,P001577,3,94.02,80.27,201.79
OD00006592,ORD0002279,P002087,1,45.48,3.91,41.56999999999999
OD00006593,ORD0002279,P001639,3,29.54,7.62,81.0
OD00006594,ORD0002279,P000618,2,54.14,9.31,98.97
OD00006595,ORD0002280,P001641,1,21.64,2.35,19.29
OD00006596,ORD0002280,P001084,1,267.79,29.03,238.76
OD00006597,ORD0002280,P001461,2,34.97,7.58,62.36
OD00006598,ORD0002281,P000832,2,120.53,16.73,224.33
OD00006599,ORD0002281,P000025,1,34.17,2.37,31.8
OD00006600,ORD0002282,P002033,1,304.54,54.87,249.67
OD00006601,ORD0002283,P002238,2,41.56,11.59,71.53
OD00006602,ORD0002283,P000484,1,253.54,35.35,218.19
OD00006603,ORD0002284,P000102,1,179.48,31.13,148.35
OD00006604,ORD0002284,P001489,2,55.92,19.39,92.45
OD00006605,ORD0002284,P001936,2,48.11,16.68,79.53999999999999
OD00006606,ORD0002284,P000318,1,51.36,8.91,42.45
OD00006607,ORD0002284,P001941,1,25.45,4.41,21.04
OD00006608,ORD0002285,P001452,1,94.02,36.57,57.45
OD00006609,ORD0002285,P001337,1,56.03,21.79,34.24
OD00006610,ORD0002285,P000637,2,214.88,167.16,262.6
OD00006611,ORD0002286,P000437,2,137.05,7.02,267.08000000000004
OD00006612,ORD0002286,P001639,3,29.54,2.27,86.35000000000001
OD00006613,ORD0002286,P000232,1,131.72,3.37,128.35
OD00006614,ORD0002287,P001879,2,304.07,184.96,423.18
OD00006615,ORD0002288,P001752,3,125.14,109.72,265.7
OD00006616,ORD0002288,P002105,2,56.69,33.14,80.24
OD00006617,ORD0002288,P002120,3,35.16,30.83,74.64999999999999
OD00006618,ORD0002288,P000521,1,55.59,16.25,39.34
OD00006619,ORD0002289,P000945,2,76.62,26.52,126.72
OD00006620,ORD0002290,P000374,1,621.48,60.07,561.41
OD00006621,ORD0002290,P000466,1,579.47,56.0,523.47
OD00006622,ORD0002290,P000966,1,124.31,12.01,112.3
OD00006623,ORD0002291,P000131,2,26.69,14.67,38.71
OD00006624,ORD0002291,P000794,1,231.59,63.67,167.92000000000002
OD00006625,ORD0002292,P000513,4,77.34,89.45,219.91000000000005
OD00006626,ORD0002293,P000633,1,62.46,17.3,45.16
OD00006627,ORD0002293,P000096,1,133.26,36.91,96.35
OD00006628,ORD0002293,P001197,1,105.77,29.3,76.47
OD00006629,ORD0002294,P001744,1,657.66,150.43,507.23
OD00006630,ORD0002295,P000353,5,54.34,71.25,200.45
OD00006631,ORD0002295,P001938,1,227.11,59.57,167.54000000000002
OD00006632,ORD0002295,P000681,4,10.09,10.59,29.77
OD00006633,ORD0002295,P000705,2,12.44,6.53,18.35
OD00006634,ORD0002295,P001698,1,16.22,4.25,11.97
OD00006635,ORD0002296,P000021,2,61.51,4.23,118.79
OD00006636,ORD0002296,P001196,1,417.95,14.36,403.59
OD00006637,ORD0002297,P001911,1,263.33,71.45,191.88
OD00006638,ORD0002297,P001122,3,80.35,65.4,175.64999999999998
OD00006639,ORD0002298,P001250,3,130.3,101.6,289.30000000000007
OD00006640,ORD0002299,P001165,1,693.89,101.31,592.5799999999999
OD00006641,ORD0002300,P002281,1,130.31,12.82,117.49
OD00006642,ORD0002300,P001490,1,234.58,23.09,211.49
OD00006643,ORD0002301,P001067,1,202.98,22.97,180.01
OD00006644,ORD0002302,P000263,1,155.08,16.4,138.68
OD00006645,ORD0002302,P002270,1,52.07,5.51,46.56
OD00006646,ORD0002303,P001833,1,170.62,4.96,165.66
OD00006647,ORD0002304,P001623,4,137.6,165.68,384.72
OD00006648,ORD0002304,P002157,1,59.22,17.83,41.39
OD00006649,ORD0002304,P001711,3,14.26,12.88,29.9
OD00006650,ORD0002305,P000420,2,88.09,5.26,170.92000000000002
OD00006651,ORD0002306,P000413,4,27.54,41.98,68.18
OD00006652,ORD0002306,P001072,2,176.87,134.81,218.93
OD00006653,ORD0002307,P002035,2,46.48,15.9,77.05999999999999
OD00006654,ORD0002307,P000147,1,168.64,28.84,139.79999999999998
OD00006655,ORD0002307,P000705,2,12.44,4.25,20.63
OD00006656,ORD0002307,P001426,1,273.67,46.79,226.88
OD00006657,ORD0002308,P000936,1,153.5,57.32,96.18
OD00006658,ORD0002308,P001727,3,95.65,107.15,179.80000000000004
OD00006659,ORD0002308,P001190,2,146.81,109.65,183.97
OD00006660,ORD0002309,P001868,1,46.28,16.28,30.0
OD00006661,ORD0002309,P000933,1,78.76,27.71,51.05
OD00006662,ORD0002309,P000796,2,271.18,190.81,351.55
OD00006663,ORD0002310,P000311,5,75.93,141.73,237.92
OD00006664,ORD0002310,P002010,5,58.56,109.32,183.48
OD00006665,ORD0002310,P000556,2,62.45,46.63,78.27000000000001
OD00006666,ORD0002310,P002007,1,53.53,19.99,33.540000000000006
OD00006667,ORD0002310,P000398,1,31.28,11.68,19.6
OD00006668,ORD0002311,P001133,3,112.09,8.63,327.64
OD00006669,ORD0002311,P001583,1,143.23,3.68,139.54999999999998
OD00006670,ORD0002312,P001187,2,17.66,0.59,34.73
OD00006671,ORD0002312,P001006,3,73.59,3.66,217.11
OD00006672,ORD0002312,P001272,1,371.53,6.16,365.37
OD00006673,ORD0002312,P001103,2,149.37,4.96,293.78000000000003
OD00006674,ORD0002313,P000307,1,1018.08,358.29,659.79
OD00006675,ORD0002314,P001079,1,32.97,9.02,23.95
OD00006676,ORD0002314,P001861,3,229.92,188.67,501.09
OD00006677,ORD0002315,P001396,2,178.96,7.53,350.39000000000004
OD00006678,ORD0002315,P000227,1,18.23,0.38,17.85
OD00006679,ORD0002316,P002283,4,121.08,50.22,434.1
OD00006680,ORD0002316,P000368,2,166.03,34.44,297.62
OD00006681,ORD0002317,P001029,2,181.19,144.32,218.06
OD00006682,ORD0002318,P001167,2,25.09,10.52,39.66
OD00006683,ORD0002318,P002038,1,181.16,37.96,143.2
OD00006684,ORD0002318,P000667,1,123.52,25.88,97.64
OD00006685,ORD0002319,P000532,1,262.86,81.72,181.14
OD00006686,ORD0002319,P001879,1,304.07,94.53,209.54
OD00006687,ORD0002320,P001741,2,175.8,37.82,313.78000000000003
OD00006688,ORD0002320,P000044,4,27.32,11.75,97.53
OD00006689,ORD0002321,P000484,1,253.54,2.98,250.56
OD00006690,ORD0002321,P001017,1,81.8,0.96,80.84
OD00006691,ORD0002321,P000086,1,47.24,0.55,46.690000000000005
OD00006692,ORD0002322,P000510,1,584.04,36.53,547.51
OD00006693,ORD0002323,P001083,4,96.04,17.39,366.77
OD00006694,ORD0002323,P000884,1,217.27,9.83,207.44
OD00006695,ORD0002323,P000160,1,79.22,3.58,75.64
OD00006696,ORD0002324,P000337,2,284.23,193.57,374.89
OD00006697,ORD0002325,P000815,1,172.54,45.08,127.46
OD00006698,ORD0002326,P001977,2,89.18,9.49,168.87
OD00006699,ORD0002326,P000133,1,49.91,2.66,47.25
OD00006700,ORD0002326,P000161,2,22.03,2.35,41.71
OD00006701,ORD0002326,P001644,1,29.68,1.58,28.1
OD00006702,ORD0002326,P001678,1,26.35,1.4,24.950000000000003
OD00006703,ORD0002326,P000336,1,18.17,0.97,17.200000000000003
OD00006704,ORD0002327,P002225,1,36.17,10.22,25.950000000000003
OD00006705,ORD0002327,P001038,2,93.74,52.97,134.51
OD00006706,ORD0002327,P001472,1,96.79,27.35,69.44
OD00006707,ORD0002328,P000359,3,108.86,21.7,304.88
OD00006708,ORD0002328,P000924,1,23.55,1.57,21.98
OD00006709,ORD0002329,P001138,3,127.17,150.54,230.97
OD00006710,ORD0002330,P001413,2,101.76,42.1,161.42000000000002
OD00006711,ORD0002331,P001176,2,136.96,50.24,223.68
OD00006712,ORD0002332,P001155,4,25.94,7.06,96.7
OD00006713,ORD0002332,P000211,2,41.25,5.61,76.89
OD00006714,ORD0002332,P001597,2,40.7,5.53,75.87
OD00006715,ORD0002332,P000287,1,57.38,3.9,53.48
OD00006716,ORD0002332,P001271,1,24.38,1.66,22.72
OD00006717,ORD0002332,P000628,1,26.49,1.8,24.69
OD00006718,ORD0002333,P000068,1,218.79,7.39,211.4
OD00006719,ORD0002333,P001347,1,32.08,1.08,31.0
OD00006720,ORD0002334,P000029,1,181.85,7.59,174.26
OD00006721,ORD0002335,P001090,1,37.11,8.12,28.99
OD00006722,ORD0002335,P001498,1,417.31,91.27,326.04
OD00006723,ORD0002336,P000898,2,282.83,82.54,483.12
OD00006724,ORD0002337,P001812,1,246.79,43.45,203.34
OD00006725,ORD0002337,P000616,1,146.91,25.86,121.05
OD00006726,ORD0002338,P000573,3,117.69,135.14,217.93
OD00006727,ORD0002339,P000190,1,181.94,45.62,136.32
OD00006728,ORD0002339,P000809,1,64.95,16.29,48.66
OD00006729,ORD0002340,P002118,2,204.18,45.34,363.02
OD00006730,ORD0002340,P002038,1,181.16,20.12,161.04
OD00006731,ORD0002340,P000368,1,166.03,18.44,147.59
OD00006732,ORD0002340,P001658,2,74.82,16.62,133.01999999999998
OD00006733,ORD0002340,P002189,1,56.28,6.25,50.03
OD00006734,ORD0002340,P000086,1,47.24,5.25,41.99
OD00006735,ORD0002341,P001933,1,124.66,48.43,76.23
OD00006736,ORD0002341,P001489,2,55.92,43.44,68.4
OD00006737,ORD0002341,P001333,2,17.79,13.82,21.76
OD00006738,ORD0002341,P000236,1,11.77,4.57,7.199999999999999
OD00006739,ORD0002342,P000194,1,215.99,51.47,164.52
OD00006740,ORD0002342,P002265,1,269.19,64.14,205.05
OD00006741,ORD0002343,P001216,1,101.43,35.05,66.38000000000001
OD00006742,ORD0002343,P000156,1,31.75,10.97,20.78
OD00006743,ORD0002343,P001941,3,25.45,26.38,49.97
OD00006744,ORD0002344,P000849,1,34.74,4.93,29.81
OD00006745,ORD0002344,P000760,2,45.21,12.84,77.58
OD00006746,ORD0002344,P000386,1,56.52,8.03,48.49
OD00006747,ORD0002344,P001245,1,67.57,9.6,57.96999999999999
OD00006748,ORD0002345,P001429,4,24.69,35.4,63.36000000000001
OD00006749,ORD0002345,P001210,2,36.08,25.86,46.3
OD00006750,ORD0002345,P001644,2,29.68,21.27,38.09
OD00006751,ORD0002345,P000838,1,37.63,13.49,24.14
OD00006752,ORD0002345,P000855,3,103.72,111.52,199.64
OD00006753,ORD0002346,P001092,1,192.6,49.4,143.2
OD00006754,ORD0002346,P002248,2,10.98,5.63,16.330000000000002
OD00006755,ORD0002346,P001786,1,9.96,2.55,7.410000000000001
OD00006756,ORD0002347,P001614,1,63.28,7.31,55.97
OD00006757,ORD0002347,P002198,1,210.81,24.35,186.46
OD00006758,ORD0002348,P001228,2,43.01,17.12,68.89999999999999
OD00006759,ORD0002348,P001104,1,53.21,10.59,42.620000000000005
OD00006760,ORD0002348,P000374,1,621.48,123.69,497.79
OD00006761,ORD0002349,P000641,1,359.55,29.89,329.66
OD00006762,ORD0002349,P000079,1,209.16,17.38,191.78
OD00006763,ORD0002349,P000421,2,51.63,8.59,94.67
OD00006764,ORD0002349,P001868,2,46.28,7.7,84.86
OD00006765,ORD0002349,P000496,2,36.73,6.11,67.35
OD00006766,ORD0002349,P000486,1,60.44,5.03,55.41
OD00006767,ORD0002349,P000911,1,47.39,3.94,43.45
OD00006768,ORD0002349,P000433,1,37.77,3.14,34.63
OD00006769,ORD0002349,P000752,1,34.14,2.84,31.3
OD00006770,ORD0002349,P001871,1,26.17,2.18,23.99
OD00006771,ORD0002350,P000936,1,153.5,23.82,129.68
OD00006772,ORD0002350,P001571,1,62.69,9.73,52.96
OD00006773,ORD0002350,P001036,1,177.19,27.5,149.69
OD00006774,ORD0002351,P002269,1,46.24,3.78,42.46
OD00006775,ORD0002351,P000226,1,41.66,3.41,38.25
OD00006776,ORD0002351,P002258,2,182.7,29.89,335.51
OD00006777,ORD0002351,P000082,1,153.12,12.52,140.6
OD00006778,ORD0002352,P001942,1,53.76,20.52,33.239999999999995
OD00006779,ORD0002352,P001269,2,53.92,41.16,66.68
OD00006780,ORD0002352,P000977,1,278.98,106.49,172.49
OD00006781,ORD0002353,P000105,2,198.95,73.91,323.99
OD00006782,ORD0002354,P000820,2,20.24,10.15,30.33
OD00006783,ORD0002354,P002264,3,156.26,117.56,351.22
OD00006784,ORD0002355,P002028,1,374.55,117.92,256.63
OD00006785,ORD0002355,P000089,2,81.83,51.53,112.13
OD00006786,ORD0002355,P001268,5,23.96,37.72,82.08000000000001
OD00006787,ORD0002355,P001399,1,24.96,7.86,17.1
OD00006788,ORD0002356,P000408,3,227.81,151.22,532.21
OD00006789,ORD0002357,P000742,2,134.0,37.99,230.01
OD00006790,ORD0002357,P000593,4,47.37,26.85,162.63
OD00006791,ORD0002357,P000050,1,93.0,13.18,79.82
OD00006792,ORD0002357,P000327,2,46.13,13.07,79.19
OD00006793,ORD0002357,P001521,1,80.03,11.34,68.69
OD00006794,ORD0002357,P001550,1,36.92,5.23,31.69
OD00006795,ORD0002357,P001185,1,32.31,4.58,27.730000000000004
OD00006796,ORD0002358,P001138,4,127.17,70.44,438.24
OD00006797,ORD0002358,P000513,2,77.34,21.42,133.26
OD00006798,ORD0002359,P000317,2,539.88,258.51,821.25
OD00006799,ORD0002359,P000654,1,293.47,70.26,223.21000000000004
OD00006800,ORD0002359,P001670,2,511.22,244.78,777.6600000000001
OD00006801,ORD0002360,P001065,1,71.66,26.72,44.94
OD00006802,ORD0002360,P001440,4,143.19,213.6,359.16
OD00006803,ORD0002361,P001383,1,75.19,22.56,52.63
OD00006804,ORD0002361,P001674,1,50.34,15.11,35.230000000000004
OD00006805,ORD0002361,P001790,1,36.35,10.91,25.44
OD00006806,ORD0002361,P000785,1,120.71,36.22,84.49
OD00006807,ORD0002362,P000897,5,89.11,168.28,277.27
OD00006808,ORD0002362,P001506,1,235.83,89.08,146.75
OD00006809,ORD0002362,P001760,1,206.76,78.1,128.66
OD00006810,ORD0002362,P001232,1,93.42,35.29,58.13
OD00006811,ORD0002362,P001924,1,35.3,13.33,21.97
OD00006812,ORD0002362,P001745,1,14.53,5.49,9.04
OD00006813,ORD0002362,P000577,1,12.6,4.76,7.84
OD00006814,ORD0002363,P002291,5,45.16,61.8,164.0
OD00006815,ORD0002363,P000837,4,62.11,67.99,180.45
OD00006816,ORD0002364,P002108,1,469.76,176.7,293.06
OD00006817,ORD0002364,P000884,1,217.27,81.72,135.55
OD00006818,ORD0002364,P001618,2,35.99,27.07,44.91
OD00006819,ORD0002364,P000275,2,32.72,24.61,40.83
OD00006820,ORD0002364,P001042,1,55.74,20.97,34.77
OD00006821,ORD0002364,P001703,1,35.31,13.28,22.03
OD00006822,ORD0002364,P002126,1,34.09,12.82,21.270000000000003
OD00006823,ORD0002364,P000071,1,26.45,9.95,16.5
OD00006824,ORD0002364,P001391,1,25.99,9.78,16.21
OD00006825,ORD0002364,P000397,1,25.56,9.61,15.95
OD00006826,ORD0002365,P000106,1,41.55,15.66,25.89
OD00006827,ORD0002365,P001939,1,494.97,186.53,308.44000000000005
OD00006828,ORD0002366,P001899,1,159.99,6.46,153.53
OD00006829,ORD0002367,P001354,1,33.96,7.61,26.35
OD00006830,ORD0002367,P001758,1,85.06,19.05,66.01
OD00006831,ORD0002367,P000711,1,149.61,33.51,116.10000000000002
OD00006832,ORD0002368,P001075,4,114.98,92.74,367.18
OD00006833,ORD0002368,P000743,1,36.09,7.28,28.81
OD00006834,ORD0002368,P000192,1,264.18,53.27,210.91
OD00006835,ORD0002369,P000676,5,347.96,437.43,1302.37
OD00006836,ORD0002370,P001482,1,779.64,268.15,511.49
OD00006837,ORD0002371,P001163,3,146.38,47.64,391.5
OD00006838,ORD0002372,P001543,2,77.18,24.48,129.88
OD00006839,ORD0002372,P001411,1,92.44,14.67,77.77
OD00006840,ORD0002372,P001712,3,12.66,6.03,31.950000000000003
OD00006841,ORD0002373,P000417,2,217.17,56.33,378.01
OD00006842,ORD0002374,P000836,3,62.14,10.33,176.09
OD00006843,ORD0002374,P001054,1,301.78,16.73,285.04999999999995
OD00006844,ORD0002375,P001577,2,94.02,65.81,122.23
OD00006845,ORD0002375,P000776,3,107.67,113.06,209.95
OD00006846,ORD0002376,P000428,1,228.69,29.58,199.11
OD00006847,ORD0002376,P001997,1,71.56,9.26,62.3
OD00006848,ORD0002377,P001065,1,71.66,24.46,47.2
OD00006849,ORD0002377,P001490,5,234.58,400.3,772.6000000000001
OD00006850,ORD0002378,P001246,1,273.95,24.89,249.06
OD00006851,ORD0002378,P000123,3,24.56,6.69,66.99
OD00006852,ORD0002378,P001797,1,49.48,4.49,44.99
OD00006853,ORD0002379,P000238,1,522.55,174.69,347.86
OD00006854,ORD0002380,P000637,2,214.88,132.28,297.48
OD00006855,ORD0002381,P001055,2,88.47,6.04,170.9
OD00006856,ORD0002381,P001612,1,235.62,8.05,227.57
OD00006857,ORD0002382,P001189,1,689.31,190.47,498.8399999999999
OD00006858,ORD0002383,P000525,5,60.39,101.13,200.82
OD00006859,ORD0002383,P001812,2,246.79,165.3,328.28
OD00006860,ORD0002384,P002119,1,644.74,114.64,530.1
OD00006861,ORD0002384,P000590,2,92.56,32.91,152.21
OD00006862,ORD0002384,P001357,1,80.51,14.31,66.2
OD00006863,ORD0002385,P001484,1,10.32,2.7,7.62
OD00006864,ORD0002385,P000618,4,54.14,56.64,159.92000000000002
OD00006865,ORD0002386,P001475,1,33.19,10.22,22.97
OD00006866,ORD0002386,P001782,1,130.23,40.12,90.11
OD00006867,ORD0002386,P001709,1,10.37,3.19,7.18
OD00006868,ORD0002386,P000214,1,27.03,8.33,18.700000000000003
OD00006869,ORD0002386,P001534,2,60.76,37.44,84.08
OD00006870,ORD0002387,P002200,1,174.65,39.19,135.46
OD00006871,ORD0002388,P000835,1,497.65,172.31,325.34
OD00006872,ORD0002389,P001960,1,25.15,9.56,15.589999999999998
OD00006873,ORD0002389,P000706,1,81.55,30.99,50.56
OD00006874,ORD0002389,P001679,1,10.6,4.03,6.569999999999999
OD00006875,ORD0002389,P000980,1,22.11,8.4,13.71
OD00006876,ORD0002389,P001544,2,329.68,250.56,408.8
OD00006877,ORD0002390,P002148,1,54.09,3.14,50.95
OD00006878,ORD0002390,P001571,1,62.69,3.64,59.05
OD00006879,ORD0002391,P001240,1,165.0,43.15,121.85
OD00006880,ORD0002391,P001440,2,143.19,74.9,211.48
OD00006881,ORD0002392,P000236,1,11.77,0.4,11.37
OD00006882,ORD0002392,P000504,1,92.02,3.12,88.89999999999999
OD00006883,ORD0002392,P001530,3,11.59,1.18,33.59
OD00006884,ORD0002392,P000261,1,55.22,1.87,53.35
OD00006885,ORD0002392,P001673,1,108.09,3.67,104.42
OD00006886,ORD0002392,P000591,1,54.09,1.84,52.25
OD00006887,ORD0002393,P000327,1,46.13,14.01,32.120000000000005
OD00006888,ORD0002393,P001799,3,9.41,8.57,19.66
OD00006889,ORD0002393,P000990,1,275.76,83.74,192.02
OD00006890,ORD0002393,P001139,3,97.73,89.04,204.15
OD00006891,ORD0002394,P000050,2,93.0,48.01,137.99
OD00006892,ORD0002394,P000351,3,12.41,9.61,27.620000000000005
OD00006893,ORD0002394,P000511,2,229.86,118.65,341.07000000000005
OD00006894,ORD0002395,P001995,1,107.98,26.48,81.5
OD00006895,ORD0002395,P001701,1,27.44,6.73,20.71
OD00006896,ORD0002395,P001948,2,13.63,6.68,20.58
OD00006897,ORD0002395,P000355,1,125.67,30.82,94.85
OD00006898,ORD0002396,P001864,3,34.94,30.1,74.72
OD00006899,ORD0002396,P001752,1,125.14,35.93,89.21000000000001
OD00006900,ORD0002396,P000395,2,290.19,166.64,413.74
OD00006901,ORD0002396,P001827,2,250.37,143.78,356.96000000000004
OD00006902,ORD0002397,P001637,1,273.94,13.06,260.88
OD00006903,ORD0002398,P000078,2,14.74,4.96,24.52
OD00006904,ORD0002398,P000245,3,38.88,19.64,97.0
OD00006905,ORD0002398,P000121,1,106.27,17.89,88.38
OD00006906,ORD0002399,P000564,5,30.78,58.93,94.97
OD00006907,ORD0002399,P000163,2,328.1,251.25,404.9500000000001
OD00006908,ORD0002400,P000724,1,31.8,0.81,30.99
OD00006909,ORD0002400,P001920,1,81.36,2.07,79.29
OD00006910,ORD0002400,P000291,1,99.03,2.52,96.51
OD00006911,ORD0002400,P000689,2,52.69,2.69,102.69
OD00006912,ORD0002400,P001644,1,29.68,0.76,28.92
OD00006913,ORD0002400,P001375,1,196.3,5.0,191.3
OD00006914,ORD0002400,P001585,1,43.17,1.1,42.07
OD00006915,ORD0002401,P002212,3,117.88,104.96,248.68
OD00006916,ORD0002401,P001850,2,77.03,45.73,108.33
OD00006917,ORD0002401,P001868,1,46.28,13.74,32.54
OD00006918,ORD0002401,P001113,1,20.44,6.07,14.37
OD00006919,ORD0002402,P001970,2,163.58,23.96,303.2
OD00006920,ORD0002402,P000915,5,38.66,14.15,179.14999999999998
OD00006921,ORD0002402,P000874,1,107.67,7.88,99.79
OD00006922,ORD0002403,P000672,3,173.06,147.82,371.36
OD00006923,ORD0002403,P001980,1,119.71,34.09,85.61999999999999
OD00006924,ORD0002403,P000893,1,31.64,9.01,22.630000000000003
OD00006925,ORD0002404,P000346,1,28.74,4.0,24.74
OD00006926,ORD0002404,P001378,2,243.77,67.79,419.75
OD00006927,ORD0002404,P002110,1,27.11,3.77,23.34
OD00006928,ORD0002404,P001226,1,26.77,3.72,23.05
OD00006929,ORD0002404,P000590,2,92.56,25.74,159.38
OD00006930,ORD0002405,P000939,4,37.85,13.65,137.75
OD00006931,ORD0002405,P000086,1,47.24,4.26,42.98
OD00006932,ORD0002405,P001335,1,53.15,4.79,48.36
OD00006933,ORD0002406,P000893,1,31.64,4.49,27.15
OD00006934,ORD0002406,P000875,1,54.34,7.72,46.620000000000005
OD00006935,ORD0002406,P000378,2,117.05,33.24,200.86
OD00006936,ORD0002407,P001674,1,50.34,19.3,31.040000000000003
OD00006937,ORD0002407,P002072,1,15.9,6.1,9.8
OD00006938,ORD0002407,P000666,1,192.68,73.88,118.8
OD00006939,ORD0002407,P000329,2,190.35,145.98,234.72
OD00006940,ORD0002408,P001339,1,25.13,9.59,15.54
OD00006941,ORD0002408,P000743,1,36.09,13.77,22.320000000000004
OD00006942,ORD0002408,P000496,2,36.73,28.04,45.42
OD00006943,ORD0002408,P000960,1,51.53,19.67,31.86
OD00006944,ORD0002408,P001195,1,41.06,15.67,25.39
OD00006945,ORD0002408,P001317,1,205.22,78.32,126.9
OD00006946,ORD0002409,P002138,1,396.22,101.95,294.27
OD00006947,ORD0002409,P001531,2,112.69,58.0,167.38
OD00006948,ORD0002409,P000190,1,181.94,46.82,135.12
OD00006949,ORD0002410,P001600,1,55.69,7.14,48.55
OD00006950,ORD0002410,P000481,1,113.87,14.61,99.26
OD00006951,ORD0002410,P001381,1,78.93,10.13,68.80000000000001
OD00006952,ORD0002411,P000166,1,180.89,58.61,122.28
OD00006953,ORD0002411,P000699,1,62.43,20.22,42.21
OD00006954,ORD0002411,P000097,1,54.28,17.58,36.7
OD00006955,ORD0002411,P000885,1,22.42,7.26,15.160000000000002
OD00006956,ORD0002412,P002188,2,234.61,76.27,392.9500000000001
OD00006957,ORD0002413,P001036,2,177.19,74.83,279.55
OD00006958,ORD0002414,P002208,1,632.94,237.06,395.88000000000005
OD00006959,ORD0002415,P001768,1,190.53,39.95,150.57999999999998
OD00006960,ORD0002415,P001469,1,24.39,5.11,19.28
OD00006961,ORD0002415,P000193,1,67.16,14.08,53.08
OD00006962,ORD0002416,P000829,1,80.11,22.55,57.56
OD00006963,ORD0002416,P001029,2,181.19,102.0,260.38
OD00006964,ORD0002416,P001085,4,167.59,188.69,481.67
OD00006965,ORD0002417,P000190,1,181.94,26.39,155.55
OD00006966,ORD0002417,P002238,2,41.56,12.05,71.07000000000001
OD00006967,ORD0002417,P002136,1,55.3,8.02,47.28
OD00006968,ORD0002417,P002095,2,13.01,3.77,22.25
OD00006969,ORD0002418,P001131,1,54.3,1.86,52.44
OD00006970,ORD0002418,P000783,1,37.54,1.28,36.26
OD00006971,ORD0002418,P000133,3,49.91,5.12,144.61
OD00006972,ORD0002419,P001202,3,133.98,131.22,270.7199999999999
OD00006973,ORD0002420,P001412,1,63.56,19.69,43.870000000000005
OD00006974,ORD0002420,P001026,1,95.3,29.52,65.78
OD00006975,ORD0002420,P000816,2,131.34,81.36,181.32
OD00006976,ORD0002421,P000306,1,144.25,11.94,132.31
OD00006977,ORD0002421,P001949,3,38.91,9.65,107.07999999999998
OD00006978,ORD0002421,P002202,1,115.23,9.53,105.7
OD00006979,ORD0002421,P001276,1,48.28,3.99,44.29
OD00006980,ORD0002421,P002055,1,26.6,2.2,24.4
OD00006981,ORD0002422,P000420,3,88.09,79.5,184.77
OD00006982,ORD0002422,P000932,1,135.01,40.61,94.4
OD00006983,ORD0002422,P000078,1,14.74,4.43,10.31
OD00006984,ORD0002423,P002211,2,55.86,14.07,97.65
OD00006985,ORD0002423,P001714,4,67.48,33.99,235.93
OD00006986,ORD0002424,P000359,4,108.86,43.06,392.38
OD00006987,ORD0002424,P001202,1,133.98,13.24,120.74
OD00006988,ORD0002424,P002046,1,105.02,10.38,94.64
OD00006989,ORD0002424,P001871,2,26.17,5.17,47.17
OD00006990,ORD0002424,P001813,1,40.8,4.03,36.77
OD00006991,ORD0002425,P001310,2,107.16,64.29,150.02999999999997
OD00006992,ORD0002426,P000089,1,81.83,10.36,71.47
OD00006993,ORD0002426,P001286,1,23.89,3.03,20.86
OD00006994,ORD0002426,P001902,2,107.96,27.35,188.57
OD00006995,ORD0002427,P001412,4,63.56,34.16,220.08
OD00006996,ORD0002428,P001175,1,299.09,79.19,219.9
OD00006997,ORD0002429,P000984,1,138.74,29.03,109.71
OD00006998,ORD0002429,P001398,3,143.49,90.06,340.41
OD00006999,ORD0002430,P001217,3,121.07,19.71,343.5
OD00007000,ORD0002431,P001392,1,201.47,12.01,189.46
OD00007001,ORD0002431,P000945,1,76.62,4.56,72.06
OD00007002,ORD0002431,P001775,1,51.2,3.05,48.150000000000006
OD00007003,ORD0002431,P001978,4,11.81,2.81,44.43
OD00007004,ORD0002431,P001400,1,44.33,2.64,41.69
OD00007005,ORD0002432,P002203,3,16.62,13.34,36.52
OD00007006,ORD0002432,P002226,1,24.51,6.56,17.950000000000003
OD00007007,ORD0002432,P001735,2,375.06,200.7,549.4200000000001
OD00007008,ORD0002433,P001813,1,40.8,2.1,38.7
OD00007009,ORD0002433,P001682,1,32.8,1.69,31.11
OD00007010,ORD0002433,P000071,1,26.45,1.36,25.09
OD00007011,ORD0002433,P000679,1,159.04,8.19,150.85
OD00007012,ORD0002434,P002084,1,777.4,121.75,655.65
OD00007013,ORD0002435,P000394,1,26.03,8.45,17.580000000000002
OD00007014,ORD0002435,P001023,2,44.08,28.62,59.53999999999999
OD00007015,ORD0002435,P001541,3,177.11,172.47,358.86
OD00007016,ORD0002436,P000574,3,111.89,35.84,299.83000000000004
OD00007017,ORD0002436,P000678,2,55.49,11.85,99.13
OD00007018,ORD0002437,P000899,1,88.16,9.79,78.37
OD00007019,ORD0002437,P000390,1,308.31,34.22,274.09000000000003
OD00007020,ORD0002438,P000479,2,91.73,22.6,160.86
OD00007021,ORD0002438,P001147,1,73.39,9.04,64.35
OD00007022,ORD0002439,P001879,1,304.07,111.39,192.68
OD00007023,ORD0002440,P001703,1,35.31,2.08,33.230000000000004
OD00007024,ORD0002440,P001069,1,191.91,11.28,180.63
OD00007025,ORD0002441,P002159,1,87.57,31.96,55.60999999999999
OD00007026,ORD0002441,P001615,1,306.44,111.83,194.61
OD00007027,ORD0002442,P001793,2,84.04,2.98,165.1
OD00007028,ORD0002442,P001232,1,93.42,1.65,91.77
OD00007029,ORD0002442,P000135,1,90.09,1.59,88.5
OD00007030,ORD0002442,P002313,1,64.37,1.14,63.23
OD00007031,ORD0002442,P000678,1,55.49,0.98,54.510000000000005
OD00007032,ORD0002442,P002242,2,26.65,0.94,52.36
OD00007033,ORD0002442,P000211,1,41.25,0.73,40.52
OD00007034,ORD0002442,P000062,1,11.76,0.21,11.55
OD00007035,ORD0002443,P001265,1,55.04,19.5,35.54
OD00007036,ORD0002443,P001614,1,63.28,22.42,40.86
OD00007037,ORD0002443,P000257,2,35.24,24.97,45.510000000000005
OD00007038,ORD0002443,P001346,1,93.79,33.22,60.57000000000001
OD00007039,ORD0002443,P000902,2,128.97,91.37,166.57
OD00007040,ORD0002444,P000696,1,273.59,103.73,169.85999999999996
OD00007041,ORD0002444,P000898,1,282.83,107.23,175.59999999999997
OD00007042,ORD0002445,P000539,2,107.64,67.97,147.31
OD00007043,ORD0002445,P000457,1,134.83,42.56,92.27
OD00007044,ORD0002445,P000975,1,18.64,5.88,12.760000000000002
OD00007045,ORD0002446,P002056,3,328.3,336.81,648.0900000000001
OD00007046,ORD0002447,P001210,4,36.08,21.68,122.64
OD00007047,ORD0002447,P002243,1,540.25,81.14,459.11
OD00007048,ORD0002448,P001695,1,34.34,8.97,25.370000000000005
OD00007049,ORD0002448,P000311,3,75.93,59.53,168.26000000000002
OD00007050,ORD0002448,P000983,3,32.85,25.75,72.80000000000001
OD00007051,ORD0002448,P001048,2,203.97,106.61,301.33
OD00007052,ORD0002449,P001752,1,125.14,28.66,96.48
OD00007053,ORD0002449,P002129,1,224.25,51.35,172.9
OD00007054,ORD0002450,P001936,1,48.11,8.28,39.83
OD00007055,ORD0002450,P000083,1,225.25,38.78,186.47
OD00007056,ORD0002451,P001331,1,189.56,41.63,147.93
OD00007057,ORD0002451,P001860,2,291.13,127.89,454.37
OD00007058,ORD0002452,P000511,1,229.86,4.26,225.6
OD00007059,ORD0002453,P001564,1,721.51,215.64,505.87
OD00007060,ORD0002454,P001490,1,234.58,88.33,146.25
OD00007061,ORD0002454,P000200,1,154.38,58.14,96.24
OD00007062,ORD0002454,P001539,1,27.42,10.33,17.090000000000003
OD00007063,ORD0002455,P000707,3,164.34,185.77,307.25
OD00007064,ORD0002456,P000352,1,34.92,1.12,33.800000000000004
OD00007065,ORD0002456,P002267,1,327.63,10.48,317.15
OD00007066,ORD0002457,P000511,2,229.86,18.6,441.12
OD00007067,ORD0002457,P000665,1,57.5,2.33,55.17
OD00007068,ORD0002457,P001970,2,163.58,13.24,313.92
OD00007069,ORD0002458,P001703,1,35.31,3.17,32.14
OD00007070,ORD0002458,P002258,2,182.7,32.85,332.54999999999995
OD00007071,ORD0002459,P002139,1,138.5,6.07,132.43
OD00007072,ORD0002459,P001307,3,114.0,14.99,327.01
OD00007073,ORD0002459,P000224,3,111.14,14.61,318.81
OD00007074,ORD0002459,P001547,1,41.35,1.81,39.54
OD00007075,ORD0002460,P000443,1,228.38,35.76,192.62
OD00007076,ORD0002460,P000608,1,84.5,13.23,71.27
OD00007077,ORD0002461,P000712,2,258.86,56.03,461.69000000000005
OD00007078,ORD0002462,P000408,1,227.81,59.52,168.29
OD00007079,ORD0002462,P000266,1,117.86,30.8,87.06
OD00007080,ORD0002463,P000534,1,61.01,14.07,46.94
OD00007081,ORD0002463,P000173,1,25.33,5.84,19.49
OD00007082,ORD0002463,P000657,1,35.83,8.26,27.57
OD00007083,ORD0002463,P001658,1,74.82,17.26,57.55999999999999
OD00007084,ORD0002464,P002255,2,95.08,29.36,160.8
OD00007085,ORD0002464,P002049,1,375.99,58.05,317.94
OD00007086,ORD0002465,P000833,1,71.31,0.77,70.54
OD00007087,ORD0002465,P001927,1,20.81,0.22,20.59
OD00007088,ORD0002465,P000751,2,74.98,1.61,148.35
OD00007089,ORD0002465,P002230,1,60.22,0.65,59.57
OD00007090,ORD0002465,P001351,3,83.98,2.71,249.23
OD00007091,ORD0002465,P002212,1,117.88,1.27,116.61
OD00007092,ORD0002465,P001574,1,40.16,0.43,39.73
OD00007093,ORD0002465,P000956,1,184.95,1.99,182.96
OD00007094,ORD0002465,P000991,1,51.61,0.55,51.06
OD00007095,ORD0002465,P000724,1,31.8,0.34,31.46
OD00007096,ORD0002466,P001420,1,82.13,14.08,68.05
OD00007097,ORD0002466,P001161,1,72.63,12.45,60.17999999999999
OD00007098,ORD0002466,P001014,2,36.97,12.67,61.27
OD00007099,ORD0002466,P001639,2,29.54,10.13,48.95
OD00007100,ORD0002466,P000032,1,23.28,3.99,19.29
OD00007101,ORD0002466,P002287,2,39.93,13.69,66.17
OD00007102,ORD0002466,P000297,3,43.52,22.38,108.18
OD00007103,ORD0002466,P001913,1,57.64,9.88,47.76
OD00007104,ORD0002466,P001898,2,168.29,57.69,278.89
OD00007105,ORD0002466,P001358,1,33.33,5.71,27.62
OD00007106,ORD0002466,P001900,2,186.85,64.05,309.65
OD00007107,ORD0002467,P001295,2,9.47,2.56,16.380000000000003
OD00007108,ORD0002467,P000465,1,117.81,15.93,101.88
OD00007109,ORD0002467,P002047,5,12.61,8.53,54.52
OD00007110,ORD0002467,P001799,2,9.41,2.55,16.27
OD00007111,ORD0002467,P000576,1,271.35,36.7,234.65000000000003
OD00007112,ORD0002468,P001867,3,333.88,268.95,732.69
OD00007113,ORD0002469,P000515,1,95.92,37.57,58.35
OD00007114,ORD0002469,P000878,1,57.91,22.68,35.23
OD00007115,ORD0002469,P001740,1,494.57,193.72,300.85
OD00007116,ORD0002470,P001221,2,388.41,137.87,638.95
OD00007117,ORD0002471,P001614,2,63.28,35.69,90.87
OD00007118,ORD0002471,P000397,1,25.56,7.21,18.35
OD00007119,ORD0002471,P000851,2,109.02,61.48,156.56
OD00007120,ORD0002471,P000522,1,192.51,54.28,138.23
OD00007121,ORD0002471,P002259,1,224.79,63.38,161.41
OD00007122,ORD0002472,P000243,1,241.12,54.98,186.14
OD00007123,ORD0002472,P000857,1,100.98,23.03,77.95
OD00007124,ORD0002473,P002304,1,105.42,39.89,65.53
OD00007125,ORD0002473,P002139,2,138.5,104.81,172.19
OD00007126,ORD0002474,P001790,1,36.35,11.58,24.770000000000003
OD00007127,ORD0002474,P001547,1,41.35,13.18,28.17
OD00007128,ORD0002474,P001335,1,53.15,16.94,36.21
OD00007129,ORD0002474,P000165,1,204.93,65.3,139.63
OD00007130,ORD0002475,P001286,1,23.89,8.31,15.58
OD00007131,ORD0002475,P001608,1,51.31,17.85,33.46
OD00007132,ORD0002475,P001323,1,63.15,21.97,41.18
OD00007133,ORD0002475,P000615,3,72.44,75.6,141.72
OD00007134,ORD0002476,P000615,2,72.44,57.33,87.55
OD00007135,ORD0002476,P001439,2,114.69,90.77,138.61
OD00007136,ORD0002477,P001195,1,41.06,12.05,29.01
OD00007137,ORD0002477,P000481,1,113.87,33.43,80.44
OD00007138,ORD0002478,P001194,1,379.26,20.97,358.29
OD00007139,ORD0002479,P002291,4,45.16,12.6,168.04
OD00007140,ORD0002479,P000078,2,14.74,2.06,27.42
OD00007141,ORD0002480,P000700,3,93.93,66.35,215.44000000000003
OD00007142,ORD0002481,P000168,2,106.82,7.24,206.4
OD00007143,ORD0002481,P000871,2,111.44,7.56,215.32
OD00007144,ORD0002481,P001086,3,28.87,2.94,83.67
OD00007145,ORD0002481,P001776,1,376.76,12.77,363.99
OD00007146,ORD0002481,P001301,1,111.71,3.79,107.92
OD00007147,ORD0002481,P000109,2,57.96,3.93,111.99
OD00007148,ORD0002482,P000526,4,100.03,136.99,263.13
OD00007149,ORD0002482,P002112,1,95.26,32.62,62.64000000000001
OD00007150,ORD0002482,P001547,1,41.35,14.16,27.19
OD00007151,ORD0002482,P001574,1,40.16,13.75,26.41
OD00007152,ORD0002483,P001499,1,275.63,22.34,253.29
OD00007153,ORD0002484,P002011,1,273.08,41.97,231.11
OD00007154,ORD0002484,P001768,1,190.53,29.28,161.25
OD00007155,ORD0002485,P001617,1,210.59,56.77,153.82
OD00007156,ORD0002485,P001584,1,87.34,23.54,63.8
OD00007157,ORD0002486,P001163,1,146.38,15.95,130.43
OD00007158,ORD0002486,P000264,2,49.44,10.78,88.1
OD00007159,ORD0002486,P001365,3,12.98,4.24,34.7
OD00007160,ORD0002487,P000776,2,107.67,69.23,146.11
OD00007161,ORD0002487,P001359,2,71.6,46.04,97.16
OD00007162,ORD0002487,P001987,1,112.95,36.32,76.63
OD00007163,ORD0002487,P001644,2,29.68,19.09,40.27
OD00007164,ORD0002488,P001072,1,176.87,62.04,114.83
OD00007165,ORD0002489,P000369,4,57.81,51.94,179.3
OD00007166,ORD0002490,P000508,5,112.43,69.53,492.6200000000001
OD00007167,ORD0002491,P000031,1,95.77,34.25,61.52
OD00007168,ORD0002491,P001490,2,234.58,167.76,301.40000000000003
OD00007169,ORD0002492,P001122,4,80.35,37.97,283.43
OD00007170,ORD0002492,P001270,1,139.55,16.48,123.07
OD00007171,ORD0002492,P002125,1,25.08,2.96,22.12
OD00007172,ORD0002493,P000790,2,96.36,74.88,117.84
OD00007173,ORD0002493,P000241,2,294.45,228.8,360.1
OD00007174,ORD0002494,P000227,1,18.23,2.67,15.56
OD00007175,ORD0002494,P002186,2,274.4,80.42,468.38
OD00007176,ORD0002495,P001349,1,178.81,18.46,160.35
OD00007177,ORD0002495,P000863,5,9.76,5.04,43.76
OD00007178,ORD0002495,P001090,1,37.11,3.83,33.28
OD00007179,ORD0002495,P000470,2,119.45,24.66,214.24
OD00007180,ORD0002496,P001046,2,40.61,11.22,70.0
OD00007181,ORD0002497,P000005,1,414.83,77.08,337.75
OD00007182,ORD0002497,P000616,3,146.91,81.89,358.84000000000003
OD00007183,ORD0002498,P000401,1,239.47,11.87,227.6
OD00007184,ORD0002499,P001772,1,29.69,11.22,18.47
OD00007185,ORD0002499,P000021,1,61.51,23.24,38.27
OD00007186,ORD0002499,P000225,1,315.97,119.41,196.56000000000003
OD00007187,ORD0002500,P000607,1,302.87,101.72,201.15
OD00007188,ORD0002500,P000381,3,78.58,79.18,156.56
OD00007189,ORD0002500,P000968,2,77.9,52.33,103.47
OD00007190,ORD0002500,P001719,1,37.8,12.7,25.1
OD00007191,ORD0002500,P002302,2,14.66,9.85,19.47
OD00007192,ORD0002501,P001998,1,55.22,10.86,44.36
OD00007193,ORD0002501,P002258,1,182.7,35.91,146.79
OD00007194,ORD0002501,P001360,2,91.77,36.08,147.45999999999998
OD00007195,ORD0002502,P000501,1,163.88,34.09,129.79
OD00007196,ORD0002502,P000694,1,367.97,76.53,291.44000000000005
OD00007197,ORD0002503,P000254,1,90.44,26.77,63.67
OD00007198,ORD0002503,P001809,1,46.33,13.71,32.62
OD00007199,ORD0002503,P001672,2,202.15,119.66,284.64
OD00007200,ORD0002504,P000096,1,133.26,31.87,101.39
OD00007201,ORD0002505,P000225,1,315.97,101.22,214.75000000000003
OD00007202,ORD0002506,P000345,1,318.63,46.23,272.4
OD00007203,ORD0002506,P002245,2,59.05,17.13,100.97
OD00007204,ORD0002506,P001336,1,392.7,56.97,335.73
OD00007205,ORD0002507,P001036,1,177.19,1.49,175.7
OD00007206,ORD0002508,P001251,1,160.22,34.65,125.57
OD00007207,ORD0002508,P001160,1,581.49,125.77,455.72
OD00007208,ORD0002508,P002027,1,36.46,7.89,28.57
OD00007209,ORD0002508,P001396,2,178.96,77.42,280.5
OD00007210,ORD0002509,P001239,1,151.33,20.94,130.39
OD00007211,ORD0002509,P002250,4,57.7,31.93,198.87
OD00007212,ORD0002510,P000054,1,249.02,62.37,186.65
OD00007213,ORD0002510,P000102,1,179.48,44.96,134.51999999999998
OD00007214,ORD0002511,P001952,1,592.11,147.58,444.53
OD00007215,ORD0002511,P001004,1,388.48,96.82,291.66
OD00007216,ORD0002511,P001171,1,65.53,16.33,49.2
OD00007217,ORD0002512,P000439,1,61.16,18.99,42.17
OD00007218,ORD0002512,P002118,2,204.18,126.83,281.53000000000003
OD00007219,ORD0002513,P001068,1,41.67,11.59,30.08
OD00007220,ORD0002513,P000004,1,292.19,81.25,210.94
OD00007221,ORD0002513,P000015,1,206.98,57.56,149.42
OD00007222,ORD0002514,P000325,1,673.06,9.93,663.13
OD00007223,ORD0002515,P001029,1,181.19,58.26,122.93
OD00007224,ORD0002515,P001902,1,107.96,34.72,73.24
OD00007225,ORD0002515,P001119,1,86.78,27.91,58.870000000000005
OD00007226,ORD0002515,P001122,1,80.35,25.84,54.50999999999999
OD00007227,ORD0002515,P000084,1,27.33,8.79,18.54
OD00007228,ORD0002516,P001130,1,170.45,60.91,109.54
OD00007229,ORD0002516,P000687,1,120.74,43.15,77.59
OD00007230,ORD0002516,P001218,1,201.14,71.88,129.26
OD00007231,ORD0002517,P000417,1,217.17,56.72,160.45
OD00007232,ORD0002517,P001130,1,170.45,44.51,125.94
OD00007233,ORD0002517,P000598,1,62.73,16.38,46.35
OD00007234,ORD0002518,P000790,3,96.36,109.24,179.83999999999995
OD00007235,ORD0002518,P001288,1,107.47,40.61,66.86
OD00007236,ORD0002518,P001815,4,15.67,23.69,38.99
OD00007237,ORD0002518,P001876,2,197.25,149.07,245.43
OD00007238,ORD0002519,P001359,2,71.6,5.93,137.27
OD00007239,ORD0002519,P000162,1,94.17,3.91,90.26
OD00007240,ORD0002519,P000227,1,18.23,0.76,17.47
OD00007241,ORD0002520,P000827,4,64.77,49.02,210.06
OD00007242,ORD0002521,P001813,1,40.8,9.92,30.879999999999995
OD00007243,ORD0002521,P002308,2,266.59,129.7,403.48
OD00007244,ORD0002522,P001067,3,202.98,142.67,466.27
OD00007245,ORD0002523,P001752,4,125.14,183.79,316.77
OD00007246,ORD0002524,P001385,2,78.63,0.85,156.41
OD00007247,ORD0002524,P001210,3,36.08,0.59,107.65
OD00007248,ORD0002524,P001841,1,13.16,0.07,13.09
OD00007249,ORD0002525,P000530,1,41.19,14.86,26.33
OD00007250,ORD0002525,P001244,2,28.47,20.54,36.4
OD00007251,ORD0002525,P000014,1,207.13,74.71,132.42000000000002
OD00007252,ORD0002526,P001889,4,49.96,66.64,133.2
OD00007253,ORD0002526,P001044,1,161.35,53.81,107.54
OD00007254,ORD0002526,P000783,2,37.54,25.04,50.04
OD00007255,ORD0002526,P001973,1,43.92,14.65,29.270000000000003
OD00007256,ORD0002527,P000225,1,315.97,88.4,227.57
OD00007257,ORD0002527,P001565,1,159.08,44.51,114.57000000000002
OD00007258,ORD0002528,P002200,1,174.65,32.15,142.5
OD00007259,ORD0002528,P001209,1,355.99,65.53,290.46000000000004
OD00007260,ORD0002529,P001318,2,294.15,21.46,566.84
OD00007261,ORD0002529,P000667,1,123.52,4.5,119.02
OD00007262,ORD0002529,P001701,1,27.44,1.0,26.44
OD00007263,ORD0002530,P001962,1,21.74,5.5,16.24
OD00007264,ORD0002530,P000399,3,127.88,97.13,286.51
OD00007265,ORD0002531,P000340,1,584.97,219.67,365.30000000000007
OD00007266,ORD0002532,P001339,1,25.13,5.37,19.76
OD00007267,ORD0002532,P001813,1,40.8,8.73,32.06999999999999
OD00007268,ORD0002532,P000849,1,34.74,7.43,27.31
OD00007269,ORD0002532,P000687,1,120.74,25.82,94.92
OD00007270,ORD0002532,P000045,1,129.27,27.65,101.62
OD00007271,ORD0002533,P002097,1,36.02,7.51,28.510000000000005
OD00007272,ORD0002533,P000667,4,123.52,103.03,391.05
OD00007273,ORD0002534,P000043,2,55.71,3.47,107.95
OD00007274,ORD0002534,P001354,3,33.96,3.18,98.7
OD00007275,ORD0002534,P000135,1,90.09,2.81,87.28
OD00007276,ORD0002534,P000714,1,24.25,0.76,23.49
OD00007277,ORD0002535,P001110,1,459.35,111.55,347.8
OD00007278,ORD0002535,P000751,3,74.98,54.63,170.31
OD00007279,ORD0002535,P001574,1,40.16,9.75,30.41
OD00007280,ORD0002535,P000085,1,34.24,8.32,25.92
OD00007281,ORD0002535,P000397,1,25.56,6.21,19.35
OD00007282,ORD0002535,P000975,1,18.64,4.53,14.11
OD00007283,ORD0002536,P002220,1,457.54,163.12,294.42
OD00007284,ORD0002536,P001919,1,306.46,109.25,197.21
OD00007285,ORD0002537,P000707,3,164.34,83.72,409.3
OD00007286,ORD0002538,P001000,1,336.28,48.56,287.72
OD00007287,ORD0002539,P000766,2,11.73,9.04,14.420000000000002
OD00007288,ORD0002539,P001686,2,134.87,103.97,165.77
OD00007289,ORD0002540,P002106,1,229.38,39.75,189.63
OD00007290,ORD0002540,P000836,1,62.14,10.77,51.370000000000005
OD00007291,ORD0002541,P001794,1,146.5,53.54,92.96
OD00007292,ORD0002541,P001438,1,74.69,27.3,47.39
OD00007293,ORD0002541,P000074,2,170.35,124.51,216.19
OD00007294,ORD0002542,P000021,2,61.51,6.77,116.25
OD00007295,ORD0002542,P000039,5,12.89,3.54,60.91
OD00007296,ORD0002542,P001294,2,10.03,1.1,18.96
OD00007297,ORD0002543,P000198,1,23.36,8.8,14.56
OD00007298,ORD0002543,P000516,1,112.73,42.45,70.28
OD00007299,ORD0002543,P000723,1,349.55,131.63,217.92
OD00007300,ORD0002544,P000556,2,62.45,27.07,97.83
OD00007301,ORD0002544,P001369,1,329.04,71.32,257.72
OD00007302,ORD0002545,P001231,2,105.69,57.28,154.1
OD00007303,ORD0002545,P000332,3,31.95,25.97,69.88
OD00007304,ORD0002546,P002195,3,43.32,46.3,83.66000000000001
OD00007305,ORD0002546,P000751,2,74.98,53.43,96.53
OD00007306,ORD0002546,P000017,1,201.25,71.7,129.55
OD00007307,ORD0002547,P000154,1,171.06,67.45,103.61
OD00007308,ORD0002547,P001706,2,318.88,251.48,386.28
OD00007309,ORD0002548,P000568,1,45.21,1.5,43.71
OD00007310,ORD0002548,P001676,2,174.55,11.59,337.51000000000005
OD00007311,ORD0002548,P002190,3,16.51,1.64,47.89
OD00007312,ORD0002549,P000029,2,181.85,121.45,242.25
OD00007313,ORD0002550,P000878,1,57.91,11.73,46.17999999999999
OD00007314,ORD0002550,P001445,1,53.4,10.82,42.58
OD00007315,ORD0002550,P000515,1,95.92,19.43,76.49000000000001
OD00007316,ORD0002551,P001753,2,242.0,150.29,333.71000000000004
OD00007317,ORD0002551,P000446,1,484.92,150.58,334.34000000000003
OD00007318,ORD0002552,P002226,1,24.51,5.3,19.21
OD00007319,ORD0002552,P001351,1,83.98,18.16,65.82000000000001
OD00007320,ORD0002552,P002025,1,123.57,26.73,96.84
OD00007321,ORD0002552,P002160,2,75.66,32.73,118.59
OD00007322,ORD0002552,P001752,1,125.14,27.07,98.07
OD00007323,ORD0002552,P000364,2,11.04,4.78,17.299999999999997
OD00007324,ORD0002552,P001765,1,332.81,71.98,260.83
OD00007325,ORD0002553,P002124,1,577.75,161.71,416.04
OD00007326,ORD0002554,P000837,1,62.11,19.89,42.22
OD00007327,ORD0002554,P001036,2,177.19,113.48,240.9
OD00007328,ORD0002555,P001551,1,795.05,280.47,514.5799999999999
OD00007329,ORD0002556,P001073,1,58.1,3.07,55.03
OD00007330,ORD0002556,P000960,2,51.53,5.44,97.62
OD00007331,ORD0002556,P001037,2,26.02,2.75,49.29
OD00007332,ORD0002556,P000277,1,57.8,3.05,54.75
OD00007333,ORD0002556,P000794,1,231.59,12.23,219.36
OD00007334,ORD0002556,P001713,2,88.56,9.36,167.76
OD00007335,ORD0002556,P002173,1,18.12,0.96,17.16
OD00007336,ORD0002556,P002182,1,71.08,3.75,67.33
OD00007337,ORD0002556,P000699,1,62.43,3.3,59.13
OD00007338,ORD0002556,P000991,1,51.61,2.73,48.88
OD00007339,ORD0002556,P001362,1,33.2,1.75,31.450000000000003
OD00007340,ORD0002556,P001252,1,19.01,1.0,18.01
OD00007341,ORD0002556,P001962,1,21.74,1.15,20.59
OD00007342,ORD0002556,P000086,1,47.24,2.5,44.74
OD00007343,ORD0002556,P000572,1,114.51,6.05,108.46
OD00007344,ORD0002557,P002025,3,123.57,147.54,223.17
OD00007345,ORD0002557,P002013,1,245.47,97.7,147.76999999999998
OD00007346,ORD0002557,P000933,1,78.76,31.35,47.41
OD00007347,ORD0002557,P000903,1,66.6,26.51,40.08999999999999
OD00007348,ORD0002557,P001073,1,58.1,23.13,34.97
OD00007349,ORD0002557,P001678,1,26.35,10.49,15.86
OD00007350,ORD0002557,P000198,1,23.36,9.3,14.06
OD00007351,ORD0002558,P002054,1,55.55,11.05,44.5
OD00007352,ORD0002558,P001581,1,250.4,49.81,200.59
OD00007353,ORD0002559,P000855,2,103.72,10.1,197.34
OD00007354,ORD0002559,P001871,1,26.17,1.27,24.9
OD00007355,ORD0002559,P001386,3,56.57,8.26,161.45000000000002
OD00007356,ORD0002560,P000177,2,157.31,96.91,217.71
OD00007357,ORD0002560,P000362,2,98.69,60.8,136.57999999999998
OD00007358,ORD0002560,P001716,1,47.64,14.67,32.97
OD00007359,ORD0002560,P001688,4,91.28,112.46,252.66000000000005
OD00007360,ORD0002561,P002308,1,266.59,81.83,184.76
OD00007361,ORD0002562,P000157,3,119.5,142.59,215.91
OD00007362,ORD0002563,P001309,1,377.66,116.79,260.87
OD00007363,ORD0002564,P000103,1,286.98,35.83,251.15
OD00007364,ORD0002564,P000379,1,97.06,12.12,84.94
OD00007365,ORD0002564,P000469,1,70.95,8.86,62.09
OD00007366,ORD0002564,P002272,5,10.52,6.57,46.03
OD00007367,ORD0002564,P000568,1,45.21,5.65,39.56
OD00007368,ORD0002564,P001393,4,9.98,4.99,34.93
OD00007369,ORD0002564,P000964,2,11.6,2.9,20.3
OD00007370,ORD0002565,P000658,1,682.75,30.93,651.82
OD00007371,ORD0002566,P000055,1,213.28,76.12,137.16
OD00007372,ORD0002566,P001173,1,191.51,68.36,123.15
OD00007373,ORD0002566,P000231,1,122.47,43.71,78.75999999999999
OD00007374,ORD0002566,P000011,1,57.37,20.48,36.89
OD00007375,ORD0002567,P000996,1,342.78,33.69,309.09
OD00007376,ORD0002567,P001775,1,51.2,5.03,46.17
OD00007377,ORD0002567,P001105,1,57.93,5.69,52.24
OD00007378,ORD0002568,P000891,3,75.16,52.16,173.32
OD00007379,ORD0002568,P000877,1,149.61,34.61,115.0
OD00007380,ORD0002569,P001476,2,278.9,112.77,445.03
OD00007381,ORD0002569,P000201,4,44.12,35.68,140.79999999999998
OD00007382,ORD0002569,P002097,2,36.02,14.57,57.470000000000006
OD00007383,ORD0002569,P000621,1,44.99,9.1,35.89
OD00007384,ORD0002570,P001204,4,100.31,114.24,287.0
OD00007385,ORD0002570,P002262,1,206.94,58.92,148.01999999999998
OD00007386,ORD0002571,P000257,5,35.24,35.65,140.55
OD00007387,ORD0002571,P001067,1,202.98,41.07,161.91
OD00007388,ORD0002572,P002087,1,45.48,1.62,43.86
OD00007389,ORD0002572,P002213,2,13.25,0.95,25.55
OD00007390,ORD0002572,P002037,1,683.15,24.36,658.79
OD00007391,ORD0002573,P000400,1,462.02,143.9,318.12
OD00007392,ORD0002574,P001782,1,130.23,19.41,110.82
OD00007393,ORD0002574,P000120,2,10.21,3.04,17.380000000000003
OD00007394,ORD0002574,P002233,1,98.53,14.68,83.85
OD00007395,ORD0002575,P000213,1,275.26,18.15,257.11
OD00007396,ORD0002576,P001895,1,102.57,25.99,76.58
OD00007397,ORD0002576,P001533,1,312.01,79.06,232.95
OD00007398,ORD0002577,P000004,1,292.19,10.15,282.04
OD00007399,ORD0002577,P001357,1,80.51,2.8,77.71000000000001
OD00007400,ORD0002578,P000246,1,19.08,6.71,12.369999999999996
OD00007401,ORD0002578,P000331,1,493.25,173.38,319.87
OD00007402,ORD0002579,P000625,1,433.59,27.23,406.36
OD00007403,ORD0002580,P001349,1,178.81,58.3,120.51
OD00007404,ORD0002580,P001556,2,14.89,9.71,20.07
OD00007405,ORD0002580,P001554,1,217.23,70.82,146.41
OD00007406,ORD0002581,P001292,1,524.47,7.67,516.8000000000001
OD00007407,ORD0002581,P001676,2,174.55,5.1,344.0
OD00007408,ORD0002582,P000339,1,32.37,11.46,20.91
OD00007409,ORD0002582,P000133,1,49.91,17.67,32.239999999999995
OD00007410,ORD0002582,P002240,2,279.09,197.62,360.56
OD00007411,ORD0002583,P000763,1,25.62,4.18,21.44
OD00007412,ORD0002583,P001678,1,26.35,4.3,22.05
OD00007413,ORD0002583,P000421,2,51.63,16.87,86.39
OD00007414,ORD0002583,P002170,1,27.74,4.53,23.21
OD00007415,ORD0002583,P000903,1,66.6,10.88,55.71999999999999
OD00007416,ORD0002583,P000723,1,349.55,57.1,292.45
OD00007417,ORD0002584,P002283,2,121.08,66.73,175.43
OD00007418,ORD0002585,P000471,3,72.25,5.76,210.99
OD00007419,ORD0002585,P002148,1,54.09,1.43,52.66
OD00007420,ORD0002585,P000393,1,51.43,1.36,50.07
OD00007421,ORD0002585,P001930,1,26.89,0.71,26.18
OD00007422,ORD0002585,P001226,1,26.77,0.71,26.06
OD00007423,ORD0002586,P000850,2,110.52,15.44,205.6
OD00007424,ORD0002586,P000399,1,127.88,8.93,118.95
OD00007425,ORD0002586,P000271,2,109.51,15.29,203.73
OD00007426,ORD0002587,P002163,1,265.72,21.1,244.62000000000003
OD00007427,ORD0002588,P001104,3,53.21,38.83,120.8
OD00007428,ORD0002588,P001156,1,102.15,24.85,77.30000000000001
OD00007429,ORD0002588,P001514,1,28.7,6.98,21.72
OD00007430,ORD0002588,P001975,1,108.97,26.51,82.46
OD00007431,ORD0002589,P000797,1,142.8,20.83,121.97
OD00007432,ORD0002590,P001643,2,107.38,3.68,211.08
OD00007433,ORD0002591,P001893,1,96.4,22.54,73.86
OD00007434,ORD0002591,P002287,2,39.93,18.68,61.18
OD00007435,ORD0002591,P001832,1,17.83,4.17,13.659999999999998
OD00007436,ORD0002591,P001143,1,14.52,3.4,11.12
OD00007437,ORD0002592,P001523,1,26.84,0.03,26.81
OD00007438,ORD0002592,P001713,1,88.56,0.11,88.45
OD00007439,ORD0002592,P002304,2,105.42,0.26,210.58
OD00007440,ORD0002592,P000612,2,32.42,0.08,64.76
OD00007441,ORD0002592,P001895,1,102.57,0.13,102.44
OD00007442,ORD0002593,P000638,1,465.19,145.34,319.85
OD00007443,ORD0002593,P000241,1,294.45,92.0,202.45
OD00007444,ORD0002594,P001899,1,159.99,63.77,96.22
OD00007445,ORD0002594,P001927,1,20.81,8.3,12.509999999999998
OD00007446,ORD0002594,P001138,1,127.17,50.69,76.48
OD00007447,ORD0002595,P002054,1,55.55,4.01,51.54
OD00007448,ORD0002595,P001457,3,126.08,27.34,350.90000000000003
OD00007449,ORD0002596,P000813,1,289.11,65.41,223.7
OD00007450,ORD0002596,P000294,1,102.83,23.26,79.57
OD00007451,ORD0002597,P000592,1,699.77,145.9,553.87
OD00007452,ORD0002597,P002082,1,117.58,24.52,93.06
OD00007453,ORD0002597,P000577,1,12.6,2.63,9.97
OD00007454,ORD0002598,P001803,1,222.61,60.28,162.33
OD00007455,ORD0002599,P001492,3,63.45,74.24,116.11000000000004
OD00007456,ORD0002599,P000637,1,214.88,83.8,131.07999999999998
OD00007457,ORD0002600,P000880,1,120.66,41.06,79.6
OD00007458,ORD0002600,P001922,1,85.31,29.04,56.27
OD00007459,ORD0002600,P001997,1,71.56,24.36,47.2
OD00007460,ORD0002600,P001678,1,26.35,8.97,17.380000000000003
OD00007461,ORD0002601,P000062,1,11.76,4.31,7.45
OD00007462,ORD0002601,P000841,1,11.89,4.36,7.53
OD00007463,ORD0002601,P001543,3,77.18,84.89,146.65000000000003
OD00007464,ORD0002602,P001971,1,78.74,14.96,63.78
OD00007465,ORD0002602,P000221,5,54.48,51.76,220.64
OD00007466,ORD0002602,P000160,1,79.22,15.05,64.17
OD00007467,ORD0002602,P000678,5,55.49,52.72,224.73
OD00007468,ORD0002603,P000801,2,164.79,55.82,273.76
OD00007469,ORD0002603,P000408,1,227.81,38.59,189.22
OD00007470,ORD0002604,P001405,2,113.4,76.14,150.66000000000005
OD00007471,ORD0002604,P002181,3,53.6,53.99,106.81
OD00007472,ORD0002605,P000246,1,19.08,3.37,15.709999999999996
OD00007473,ORD0002605,P000885,1,22.42,3.96,18.46
OD00007474,ORD0002605,P000199,1,28.28,4.99,23.29
OD00007475,ORD0002605,P000936,1,153.5,27.1,126.4
OD00007476,ORD0002606,P001823,1,161.67,9.68,151.98999999999998
OD00007477,ORD0002606,P001497,1,101.53,6.08,95.45
OD00007478,ORD0002607,P001161,2,72.63,9.6,135.66
OD00007479,ORD0002607,P000766,1,11.73,0.77,10.96
OD00007480,ORD0002607,P000405,1,258.82,17.1,241.72
OD00007481,ORD0002608,P002038,4,181.16,86.73,637.91
OD00007482,ORD0002608,P001587,1,125.29,15.0,110.29
OD00007483,ORD0002609,P001083,1,96.04,26.61,69.43
OD00007484,ORD0002609,P001559,1,666.37,184.61,481.76
OD00007485,ORD0002610,P001978,1,11.81,0.7,11.11
OD00007486,ORD0002610,P001468,2,15.46,1.84,29.08
OD00007487,ORD0002610,P001080,1,443.28,26.31,416.97
OD00007488,ORD0002611,P001079,1,32.97,10.64,22.33
OD00007489,ORD0002611,P000901,1,505.5,163.11,342.39
OD00007490,ORD0002612,P000739,1,100.51,22.05,78.46000000000001
OD00007491,ORD0002612,P000726,2,59.46,26.08,92.84
OD00007492,ORD0002613,P000616,2,146.91,59.48,234.34
OD00007493,ORD0002614,P000616,2,146.91,85.03,208.79
OD00007494,ORD0002615,P001937,1,58.81,16.8,42.010000000000005
OD00007495,ORD0002615,P001923,1,23.49,6.71,16.779999999999998
OD00007496,ORD0002615,P001542,1,162.43,46.39,116.04
OD00007497,ORD0002615,P001955,1,57.7,16.48,41.22
OD00007498,ORD0002615,P002270,1,52.07,14.87,37.2
OD00007499,ORD0002615,P000053,1,172.21,49.18,123.03
OD00007500,ORD0002616,P001029,2,181.19,22.83,339.55
OD00007501,ORD0002617,P000534,1,61.01,21.0,40.01
OD00007502,ORD0002617,P000718,1,102.93,35.44,67.49000000000001
OD00007503,ORD0002618,P001376,1,590.33,100.17,490.16
OD00007504,ORD0002618,P001201,2,77.6,26.34,128.86
OD00007505,ORD0002619,P001614,2,63.28,46.1,80.46000000000001
OD00007506,ORD0002619,P000530,1,41.19,15.0,26.19
OD00007507,ORD0002619,P000419,2,15.4,11.22,19.58
OD00007508,ORD0002619,P000173,1,25.33,9.23,16.099999999999998
OD00007509,ORD0002619,P002110,1,27.11,9.88,17.229999999999997
OD00007510,ORD0002619,P002140,3,161.06,176.0,307.18
OD00007511,ORD0002620,P001758,1,85.06,15.26,69.8
OD00007512,ORD0002620,P002304,3,105.42,56.76,259.5
OD00007513,ORD0002621,P001647,2,443.45,133.51,753.39
OD00007514,ORD0002622,P001940,1,220.56,33.05,187.51
OD00007515,ORD0002622,P001979,1,35.96,5.39,30.57
OD00007516,ORD0002622,P002270,1,52.07,7.8,44.27
OD00007517,ORD0002622,P001087,1,188.37,28.23,160.14
OD00007518,ORD0002622,P001773,1,308.32,46.21,262.11
OD00007519,ORD0002623,P000719,1,264.73,95.12,169.61
OD00007520,ORD0002623,P001173,1,191.51,68.81,122.7
OD00007521,ORD0002624,P001366,2,71.19,2.98,139.4
OD00007522,ORD0002624,P000087,3,105.5,6.61,309.89
OD00007523,ORD0002624,P000179,1,20.62,0.43,20.19
OD00007524,ORD0002625,P000206,2,223.59,124.24,322.94
OD00007525,ORD0002625,P002086,1,304.53,84.6,219.93
OD00007526,ORD0002626,P002175,1,84.31,21.08,63.23
OD00007527,ORD0002626,P001676,4,174.55,174.55,523.6500000000001
OD00007528,ORD0002627,P001992,1,29.94,2.44,27.5
OD00007529,ORD0002627,P001955,1,57.7,4.71,52.99
OD00007530,ORD0002627,P001871,1,26.17,2.13,24.040000000000003
OD00007531,ORD0002627,P000705,2,12.44,2.03,22.85
OD00007532,ORD0002627,P000665,1,57.5,4.69,52.81
OD00007533,ORD0002627,P002155,1,39.19,3.2,35.989999999999995
OD00007534,ORD0002627,P002151,1,41.99,3.42,38.57
OD00007535,ORD0002628,P002221,5,34.1,17.53,152.97
OD00007536,ORD0002628,P002007,2,53.53,11.0,96.06
OD00007537,ORD0002628,P000916,2,47.59,9.78,85.4
OD00007538,ORD0002628,P001077,2,44.14,9.07,79.21000000000001
OD00007539,ORD0002628,P001516,5,12.13,6.23,54.42
OD00007540,ORD0002628,P000349,2,26.47,5.44,47.5
OD00007541,ORD0002628,P001842,1,26.75,2.75,24.0
OD00007542,ORD0002628,P001136,1,9.89,1.02,8.870000000000001
OD00007543,ORD0002629,P000855,2,103.72,11.03,196.41
OD00007544,ORD0002629,P000160,1,79.22,4.21,75.01
OD00007545,ORD0002630,P000177,2,157.31,85.58,229.04
OD00007546,ORD0002630,P000077,2,83.89,45.63,122.15
OD00007547,ORD0002630,P002221,1,34.1,9.27,24.83
OD00007548,ORD0002630,P001192,1,19.47,5.3,14.169999999999998
OD00007549,ORD0002631,P001438,3,74.69,0.14,223.93
OD00007550,ORD0002631,P000855,1,103.72,0.07,103.65
OD00007551,ORD0002631,P001432,2,63.82,0.08,127.56
OD00007552,ORD0002632,P001479,3,82.15,79.82,166.63000000000002
OD00007553,ORD0002632,P001072,1,176.87,57.28,119.59
OD00007554,ORD0002633,P001276,4,48.28,22.92,170.2
OD00007555,ORD0002633,P000536,3,41.56,14.79,109.89
OD00007556,ORD0002633,P000109,2,57.96,13.75,102.17
OD00007557,ORD0002633,P001884,1,112.93,13.39,99.54
OD00007558,ORD0002633,P000256,2,36.35,8.62,64.08
OD00007559,ORD0002633,P000615,1,72.44,8.59,63.85
OD00007560,ORD0002633,P001845,1,68.52,8.13,60.38999999999999
OD00007561,ORD0002633,P002080,3,10.87,3.87,28.74
OD00007562,ORD0002633,P000974,2,14.69,3.48,25.9
OD00007563,ORD0002633,P001526,1,27.35,3.24,24.11
OD00007564,ORD0002633,P000768,2,10.04,2.38,17.7
OD00007565,ORD0002634,P000790,2,96.36,59.41,133.31
OD00007566,ORD0002635,P000234,1,74.82,14.48,60.33999999999999
OD00007567,ORD0002635,P000802,1,675.62,130.79,544.83
OD00007568,ORD0002635,P001585,1,43.17,8.36,34.81
OD00007569,ORD0002635,P001735,1,375.06,72.61,302.45
OD00007570,ORD0002635,P000940,1,852.94,165.12,687.82
OD00007571,ORD0002636,P001181,2,50.24,40.19,60.290000000000006
OD00007572,ORD0002636,P001774,2,29.53,23.62,35.44
OD00007573,ORD0002636,P000465,2,117.81,94.23,141.39
OD00007574,ORD0002637,P000682,3,217.36,240.45,411.63000000000005
OD00007575,ORD0002638,P000393,1,51.43,12.19,39.24
OD00007576,ORD0002638,P000670,1,299.39,70.99,228.4
OD00007577,ORD0002639,P001400,1,44.33,13.31,31.02
OD00007578,ORD0002639,P001459,1,170.01,51.03,118.98
OD00007579,ORD0002639,P002271,5,9.82,14.74,34.36
OD00007580,ORD0002639,P001634,2,79.9,47.97,111.83
OD00007581,ORD0002640,P000945,2,76.62,53.52,99.72
OD00007582,ORD0002640,P001084,1,267.79,93.52,174.27000000000004
OD00007583,ORD0002641,P001580,2,92.93,33.84,152.02
OD00007584,ORD0002641,P001068,2,41.67,15.17,68.17
OD00007585,ORD0002642,P000100,1,101.26,30.68,70.58000000000001
OD00007586,ORD0002642,P001374,1,656.19,198.79,457.4000000000001
OD00007587,ORD0002642,P000354,1,369.74,112.01,257.73
OD00007588,ORD0002643,P000080,1,48.45,14.0,34.45
OD00007589,ORD0002643,P001674,1,50.34,14.55,35.790000000000006
OD00007590,ORD0002643,P000402,2,72.69,42.02,103.36
OD00007591,ORD0002644,P001688,5,91.28,88.43,367.97
OD00007592,ORD0002645,P000130,1,47.74,18.05,29.69
OD00007593,ORD0002645,P000538,1,62.85,23.76,39.09
OD00007594,ORD0002645,P001558,1,26.07,9.85,16.22
OD00007595,ORD0002645,P001413,1,101.76,38.47,63.290000000000006
OD00007596,ORD0002645,P000031,2,95.77,72.4,119.14
OD00007597,ORD0002646,P000804,2,185.47,136.31,234.63
OD00007598,ORD0002647,P001529,1,840.44,55.96,784.48
OD00007599,ORD0002648,P000973,2,72.39,17.56,127.22
OD00007600,ORD0002648,P000020,1,71.84,8.72,63.120000000000005
OD00007601,ORD0002649,P001339,1,25.13,5.62,19.51
OD00007602,ORD0002649,P000451,1,225.83,50.46,175.37
OD00007603,ORD0002649,P001791,1,239.68,53.56,186.12
OD00007604,ORD0002650,P000571,1,520.04,72.2,447.84
OD00007605,ORD0002650,P000047,5,14.43,10.02,62.13000000000001
OD00007606,ORD0002650,P000322,1,13.58,1.89,11.69
OD00007607,ORD0002651,P000787,2,435.43,343.68,527.1800000000001
OD00007608,ORD0002652,P001724,3,148.36,137.0,308.08000000000004
OD00007609,ORD0002652,P001479,3,82.15,75.86,170.59000000000003
OD00007610,ORD0002653,P000617,2,8.6,4.56,12.64
OD00007611,ORD0002653,P001038,4,93.74,99.44,275.52
OD00007612,ORD0002654,P000244,3,193.57,206.72,373.99
OD00007613,ORD0002655,P001396,1,178.96,15.65,163.31
OD00007614,ORD0002656,P000578,2,81.72,36.02,127.42
OD00007615,ORD0002656,P000644,1,211.75,46.66,165.09
OD00007616,ORD0002657,P001866,1,15.5,4.61,10.89
OD00007617,ORD0002657,P000416,1,28.45,8.46,19.99
OD00007618,ORD0002657,P000216,3,71.05,63.4,149.74999999999997
OD00007619,ORD0002657,P001763,1,88.72,26.39,62.33
OD00007620,ORD0002657,P000482,1,14.8,4.4,10.4
OD00007621,ORD0002657,P001668,1,42.23,12.56,29.669999999999995
OD00007622,ORD0002657,P001232,2,93.42,55.57,131.27
OD00007623,ORD0002658,P000576,1,271.35,102.12,169.23
OD00007624,ORD0002658,P000667,2,123.52,92.96,154.07999999999998
OD00007625,ORD0002658,P000133,2,49.91,37.56,62.25999999999999
OD00007626,ORD0002658,P001712,1,12.66,4.76,7.9
OD00007627,ORD0002659,P000491,3,91.39,24.04,250.13
OD00007628,ORD0002660,P001239,2,151.33,99.83,202.83000000000004
OD00007629,ORD0002660,P000712,1,258.86,85.38,173.48000000000002
OD00007630,ORD0002661,P000743,1,36.09,11.11,24.980000000000004
OD00007631,ORD0002661,P000345,1,318.63,98.08,220.55
OD00007632,ORD0002661,P001133,2,112.09,69.01,155.17000000000002
OD00007633,ORD0002662,P001652,1,30.01,7.14,22.87
OD00007634,ORD0002662,P001542,2,162.43,77.3,247.56
OD00007635,ORD0002663,P001786,3,9.96,11.36,18.520000000000003
OD00007636,ORD0002663,P002239,1,67.17,25.54,41.63
OD00007637,ORD0002663,P001887,1,188.72,71.75,116.97
OD00007638,ORD0002664,P000513,4,77.34,51.13,258.23
OD00007639,ORD0002664,P000516,1,112.73,18.63,94.1
OD00007640,ORD0002664,P000674,1,275.44,45.52,229.92
OD00007641,ORD0002665,P000523,3,11.87,8.09,27.52
OD00007642,ORD0002665,P000549,2,94.11,42.75,145.47
OD00007643,ORD0002665,P002002,1,105.55,23.97,81.58
OD00007644,ORD0002665,P001173,1,191.51,43.49,148.01999999999998
OD00007645,ORD0002666,P001539,1,27.42,7.07,20.35
OD00007646,ORD0002666,P002245,2,59.05,30.47,87.63
OD00007647,ORD0002666,P001900,2,186.85,96.4,277.29999999999995
OD00007648,ORD0002667,P000481,2,113.87,29.63,198.11
OD00007649,ORD0002668,P001379,2,39.82,22.11,57.53
OD00007650,ORD0002668,P001846,1,726.64,201.76,524.88
OD00007651,ORD0002669,P002013,1,245.47,89.33,156.14
OD00007652,ORD0002669,P002136,4,55.3,80.5,140.7
OD00007653,ORD0002670,P002302,4,14.66,7.18,51.46
OD00007654,ORD0002670,P000431,4,12.62,6.18,44.3
OD00007655,ORD0002670,P000869,2,68.69,16.82,120.56
OD00007656,ORD0002670,P000502,1,169.35,20.73,148.62
OD00007657,ORD0002670,P001745,1,14.53,1.78,12.75
OD00007658,ORD0002670,P001416,1,135.23,16.55,118.68
OD00007659,ORD0002671,P000813,1,289.11,25.92,263.19
OD00007660,ORD0002671,P002223,4,17.24,6.18,62.78
OD00007661,ORD0002672,P000719,1,264.73,38.8,225.93
OD00007662,ORD0002672,P001659,1,118.36,17.34,101.02
OD00007663,ORD0002672,P000580,3,13.61,5.98,34.849999999999994
OD00007664,ORD0002673,P000386,1,56.52,15.79,40.73
OD00007665,ORD0002673,P001192,1,19.47,5.44,14.029999999999998
OD00007666,ORD0002673,P001190,2,146.81,82.01,211.61
OD00007667,ORD0002674,P002046,1,105.02,17.6,87.42
OD00007668,ORD0002674,P001722,1,73.37,12.29,61.080000000000005
OD00007669,ORD0002674,P000788,1,35.41,5.93,29.48
OD00007670,ORD0002674,P000198,1,23.36,3.91,19.45
OD00007671,ORD0002675,P000232,1,131.72,41.27,90.45
OD00007672,ORD0002675,P000085,1,34.24,10.73,23.51
OD00007673,ORD0002675,P000829,1,80.11,25.1,55.01
OD00007674,ORD0002675,P002025,2,123.57,77.43,169.70999999999998
OD00007675,ORD0002675,P000832,2,120.53,75.53,165.53
OD00007676,ORD0002676,P001463,2,37.61,0.62,74.6
OD00007677,ORD0002676,P000255,1,160.23,1.32,158.91
OD00007678,ORD0002676,P002296,1,79.61,0.66,78.95
OD00007679,ORD0002676,P001279,1,35.91,0.3,35.61
OD00007680,ORD0002677,P001486,1,293.42,56.56,236.86
OD00007681,ORD0002677,P000426,1,97.62,18.81,78.81
OD00007682,ORD0002677,P001817,2,27.04,10.42,43.66
OD00007683,ORD0002678,P000944,2,154.36,34.66,274.06000000000006
OD00007684,ORD0002678,P001945,1,335.96,37.72,298.24
OD00007685,ORD0002678,P001739,1,149.89,16.83,133.06
OD00007686,ORD0002678,P001502,1,114.88,12.9,101.98
OD00007687,ORD0002678,P000408,1,227.81,25.58,202.23
OD00007688,ORD0002679,P000081,1,33.37,8.09,25.28
OD00007689,ORD0002679,P001613,2,125.11,60.65,189.57
OD00007690,ORD0002680,P001900,1,186.85,46.71,140.14
OD00007691,ORD0002680,P002239,2,67.17,33.59,100.75
OD00007692,ORD0002680,P001086,2,28.87,14.44,43.3
OD00007693,ORD0002680,P000927,1,26.92,6.73,20.19
OD00007694,ORD0002681,P001286,1,23.89,2.4,21.49
OD00007695,ORD0002681,P000583,2,63.06,12.69,113.43
OD00007696,ORD0002681,P001713,3,88.56,26.73,238.95
OD00007697,ORD0002682,P001007,1,204.91,69.76,135.15
OD00007698,ORD0002682,P001116,1,183.26,62.4,120.86
OD00007699,ORD0002682,P000730,2,34.77,23.68,45.86000000000001
OD00007700,ORD0002682,P001941,2,25.45,17.33,33.57
OD00007701,ORD0002682,P002071,2,13.93,9.49,18.37
OD00007702,ORD0002683,P002053,1,47.97,18.79,29.18
OD00007703,ORD0002683,P000751,2,74.98,58.75,91.21
OD00007704,ORD0002684,P000394,1,26.03,4.67,21.36
OD00007705,ORD0002684,P000946,1,76.45,13.72,62.73
OD00007706,ORD0002684,P000404,1,74.02,13.28,60.74
OD00007707,ORD0002685,P000534,1,61.01,1.11,59.9
OD00007708,ORD0002685,P001868,1,46.28,0.84,45.44
OD00007709,ORD0002685,P000991,1,51.61,0.94,50.67
OD00007710,ORD0002685,P000156,1,31.75,0.58,31.17
OD00007711,ORD0002685,P000410,1,126.13,2.29,123.84
OD00007712,ORD0002685,P001549,1,168.53,3.06,165.47
OD00007713,ORD0002685,P001992,1,29.94,0.54,29.4
OD00007714,ORD0002685,P001798,2,110.01,4.0,216.02
OD00007715,ORD0002685,P001469,1,24.39,0.44,23.95
OD00007716,ORD0002686,P000844,4,118.51,139.23,334.81000000000006
OD00007717,ORD0002686,P000278,2,274.7,161.36,388.04
OD00007718,ORD0002687,P001942,1,53.76,19.34,34.42
OD00007719,ORD0002687,P000354,1,369.74,133.02,236.72
OD00007720,ORD0002688,P000680,1,734.94,263.39,471.55000000000007
OD00007721,ORD0002689,P001586,2,11.2,5.85,16.549999999999997
OD00007722,ORD0002689,P001237,1,463.26,121.03,342.23
OD00007723,ORD0002690,P000158,1,299.04,28.32,270.72
OD00007724,ORD0002690,P000003,1,817.49,77.43,740.06
OD00007725,ORD0002691,P001290,2,88.97,51.09,126.85
OD00007726,ORD0002692,P000624,2,271.96,78.16,465.76
OD00007727,ORD0002692,P001686,1,134.87,19.38,115.49
OD00007728,ORD0002693,P001022,1,171.76,3.68,168.08
OD00007729,ORD0002693,P001521,2,80.03,3.42,156.64
OD00007730,ORD0002693,P001500,1,137.82,2.95,134.87
OD00007731,ORD0002693,P000180,2,41.7,1.78,81.62
OD00007732,ORD0002693,P001073,1,58.1,1.24,56.86
OD00007733,ORD0002694,P000934,1,308.2,82.74,225.46
OD00007734,ORD0002694,P000742,2,134.0,71.96,196.04
OD00007735,ORD0002694,P000013,1,154.89,41.59,113.29999999999998
OD00007736,ORD0002695,P000488,2,166.19,131.12,201.26
OD00007737,ORD0002695,P000792,3,62.69,74.2,113.87
OD00007738,ORD0002695,P001845,2,68.52,54.07,82.97
OD00007739,ORD0002695,P001497,1,101.53,40.06,61.47
OD00007740,ORD0002696,P002179,1,218.69,33.68,185.01
OD00007741,ORD0002696,P000205,1,40.84,6.29,34.550000000000004
OD00007742,ORD0002696,P000595,1,340.91,52.51,288.40000000000003
OD00007743,ORD0002696,P001879,1,304.07,46.84,257.23
OD00007744,ORD0002697,P000820,2,20.24,2.25,38.23
OD00007745,ORD0002697,P001252,1,19.01,1.06,17.950000000000003
OD00007746,ORD0002697,P000415,1,56.28,3.12,53.16
OD00007747,ORD0002697,P000885,1,22.42,1.24,21.180000000000003
OD00007748,ORD0002698,P001075,3,114.98,128.09,216.85
OD00007749,ORD0002698,P000884,1,217.27,80.69,136.58
OD00007750,ORD0002698,P000752,1,34.14,12.68,21.46
OD00007751,ORD0002698,P001167,1,25.09,9.32,15.77
OD00007752,ORD0002699,P000703,1,51.92,18.17,33.75
OD00007753,ORD0002699,P001376,1,590.33,206.54,383.7900000000001
OD00007754,ORD0002700,P000815,2,172.54,69.9,275.17999999999995
OD00007755,ORD0002701,P000039,2,12.89,3.98,21.8
OD00007756,ORD0002701,P001183,1,327.53,50.56,276.97
OD00007757,ORD0002701,P001284,2,38.1,11.76,64.44
OD00007758,ORD0002702,P000820,3,20.24,18.81,41.91
OD00007759,ORD0002702,P000263,1,155.08,48.05,107.03000000000002
OD00007760,ORD0002703,P001326,2,287.02,168.56,405.48
OD00007761,ORD0002704,P000193,1,67.16,15.08,52.08
OD00007762,ORD0002704,P001937,1,58.81,13.21,45.6
OD00007763,ORD0002704,P001148,1,790.87,177.63,613.24
OD00007764,ORD0002705,P001015,1,682.95,251.71,431.24
OD00007765,ORD0002706,P000163,1,328.1,85.79,242.31
OD00007766,ORD0002706,P001271,1,24.38,6.37,18.009999999999998
OD00007767,ORD0002706,P000355,1,125.67,32.86,92.81
OD00007768,ORD0002707,P000777,2,56.28,4.02,108.54
OD00007769,ORD0002707,P000591,2,54.09,3.87,104.31
OD00007770,ORD0002707,P001271,3,24.38,2.62,70.52
OD00007771,ORD0002707,P000335,1,67.02,2.4,64.61999999999999
OD00007772,ORD0002707,P000380,1,60.87,2.18,58.69
OD00007773,ORD0002707,P001356,2,19.9,1.42,38.38
OD00007774,ORD0002707,P002155,1,39.19,1.4,37.79
OD00007775,ORD0002707,P001644,1,29.68,1.06,28.62
OD00007776,ORD0002707,P001113,1,20.44,0.73,19.71
OD00007777,ORD0002708,P002259,2,224.79,145.37,304.21
OD00007778,ORD0002708,P001542,2,162.43,105.05,219.81
OD00007779,ORD0002708,P002246,1,211.65,68.44,143.21
OD00007780,ORD0002708,P000893,2,31.64,20.46,42.82
OD00007781,ORD0002708,P000521,1,55.59,17.98,37.61
OD00007782,ORD0002709,P000274,2,80.85,32.56,129.14
OD00007783,ORD0002709,P001013,1,60.68,12.21,48.47
OD00007784,ORD0002709,P000043,1,55.71,11.21,44.5
OD00007785,ORD0002710,P001041,3,239.37,84.31,633.8
OD00007786,ORD0002711,P000929,1,228.87,34.65,194.22
OD00007787,ORD0002712,P001454,1,391.41,87.44,303.97
OD00007788,ORD0002713,P000355,1,125.67,27.15,98.52
OD00007789,ORD0002713,P001362,3,33.2,21.51,78.09
OD00007790,ORD0002713,P001640,1,54.74,11.82,42.92
OD00007791,ORD0002713,P002269,1,46.24,9.99,36.25
OD00007792,ORD0002714,P000189,1,864.39,276.4,587.99
OD00007793,ORD0002714,P001653,1,250.7,80.17,170.52999999999997
OD00007794,ORD0002714,P000471,2,72.25,46.21,98.29
OD00007795,ORD0002715,P000205,1,40.84,3.38,37.46
OD00007796,ORD0002715,P000833,1,71.31,5.9,65.41
OD00007797,ORD0002715,P000241,2,294.45,48.7,540.1999999999999
OD00007798,ORD0002715,P001671,1,48.0,3.97,44.03
OD00007799,ORD0002715,P000829,1,80.11,6.62,73.49
OD00007800,ORD0002716,P000581,4,64.38,62.94,194.58
OD00007801,ORD0002716,P001047,2,83.43,40.79,126.07000000000002
OD00007802,ORD0002717,P001133,2,112.09,25.42,198.76
OD00007803,ORD0002717,P001855,1,172.01,19.5,152.51
OD00007804,ORD0002718,P001684,3,101.8,90.72,214.68
OD00007805,ORD0002718,P000739,1,100.51,29.86,70.65
OD00007806,ORD0002718,P001186,1,220.02,65.36,154.66000000000005
OD00007807,ORD0002719,P001453,2,225.88,139.82,311.94
OD00007808,ORD0002720,P001549,3,168.53,0.98,504.61
OD00007809,ORD0002720,P002252,1,98.58,0.19,98.39
OD00007810,ORD0002720,P001640,1,54.74,0.11,54.63
OD00007811,ORD0002721,P000520,4,82.69,108.94,221.82
OD00007812,ORD0002721,P001941,2,25.45,16.76,34.14
OD00007813,ORD0002721,P000950,1,15.43,5.08,10.35
OD00007814,ORD0002722,P002200,1,174.65,8.93,165.72
OD00007815,ORD0002722,P001365,3,12.98,1.99,36.95
OD00007816,ORD0002722,P000039,2,12.89,1.32,24.46
OD00007817,ORD0002722,P002211,2,55.86,5.71,106.01
OD00007818,ORD0002723,P001253,1,260.87,39.63,221.24
OD00007819,ORD0002724,P001413,2,101.76,13.99,189.53
OD00007820,ORD0002724,P001707,2,41.8,5.75,77.85
OD00007821,ORD0002724,P002077,1,56.22,3.87,52.35
OD00007822,ORD0002725,P000369,2,57.81,8.8,106.82
OD00007823,ORD0002725,P000050,1,93.0,7.08,85.92
OD00007824,ORD0002725,P001895,1,102.57,7.81,94.76
OD00007825,ORD0002726,P000311,2,75.93,36.47,115.39
OD00007826,ORD0002726,P001090,2,37.11,17.83,56.39
OD00007827,ORD0002726,P001206,2,12.4,5.96,18.84
OD00007828,ORD0002727,P000501,1,163.88,17.48,146.4
OD00007829,ORD0002727,P000991,1,51.61,5.5,46.11
OD00007830,ORD0002727,P000943,1,49.65,5.29,44.36
OD00007831,ORD0002727,P001863,1,35.85,3.82,32.03
OD00007832,ORD0002727,P002292,2,12.73,2.71,22.75
OD00007833,ORD0002728,P001757,1,69.58,14.43,55.15
OD00007834,ORD0002728,P001316,1,33.64,6.98,26.66
OD00007835,ORD0002728,P001393,3,9.98,6.21,23.73
OD00007836,ORD0002729,P000228,1,198.22,66.69,131.53
OD00007837,ORD0002729,P001858,1,104.96,35.32,69.63999999999999
OD00007838,ORD0002729,P000160,1,79.22,26.66,52.56
OD00007839,ORD0002729,P001537,1,51.5,17.33,34.17
OD00007840,ORD0002729,P001585,1,43.17,14.53,28.64
OD00007841,ORD0002729,P000858,1,36.48,12.28,24.2
OD00007842,ORD0002730,P001978,1,11.81,4.12,7.69
OD00007843,ORD0002730,P002158,1,143.05,49.92,93.13
OD00007844,ORD0002730,P001043,3,35.05,36.7,68.44999999999999
OD00007845,ORD0002730,P001934,3,57.21,59.9,111.73
OD00007846,ORD0002730,P001393,3,9.98,10.45,19.49
OD00007847,ORD0002730,P001710,2,228.94,159.79,298.09000000000003
OD00007848,ORD0002731,P000368,1,166.03,63.51,102.52
OD00007849,ORD0002731,P000473,1,93.17,35.64,57.53
OD00007850,ORD0002731,P001366,2,71.19,54.47,87.91
OD00007851,ORD0002731,P001898,1,168.29,64.38,103.91
OD00007852,ORD0002731,P000602,1,370.62,141.77,228.85
OD00007853,ORD0002732,P002025,4,123.57,184.29,309.99
OD00007854,ORD0002733,P001396,2,178.96,16.41,341.51
OD00007855,ORD0002733,P001000,1,336.28,15.43,320.85
OD00007856,ORD0002733,P001153,1,95.26,4.37,90.89
OD00007857,ORD0002733,P001620,1,77.49,3.56,73.92999999999999
OD00007858,ORD0002733,P000233,1,31.95,1.47,30.48
OD00007859,ORD0002734,P000405,1,258.82,8.57,250.25
OD00007860,ORD0002735,P001643,2,107.38,10.05,204.71
OD00007861,ORD0002736,P001095,1,594.85,188.44,406.41
OD00007862,ORD0002736,P002301,1,662.78,209.96,452.82
OD00007863,ORD0002737,P000406,2,192.12,100.1,284.14
OD00007864,ORD0002738,P000750,2,265.76,104.76,426.76
OD00007865,ORD0002739,P000291,4,99.03,93.8,302.32
OD00007866,ORD0002740,P000543,1,309.3,115.94,193.36
OD00007867,ORD0002740,P001568,2,135.64,101.69,169.58999999999995
OD00007868,ORD0002741,P000885,1,22.42,4.31,18.110000000000003
OD00007869,ORD0002741,P002267,1,327.63,62.93,264.7
OD00007870,ORD0002742,P000240,1,299.02,95.93,203.09
OD00007871,ORD0002743,P000606,1,546.79,13.12,533.67
OD00007872,ORD0002744,P000741,1,136.84,10.3,126.54
OD00007873,ORD0002744,P001964,2,13.88,2.09,25.67
OD00007874,ORD0002744,P002298,2,50.21,7.56,92.86
OD00007875,ORD0002744,P001534,1,60.76,4.57,56.19
OD00007876,ORD0002745,P000772,1,286.89,43.52,243.37
OD00007877,ORD0002745,P000224,2,111.14,33.71,188.57
OD00007878,ORD0002745,P000916,4,47.59,28.87,161.49
OD00007879,ORD0002745,P001316,1,33.64,5.1,28.54
OD00007880,ORD0002745,P000523,2,11.87,3.6,20.14
OD00007881,ORD0002746,P002088,4,43.71,31.74,143.1
OD00007882,ORD0002746,P002010,2,58.56,21.25,95.87
OD00007883,ORD0002746,P000986,2,57.6,20.9,94.3
OD00007884,ORD0002746,P002051,1,71.11,12.9,58.21
OD00007885,ORD0002746,P000960,1,51.53,9.35,42.18
OD00007886,ORD0002746,P001167,1,25.09,4.55,20.54
OD00007887,ORD0002747,P000293,1,102.03,13.6,88.43
OD00007888,ORD0002747,P001881,2,55.24,14.73,95.75
OD00007889,ORD0002748,P002160,4,75.66,20.14,282.5
OD00007890,ORD0002748,P001415,1,38.69,2.58,36.11
OD00007891,ORD0002749,P000596,1,463.49,177.87,285.62
OD00007892,ORD0002750,P000284,2,96.63,20.17,173.09
OD00007893,ORD0002750,P001288,1,107.47,11.21,96.26
OD00007894,ORD0002750,P001973,1,43.92,4.58,39.34
OD00007895,ORD0002751,P001997,1,71.56,15.46,56.1
OD00007896,ORD0002751,P001929,2,136.7,59.07,214.33
OD00007897,ORD0002752,P000269,1,27.27,2.02,25.25
OD00007898,ORD0002752,P001386,3,56.57,12.57,157.14
OD00007899,ORD0002752,P000355,4,125.67,37.24,465.44
OD00007900,ORD0002753,P002175,1,84.31,11.82,72.49000000000001
OD00007901,ORD0002753,P000927,1,26.92,3.78,23.14
OD00007902,ORD0002754,P000804,1,185.47,32.94,152.53
OD00007903,ORD0002754,P000177,1,157.31,27.94,129.37
OD00007904,ORD0002754,P001672,1,202.15,35.9,166.25
OD00007905,ORD0002755,P000517,2,88.21,64.99,111.43
OD00007906,ORD0002755,P000820,4,20.24,29.83,51.13
OD00007907,ORD0002755,P000179,1,20.62,7.6,13.02
OD00007908,ORD0002756,P001821,1,310.82,12.13,298.69
OD00007909,ORD0002757,P002107,1,789.24,112.51,676.73
OD00007910,ORD0002758,P000780,3,16.91,13.59,37.14
OD00007911,ORD0002758,P001534,2,60.76,32.54,88.97999999999999
OD00007912,ORD0002758,P000610,4,14.43,15.46,42.26
OD00007913,ORD0002758,P001200,1,37.45,10.03,27.42
OD00007914,ORD0002758,P000353,2,54.34,29.1,79.58000000000001
OD00007915,ORD0002758,P000700,4,93.93,100.62,275.1
OD00007916,ORD0002759,P000984,1,138.74,49.9,88.84
OD00007917,ORD0002759,P000087,1,105.5,37.94,67.56
OD00007918,ORD0002760,P000481,2,113.87,55.9,171.84
OD00007919,ORD0002760,P001688,2,91.28,44.81,137.75
OD00007920,ORD0002760,P001639,1,29.54,7.25,22.29
OD00007921,ORD0002760,P000404,3,74.02,54.5,167.56
OD00007922,ORD0002761,P000102,2,179.48,43.51,315.45
OD00007923,ORD0002762,P000863,3,9.76,10.77,18.51
OD00007924,ORD0002762,P001400,2,44.33,32.61,56.05
OD00007925,ORD0002762,P000127,1,10.64,3.91,6.73
OD00007926,ORD0002762,P000768,1,10.04,3.69,6.35
OD00007927,ORD0002762,P001188,2,29.64,21.81,37.47
OD00007928,ORD0002762,P000646,1,29.76,10.95,18.81
OD00007929,ORD0002762,P000407,4,94.83,139.53,239.79
OD00007930,ORD0002763,P000199,1,28.28,10.54,17.740000000000002
OD00007931,ORD0002763,P000056,4,30.5,45.47,76.53
OD00007932,ORD0002763,P000450,1,191.98,71.55,120.43
OD00007933,ORD0002764,P001980,1,119.71,42.55,77.16
OD00007934,ORD0002764,P001425,2,28.97,20.59,37.35
OD00007935,ORD0002764,P001941,3,25.45,27.14,49.21
OD00007936,ORD0002764,P001823,1,161.67,57.46,104.20999999999998
OD00007937,ORD0002765,P001424,1,394.92,64.52,330.40000000000003
OD00007938,ORD0002766,P001923,1,23.49,3.77,19.72
OD00007939,ORD0002766,P000368,3,166.03,80.0,418.09
OD00007940,ORD0002766,P000206,1,223.59,35.91,187.68
OD00007941,ORD0002767,P000944,4,154.36,118.73,498.71
OD00007942,ORD0002768,P000486,1,60.44,4.41,56.03
OD00007943,ORD0002768,P001980,3,119.71,26.22,332.91
OD00007944,ORD0002769,P001741,2,175.8,72.95,278.65000000000003
OD00007945,ORD0002770,P002074,1,66.39,18.66,47.73
OD00007946,ORD0002770,P001087,2,188.37,105.9,270.84000000000003
OD00007947,ORD0002771,P001069,2,191.91,47.54,336.28
OD00007948,ORD0002771,P001217,2,121.07,29.99,212.15
OD00007949,ORD0002772,P001296,2,25.15,2.82,47.48
OD00007950,ORD0002772,P000973,2,72.39,8.11,136.67000000000002
OD00007951,ORD0002772,P002248,4,10.98,2.46,41.46
OD00007952,ORD0002772,P001293,1,33.57,1.88,31.69
OD00007953,ORD0002772,P001356,2,19.9,2.23,37.57
OD00007954,ORD0002772,P000863,1,9.76,0.55,9.21
OD00007955,ORD0002772,P000352,1,34.92,1.96,32.96
OD00007956,ORD0002772,P002071,2,13.93,1.56,26.3
OD00007957,ORD0002773,P001838,1,85.17,12.47,72.7
OD00007958,ORD0002773,P001324,2,50.65,14.83,86.47
OD00007959,ORD0002773,P001864,1,34.94,5.11,29.83
OD00007960,ORD0002774,P000678,1,55.49,11.88,43.61
OD00007961,ORD0002774,P001471,1,43.22,9.26,33.96
OD00007962,ORD0002774,P002239,1,67.17,14.39,52.78
OD00007963,ORD0002774,P000738,1,371.14,79.49,291.65
OD00007964,ORD0002775,P002036,2,175.35,83.42,267.28
OD00007965,ORD0002775,P000420,2,88.09,41.9,134.28
OD00007966,ORD0002775,P002160,2,75.66,35.99,115.32999999999998
OD00007967,ORD0002776,P001227,1,33.39,12.02,21.37
OD00007968,ORD0002776,P001396,1,178.96,64.41,114.55
OD00007969,ORD0002776,P000694,1,367.97,132.45,235.52000000000004
OD00007970,ORD0002777,P002160,3,75.66,74.84,152.14
OD00007971,ORD0002777,P001714,3,67.48,66.74,135.7
OD00007972,ORD0002777,P000407,1,94.83,31.26,63.56999999999999
OD00007973,ORD0002778,P000856,2,63.98,19.07,108.89
OD00007974,ORD0002778,P000539,4,107.64,64.17,366.39
OD00007975,ORD0002779,P000600,1,120.22,41.3,78.92
OD00007976,ORD0002779,P000249,2,35.26,24.23,46.28999999999999
OD00007977,ORD0002779,P002080,1,10.87,3.73,7.139999999999999
OD00007978,ORD0002779,P001620,2,77.49,53.24,101.73999999999998
OD00007979,ORD0002780,P002189,1,56.28,18.3,37.98
OD00007980,ORD0002780,P000903,1,66.6,21.66,44.94
OD00007981,ORD0002780,P000069,1,169.13,55.0,114.13
OD00007982,ORD0002780,P000169,1,325.61,105.89,219.72000000000003
OD00007983,ORD0002781,P000267,1,296.89,50.84,246.05
OD00007984,ORD0002781,P002163,1,265.72,45.51,220.21000000000004
OD00007985,ORD0002781,P002270,1,52.07,8.92,43.15
OD00007986,ORD0002782,P001971,2,78.74,48.15,109.32999999999998
OD00007987,ORD0002782,P001356,5,19.9,30.42,69.08
OD00007988,ORD0002782,P001439,3,114.69,105.19,238.88
OD00007989,ORD0002783,P001880,1,44.35,6.73,37.620000000000005
OD00007990,ORD0002783,P001210,1,36.08,5.47,30.61
OD00007991,ORD0002783,P001351,1,83.98,12.74,71.24000000000001
OD00007992,ORD0002783,P001973,1,43.92,6.66,37.260000000000005
OD00007993,ORD0002784,P001705,1,171.67,65.19,106.48
OD00007994,ORD0002784,P000830,1,60.53,22.99,37.540000000000006
OD00007995,ORD0002784,P000814,1,23.82,9.05,14.77
OD00007996,ORD0002784,P002314,1,17.13,6.51,10.62
OD00007997,ORD0002785,P001879,1,304.07,28.7,275.37
OD00007998,ORD0002785,P000689,2,52.69,9.94,95.44
OD00007999,ORD0002785,P001389,1,73.67,6.95,66.72
OD00008000,ORD0002786,P000639,1,197.72,61.18,136.54
OD00008001,ORD0002786,P000902,1,128.97,39.9,89.07
OD00008002,ORD0002786,P000201,2,44.12,27.3,60.94
OD00008003,ORD0002787,P001751,1,12.78,3.14,9.64
OD00008004,ORD0002787,P000020,1,71.84,17.64,54.2
OD00008005,ORD0002787,P000422,1,214.66,52.72,161.94
OD00008006,ORD0002787,P001567,2,130.56,64.13,196.99
OD00008007,ORD0002787,P001446,1,71.41,17.54,53.87
OD00008008,ORD0002787,P000110,1,319.97,78.58,241.39000000000004
OD00008009,ORD0002788,P000646,2,29.76,16.32,43.2
OD00008010,ORD0002788,P000719,1,264.73,72.58,192.15000000000003
OD00008011,ORD0002789,P000673,2,91.5,33.83,149.17000000000002
OD00008012,ORD0002789,P000917,2,14.83,5.48,24.18
OD00008013,ORD0002789,P001693,2,88.15,32.59,143.71
OD00008014,ORD0002789,P000798,1,12.58,2.33,10.25
OD00008015,ORD0002789,P001512,2,54.84,20.28,89.4
OD00008016,ORD0002789,P000445,3,103.95,57.65,254.2
OD00008017,ORD0002790,P000849,1,34.74,12.94,21.800000000000004
OD00008018,ORD0002790,P001186,2,220.02,163.91,276.13
OD00008019,ORD0002791,P001173,1,191.51,14.59,176.92
OD00008020,ORD0002791,P000912,1,56.02,4.27,51.75
OD00008021,ORD0002792,P000438,3,93.07,91.61,187.6
OD00008022,ORD0002793,P000630,1,258.76,23.99,234.77
OD00008023,ORD0002793,P001043,2,35.05,6.5,63.6
OD00008024,ORD0002794,P001826,1,27.03,4.25,22.78
OD00008025,ORD0002794,P000150,2,65.77,20.68,110.86
OD00008026,ORD0002794,P001555,3,10.37,4.89,26.22
OD00008027,ORD0002795,P000712,2,258.86,149.44,368.28
OD00008028,ORD0002796,P000513,1,77.34,21.33,56.010000000000005
OD00008029,ORD0002796,P000022,1,45.27,12.48,32.790000000000006
OD00008030,ORD0002796,P001918,3,14.61,12.09,31.74
OD00008031,ORD0002796,P001859,3,97.73,80.86,212.33
OD00008032,ORD0002797,P001398,1,143.49,16.02,127.47
OD00008033,ORD0002797,P001878,2,23.21,5.18,41.24
OD00008034,ORD0002797,P002069,1,61.9,6.91,54.99
OD00008035,ORD0002797,P001609,1,52.22,5.83,46.39
OD00008036,ORD0002798,P001173,2,191.51,109.03,273.99
OD00008037,ORD0002799,P001079,1,32.97,6.83,26.14
OD00008038,ORD0002799,P001065,1,71.66,14.84,56.81999999999999
OD00008039,ORD0002799,P000745,2,91.93,38.07,145.79000000000002
OD00008040,ORD0002800,P000598,1,62.73,0.57,62.16
OD00008041,ORD0002800,P001363,2,72.68,1.33,144.03
OD00008042,ORD0002801,P000095,1,217.36,36.06,181.3
OD00008043,ORD0002802,P000127,2,10.64,3.71,17.57
OD00008044,ORD0002802,P001120,2,107.18,37.39,176.97000000000003
OD00008045,ORD0002802,P002266,3,69.95,36.6,173.25000000000003
OD00008046,ORD0002802,P000327,3,46.13,24.14,114.25
OD00008047,ORD0002802,P000364,2,11.04,3.85,18.23
OD00008048,ORD0002802,P000912,1,56.02,9.77,46.25
OD00008049,ORD0002802,P000021,2,61.51,21.46,101.56
OD00008050,ORD0002802,P000979,1,255.58,44.58,211.0
OD00008051,ORD0002803,P001920,3,81.36,96.87,147.21
OD00008052,ORD0002803,P000029,1,181.85,72.16,109.69
OD00008053,ORD0002803,P000248,5,11.21,22.24,33.81
OD00008054,ORD0002803,P000621,1,44.99,17.85,27.14
OD00008055,ORD0002803,P001590,1,17.74,7.04,10.7
OD00008056,ORD0002804,P000102,2,179.48,114.1,244.86
OD00008057,ORD0002804,P000369,2,57.81,36.75,78.87
OD00008058,ORD0002804,P000841,4,11.89,15.12,32.440000000000005
OD00008059,ORD0002804,P001664,3,10.66,10.17,21.81
OD00008060,ORD0002804,P002272,2,10.52,6.69,14.349999999999998
OD00008061,ORD0002805,P000025,1,34.17,5.51,28.660000000000004
OD00008062,ORD0002805,P001629,1,320.73,51.67,269.06
OD00008063,ORD0002806,P001933,1,124.66,35.48,89.18
OD00008064,ORD0002807,P001962,1,21.74,0.5,21.24
OD00008065,ORD0002807,P000140,1,121.04,2.81,118.23
OD00008066,ORD0002807,P000322,1,13.58,0.32,13.26
OD00008067,ORD0002807,P002266,2,69.95,3.25,136.65
OD00008068,ORD0002808,P000944,2,154.36,108.47,200.25000000000003
OD00008069,ORD0002808,P001177,2,195.04,137.06,253.02
OD00008070,ORD0002809,P001136,3,9.89,3.98,25.69
OD00008071,ORD0002809,P000799,3,27.42,11.03,71.23
OD00008072,ORD0002809,P001901,1,41.33,5.54,35.79
OD00008073,ORD0002809,P001303,2,10.43,2.8,18.06
OD00008074,ORD0002809,P001909,1,57.15,7.66,49.49
OD00008075,ORD0002809,P001169,2,26.41,7.08,45.74
OD00008076,ORD0002809,P002039,3,73.41,29.53,190.7
OD00008077,ORD0002810,P000823,2,70.33,34.53,106.13
OD00008078,ORD0002810,P002149,1,32.43,7.96,24.47
OD00008079,ORD0002810,P001197,1,105.77,25.96,79.81
OD00008080,ORD0002811,P001756,1,150.43,23.37,127.06
OD00008081,ORD0002811,P002015,1,67.71,10.52,57.19
OD00008082,ORD0002811,P001765,2,332.81,103.42,562.2
OD00008083,ORD0002812,P001302,2,176.4,54.25,298.55
OD00008084,ORD0002812,P001097,1,73.14,11.25,61.89
OD00008085,ORD0002813,P000751,2,74.98,7.24,142.72
OD00008086,ORD0002813,P001618,4,35.99,6.96,137.0
OD00008087,ORD0002813,P000339,2,32.37,3.13,61.60999999999999
OD00008088,ORD0002813,P001039,1,57.04,2.76,54.28
OD00008089,ORD0002813,P001652,1,30.01,1.45,28.56
OD00008090,ORD0002814,P000254,2,90.44,34.88,146.0
OD00008091,ORD0002814,P001784,2,49.36,19.03,79.69
OD00008092,ORD0002814,P000669,2,18.28,7.05,29.51
OD00008093,ORD0002814,P000860,1,25.69,4.95,20.74
OD00008094,ORD0002814,P000914,2,11.88,4.58,19.18
OD00008095,ORD0002814,P001208,1,13.74,2.65,11.09
OD00008096,ORD0002815,P001955,1,57.7,5.0,52.7
OD00008097,ORD0002815,P002074,5,66.39,28.75,303.2
OD00008098,ORD0002816,P000892,2,140.5,69.9,211.1
OD00008099,ORD0002816,P000372,3,76.53,57.12,172.47
OD00008100,ORD0002816,P001231,2,105.69,52.59,158.79
OD00008101,ORD0002816,P001086,4,28.87,28.73,86.75
OD00008102,ORD0002817,P001799,1,9.41,2.35,7.0600000000000005
OD00008103,ORD0002817,P000421,1,51.63,12.88,38.75
OD00008104,ORD0002817,P002268,1,17.18,4.28,12.9
OD00008105,ORD0002817,P001985,1,526.56,131.33,395.2299999999999
OD00008106,ORD0002818,P000074,1,170.35,20.55,149.79999999999998
OD00008107,ORD0002818,P000974,2,14.69,3.55,25.83
OD00008108,ORD0002819,P001833,4,170.62,267.79,414.69
OD00008109,ORD0002820,P000564,2,30.78,22.47,39.09
OD00008110,ORD0002820,P001584,1,87.34,31.88,55.46000000000001
OD00008111,ORD0002821,P002135,1,26.88,0.03,26.85
OD00008112,ORD0002821,P000305,1,14.68,0.02,14.66
OD00008113,ORD0002821,P000179,2,20.62,0.05,41.190000000000005
OD00008114,ORD0002821,P001930,1,26.89,0.03,26.86
OD00008115,ORD0002821,P001713,4,88.56,0.41,353.83
OD00008116,ORD0002822,P001202,1,133.98,47.81,86.16999999999999
OD00008117,ORD0002822,P001583,1,143.23,51.11,92.12
OD00008118,ORD0002823,P001420,2,82.13,1.03,163.23
OD00008119,ORD0002824,P000394,1,26.03,6.71,19.32
OD00008120,ORD0002824,P000165,1,204.93,52.84,152.09
OD00008121,ORD0002824,P000558,1,92.47,23.84,68.63
OD00008122,ORD0002825,P000410,1,126.13,22.79,103.34
OD00008123,ORD0002825,P001612,2,235.62,85.13,386.11
OD00008124,ORD0002826,P001440,1,143.19,28.63,114.56
OD00008125,ORD0002827,P001887,1,188.72,29.99,158.73
OD00008126,ORD0002827,P000633,1,62.46,9.93,52.53
OD00008127,ORD0002827,P000800,1,172.5,27.41,145.09
OD00008128,ORD0002827,P001752,1,125.14,19.89,105.25
OD00008129,ORD0002828,P000100,4,101.26,132.56,272.48
OD00008130,ORD0002828,P000069,2,169.13,110.71,227.55
OD00008131,ORD0002828,P001640,1,54.74,17.92,36.82
OD00008132,ORD0002829,P001417,4,47.34,68.13,121.23
OD00008133,ORD0002829,P002126,3,34.09,36.79,65.48000000000002
OD00008134,ORD0002829,P002232,1,24.25,8.72,15.53
OD00008135,ORD0002830,P000942,1,32.92,9.31,23.61
OD00008136,ORD0002830,P002309,1,237.23,67.12,170.11
OD00008137,ORD0002831,P000988,1,247.54,8.54,239.0
OD00008138,ORD0002831,P000994,1,73.25,2.53,70.72
OD00008139,ORD0002831,P000788,2,35.41,2.45,68.36999999999999
OD00008140,ORD0002831,P001286,1,23.89,0.83,23.06
OD00008141,ORD0002831,P000336,1,18.17,0.63,17.540000000000003
OD00008142,ORD0002832,P000384,1,585.69,208.06,377.63000000000005
OD00008143,ORD0002832,P001697,2,212.08,150.68,273.48
OD00008144,ORD0002833,P001565,1,159.08,55.33,103.75
OD00008145,ORD0002833,P002219,2,76.93,53.51,100.35000000000002
OD00008146,ORD0002834,P001919,2,306.46,229.58,383.3399999999999
OD00008147,ORD0002835,P000272,4,62.05,79.27,168.93
OD00008148,ORD0002835,P001616,1,69.59,22.23,47.36
OD00008149,ORD0002835,P001999,1,48.77,15.58,33.190000000000005
OD00008150,ORD0002836,P000836,1,62.14,19.85,42.29
OD00008151,ORD0002836,P000715,2,74.81,47.78,101.84
OD00008152,ORD0002837,P001834,1,273.03,100.42,172.60999999999996
OD00008153,ORD0002837,P001902,2,107.96,79.41,136.51
OD00008154,ORD0002838,P000215,1,591.46,56.15,535.3100000000001
OD00008155,ORD0002839,P001168,1,244.78,3.78,241.0
OD00008156,ORD0002839,P000724,2,31.8,0.98,62.620000000000005
OD00008157,ORD0002839,P001955,1,57.7,0.89,56.81
OD00008158,ORD0002839,P000942,1,32.92,0.51,32.410000000000004
OD00008159,ORD0002839,P002170,1,27.74,0.43,27.31
OD00008160,ORD0002839,P001226,1,26.77,0.41,26.36
OD00008161,ORD0002839,P001871,1,26.17,0.4,25.770000000000003
OD00008162,ORD0002839,P000686,1,22.35,0.34,22.01
OD00008163,ORD0002840,P001617,3,210.59,229.83,401.94
OD00008164,ORD0002840,P002123,3,73.31,80.0,139.93
OD00008165,ORD0002840,P001736,2,44.44,32.33,56.55
OD00008166,ORD0002840,P001556,2,14.89,10.83,18.950000000000003
OD00008167,ORD0002840,P000202,1,18.76,6.82,11.94
OD00008168,ORD0002841,P002086,1,304.53,71.15,233.38
OD00008169,ORD0002842,P000244,1,193.57,64.77,128.8
OD00008170,ORD0002842,P001743,1,82.14,27.48,54.66
OD00008171,ORD0002842,P001640,1,54.74,18.31,36.43000000000001
OD00008172,ORD0002842,P002270,1,52.07,17.42,34.65
OD00008173,ORD0002843,P001711,2,14.26,1.83,26.69
OD00008174,ORD0002843,P000863,1,9.76,0.63,9.13
OD00008175,ORD0002843,P001368,3,96.76,18.66,271.62
OD00008176,ORD0002844,P001423,2,77.52,29.8,125.24
OD00008177,ORD0002844,P001393,2,9.98,3.84,16.12
OD00008178,ORD0002844,P002272,2,10.52,4.04,17.0
OD00008179,ORD0002844,P002245,3,59.05,34.05,143.09999999999997
OD00008180,ORD0002844,P001497,2,101.53,39.03,164.03
OD00008181,ORD0002844,P000177,1,157.31,30.24,127.07
OD00008182,ORD0002845,P000575,2,267.96,87.51,448.41
OD00008183,ORD0002846,P000368,4,166.03,143.64,520.48
OD00008184,ORD0002846,P000624,2,271.96,117.63,426.29
OD00008185,ORD0002846,P000564,3,30.78,19.97,72.37
OD00008186,ORD0002846,P000381,1,78.58,16.99,61.59
OD00008187,ORD0002847,P000145,3,117.11,112.67,238.66
OD00008188,ORD0002848,P000696,1,273.59,36.33,237.26
OD00008189,ORD0002849,P001098,1,103.76,32.1,71.66
OD00008190,ORD0002849,P000877,3,149.61,138.85,309.98
OD00008191,ORD0002849,P000046,1,393.96,121.88,272.08
OD00008192,ORD0002849,P000936,3,153.5,142.46,318.04
OD00008193,ORD0002850,P001548,1,302.03,54.54,247.49
OD00008194,ORD0002850,P001830,1,63.95,11.55,52.400000000000006
OD00008195,ORD0002850,P001661,1,53.94,9.74,44.2
OD00008196,ORD0002850,P001701,1,27.44,4.96,22.48
OD00008197,ORD0002850,P001224,1,23.51,4.25,19.26
OD00008198,ORD0002851,P000353,1,54.34,18.15,36.190000000000005
OD00008199,ORD0002851,P000855,2,103.72,69.28,138.16
OD00008200,ORD0002852,P001689,1,856.09,270.11,585.98
OD00008201,ORD0002852,P001693,3,88.15,83.44,181.01000000000005
OD00008202,ORD0002852,P001534,2,60.76,38.34,83.17999999999999
OD00008203,ORD0002852,P001415,2,38.69,24.42,52.96
OD00008204,ORD0002852,P001039,1,57.04,18.0,39.04
OD00008205,ORD0002852,P001576,1,48.39,15.27,33.120000000000005
OD00008206,ORD0002852,P001992,1,29.94,9.45,20.49
OD00008207,ORD0002852,P002095,1,13.01,4.11,8.899999999999999
OD00008208,ORD0002852,P000681,1,10.09,3.18,6.91
OD00008209,ORD0002853,P000012,2,34.63,17.53,51.73
OD00008210,ORD0002853,P001129,1,37.47,9.49,27.98
OD00008211,ORD0002853,P000019,1,173.53,43.93,129.6
OD00008212,ORD0002853,P000181,1,147.37,37.31,110.06
OD00008213,ORD0002854,P001088,1,494.4,180.86,313.54
OD00008214,ORD0002855,P000508,2,112.43,26.23,198.63
OD00008215,ORD0002855,P000289,2,64.21,14.98,113.43999999999998
OD00008216,ORD0002856,P002010,4,58.56,58.4,175.84
OD00008217,ORD0002856,P002219,3,76.93,57.53,173.26000000000002
OD00008218,ORD0002856,P001757,2,69.58,34.69,104.47
OD00008219,ORD0002856,P000482,2,14.8,7.38,22.22
OD00008220,ORD0002857,P000905,1,99.1,19.15,79.94999999999999
OD00008221,ORD0002857,P002136,2,55.3,21.37,89.22999999999999
OD00008222,ORD0002857,P001764,1,34.28,6.63,27.65
OD00008223,ORD0002857,P000514,1,11.33,2.19,9.14
OD00008224,ORD0002857,P001055,1,88.47,17.1,71.37
OD00008225,ORD0002858,P000251,1,482.54,162.07,320.47
OD00008226,ORD0002859,P001920,4,81.36,13.21,312.23
OD00008227,ORD0002859,P000070,1,95.5,3.88,91.62
OD00008228,ORD0002859,P000689,2,52.69,4.28,101.1
OD00008229,ORD0002859,P002232,1,24.25,0.98,23.27
OD00008230,ORD0002860,P001671,1,48.0,16.24,31.76
OD00008231,ORD0002860,P001953,1,56.75,19.19,37.56
OD00008232,ORD0002860,P001868,1,46.28,15.65,30.630000000000003
OD00008233,ORD0002860,P002044,1,677.92,229.3,448.62
OD00008234,ORD0002860,P001195,1,41.06,13.89,27.17
OD00008235,ORD0002860,P000339,2,32.37,21.9,42.84
OD00008236,ORD0002860,P000366,1,29.87,10.1,19.770000000000003
OD00008237,ORD0002860,P001464,2,518.19,350.54,685.8400000000001
OD00008238,ORD0002861,P001177,1,195.04,66.79,128.25
OD00008239,ORD0002861,P001895,1,102.57,35.12,67.44999999999999
OD00008240,ORD0002862,P000647,1,460.56,146.96,313.6
OD00008241,ORD0002863,P000643,1,501.6,191.05,310.55
OD00008242,ORD0002863,P001890,1,441.15,168.02,273.13
OD00008243,ORD0002863,P001340,2,37.64,28.67,46.61
OD00008244,ORD0002863,P000768,3,10.04,11.47,18.65
OD00008245,ORD0002864,P002136,5,55.3,70.39,206.11
OD00008246,ORD0002864,P001139,1,97.73,24.88,72.85000000000001
OD00008247,ORD0002865,P000405,2,258.82,18.69,498.95
OD00008248,ORD0002865,P001133,2,112.09,8.1,216.08
OD00008249,ORD0002865,P002304,2,105.42,7.61,203.23
OD00008250,ORD0002865,P001072,1,176.87,6.39,170.48000000000002
OD00008251,ORD0002865,P000968,2,77.9,5.63,150.17000000000002
OD00008252,ORD0002865,P002082,1,117.58,4.25,113.33
OD00008253,ORD0002865,P001894,1,116.53,4.21,112.32
OD00008254,ORD0002865,P001727,1,95.65,3.45,92.2
OD00008255,ORD0002865,P001552,1,59.4,2.15,57.25
OD00008256,ORD0002865,P000991,1,51.61,1.86,49.75
OD00008257,ORD0002865,P001973,1,43.92,1.59,42.33
OD00008258,ORD0002865,P000838,1,37.63,1.36,36.27
OD00008259,ORD0002865,P000085,1,34.24,1.24,33.0
OD00008260,ORD0002865,P001113,1,20.44,0.74,19.700000000000003
OD00008261,ORD0002865,P000975,1,18.64,0.67,17.97
OD00008262,ORD0002865,P002173,1,18.12,0.65,17.470000000000002
OD00008263,ORD0002866,P001514,1,28.7,8.65,20.05
OD00008264,ORD0002866,P000494,1,32.88,9.91,22.97
OD00008265,ORD0002866,P001570,1,230.66,69.49,161.17000000000002
OD00008266,ORD0002866,P001452,2,94.02,56.65,131.39
OD00008267,ORD0002867,P000334,1,236.47,41.02,195.45
OD00008268,ORD0002868,P001652,1,30.01,6.51,23.5
OD00008269,ORD0002868,P000106,1,41.55,9.01,32.54
OD00008270,ORD0002868,P001788,1,491.75,106.68,385.07
OD00008271,ORD0002869,P001395,1,165.77,2.08,163.69
OD00008272,ORD0002869,P001652,1,30.01,0.38,29.630000000000003
OD00008273,ORD0002869,P000942,1,32.92,0.41,32.510000000000005
OD00008274,ORD0002869,P000208,1,36.35,0.46,35.89
OD00008275,ORD0002869,P000980,1,22.11,0.28,21.83
OD00008276,ORD0002869,P001547,1,41.35,0.52,40.83
OD00008277,ORD0002870,P001565,1,159.08,30.28,128.8
OD00008278,ORD0002870,P001324,2,50.65,19.28,82.02
OD00008279,ORD0002871,P001133,2,112.09,0.45,223.73
OD00008280,ORD0002871,P000087,2,105.5,0.43,210.57
OD00008281,ORD0002872,P000171,1,270.41,16.17,254.24
OD00008282,ORD0002873,P001997,1,71.56,26.86,44.7
OD00008283,ORD0002873,P000357,1,69.45,26.07,43.38
OD00008284,ORD0002873,P001955,1,57.7,21.66,36.040000000000006
OD00008285,ORD0002873,P001864,2,34.94,26.23,43.64999999999999
OD00008286,ORD0002873,P001541,3,177.11,199.45,331.88000000000005
OD00008287,ORD0002874,P000594,1,33.4,4.74,28.66
OD00008288,ORD0002874,P000773,2,35.94,10.19,61.69
OD00008289,ORD0002875,P000788,1,35.41,4.17,31.239999999999995
OD00008290,ORD0002875,P000975,1,18.64,2.2,16.44
OD00008291,ORD0002875,P000086,1,47.24,5.57,41.67
OD00008292,ORD0002875,P001316,1,33.64,3.97,29.67
OD00008293,ORD0002875,P000306,2,144.25,34.01,254.49
OD00008294,ORD0002875,P000703,1,51.92,6.12,45.8
OD00008295,ORD0002875,P000783,2,37.54,8.85,66.23
OD00008296,ORD0002876,P001751,3,12.78,5.3,33.04
OD00008297,ORD0002876,P001352,2,41.54,11.49,71.59
OD00008298,ORD0002876,P000921,4,58.64,32.43,202.13
OD00008299,ORD0002877,P000015,1,206.98,12.6,194.38
OD00008300,ORD0002878,P000736,1,62.24,12.85,49.39
OD00008301,ORD0002878,P001937,1,58.81,12.14,46.67
OD00008302,ORD0002878,P002105,2,56.69,23.41,89.97
OD00008303,ORD0002879,P001105,2,57.93,17.31,98.55
OD00008304,ORD0002879,P001119,1,86.78,12.97,73.81
OD00008305,ORD0002879,P002250,2,57.7,17.24,98.16
OD00008306,ORD0002879,P001508,3,11.84,5.31,30.21
OD00008307,ORD0002879,P002263,1,114.74,17.14,97.6
OD00008308,ORD0002880,P000531,1,647.43,97.86,549.5699999999999
OD00008309,ORD0002881,P001599,2,288.21,174.01,402.41
OD00008310,ORD0002881,P002308,2,266.59,160.95,372.23
OD00008311,ORD0002882,P000272,2,62.05,26.74,97.36
OD00008312,ORD0002882,P002245,2,59.05,25.44,92.66
OD00008313,ORD0002882,P000995,4,68.69,59.2,215.56
OD00008314,ORD0002883,P002077,2,56.22,2.9,109.54
OD00008315,ORD0002883,P000260,2,33.83,1.75,65.91
OD00008316,ORD0002883,P001665,1,89.24,2.3,86.94
OD00008317,ORD0002884,P001006,4,73.59,26.6,267.76
OD00008318,ORD0002884,P000045,1,129.27,11.68,117.59
OD00008319,ORD0002885,P001652,1,30.01,1.97,28.040000000000003
OD00008320,ORD0002885,P000505,1,154.87,10.16,144.71
OD00008321,ORD0002885,P000084,1,27.33,1.79,25.54
OD00008322,ORD0002886,P002172,2,98.09,12.93,183.25
OD00008323,ORD0002886,P001370,1,177.43,11.71,165.72
OD00008324,ORD0002886,P000313,1,66.79,4.41,62.38000000000001
OD00008325,ORD0002886,P001042,1,55.74,3.68,52.06
OD00008326,ORD0002886,P000226,1,41.66,2.75,38.91
OD00008327,ORD0002887,P002091,1,90.75,32.36,58.39
OD00008328,ORD0002887,P001316,1,33.64,11.99,21.65
OD00008329,ORD0002887,P000929,2,228.87,163.21,294.53
OD00008330,ORD0002888,P001312,1,106.48,5.61,100.87
OD00008331,ORD0002888,P000796,1,271.18,14.3,256.88
OD00008332,ORD0002889,P000057,1,254.75,42.76,211.99
OD00008333,ORD0002889,P001835,1,282.77,47.46,235.31
OD00008334,ORD0002890,P002157,4,59.22,19.84,217.04
OD00008335,ORD0002890,P000164,4,92.04,30.84,337.32000000000005
OD00008336,ORD0002890,P001208,2,13.74,2.3,25.18
OD00008337,ORD0002890,P001749,1,9.46,0.79,8.670000000000002
OD00008338,ORD0002890,P000859,2,410.36,68.75,751.97
OD00008339,ORD0002891,P002306,1,116.06,36.42,79.64
OD00008340,ORD0002891,P000879,1,39.68,12.45,27.23
OD00008341,ORD0002891,P001432,1,63.82,20.02,43.8
OD00008342,ORD0002891,P001239,3,151.33,142.45,311.54
OD00008343,ORD0002892,P000791,2,166.14,47.2,285.08
OD00008344,ORD0002892,P000457,2,134.83,38.3,231.36
OD00008345,ORD0002893,P000751,2,74.98,40.3,109.66
OD00008346,ORD0002893,P001145,1,28.65,7.7,20.95
OD00008347,ORD0002893,P002112,2,95.26,51.21,139.31
OD00008348,ORD0002894,P001336,1,392.7,152.16,240.54
OD00008349,ORD0002895,P000540,2,21.34,10.26,32.42
OD00008350,ORD0002895,P000441,1,291.04,69.95,221.09000000000003
OD00008351,ORD0002896,P000245,3,38.88,44.38,72.26000000000002
OD00008352,ORD0002896,P000784,3,33.58,38.33,62.41
OD00008353,ORD0002896,P000696,1,273.59,104.09,169.49999999999997
OD00008354,ORD0002897,P000079,1,209.16,58.98,150.18
OD00008355,ORD0002897,P000760,2,45.21,25.49,64.93
OD00008356,ORD0002897,P000099,1,79.0,22.27,56.73
OD00008357,ORD0002897,P000386,1,56.52,15.94,40.580000000000005
OD00008358,ORD0002897,P001316,1,33.64,9.48,24.16
OD00008359,ORD0002898,P000750,2,265.76,141.21,390.31
OD00008360,ORD0002899,P000154,1,171.06,67.43,103.63
OD00008361,ORD0002899,P001124,1,196.19,77.33,118.86
OD00008362,ORD0002900,P001479,1,82.15,5.11,77.04
OD00008363,ORD0002900,P000274,2,80.85,10.07,151.63
OD00008364,ORD0002900,P001130,1,170.45,10.61,159.83999999999995
OD00008365,ORD0002900,P000280,1,138.09,8.6,129.49
OD00008366,ORD0002901,P001197,1,105.77,14.96,90.81
OD00008367,ORD0002901,P000496,3,36.73,15.59,94.6
OD00008368,ORD0002901,P000150,2,65.77,18.61,112.93
OD00008369,ORD0002902,P000340,1,584.97,144.26,440.71
OD00008370,ORD0002903,P000990,1,275.76,48.28,227.48
OD00008371,ORD0002903,P001993,2,74.25,25.99,122.51
OD00008372,ORD0002903,P001324,2,50.65,17.73,83.57
OD00008373,ORD0002903,P001400,1,44.33,7.76,36.57
OD00008374,ORD0002903,P000300,2,13.12,4.59,21.65
OD00008375,ORD0002903,P001032,1,9.94,1.74,8.2
OD00008376,ORD0002904,P000515,1,95.92,29.17,66.75
OD00008377,ORD0002904,P001055,1,88.47,26.9,61.57
OD00008378,ORD0002904,P000574,1,111.89,34.02,77.87
OD00008379,ORD0002904,P000772,1,286.89,87.24,199.65
OD00008380,ORD0002904,P001130,2,170.45,103.66,237.24
OD00008381,ORD0002905,P001583,1,143.23,51.84,91.39
OD00008382,ORD0002905,P001092,1,192.6,69.71,122.89
OD00008383,ORD0002906,P000751,2,74.98,27.92,122.04
OD00008384,ORD0002906,P000757,1,41.35,7.7,33.65
OD00008385,ORD0002906,P000616,1,146.91,27.36,119.55
OD00008386,ORD0002907,P000360,1,160.25,40.23,120.02
OD00008387,ORD0002907,P001405,2,113.4,56.94,169.86
OD00008388,ORD0002908,P001277,2,128.8,64.73,192.87
OD00008389,ORD0002909,P001999,1,48.77,10.82,37.95
OD00008390,ORD0002909,P001408,1,205.21,45.54,159.67000000000002
OD00008391,ORD0002909,P001524,4,280.1,248.64,871.7600000000001
OD00008392,ORD0002910,P000333,3,8.41,8.08,17.15
OD00008393,ORD0002910,P000027,1,113.01,36.18,76.83000000000001
OD00008394,ORD0002910,P000525,4,60.39,77.34,164.22
OD00008395,ORD0002911,P001269,4,53.92,27.99,187.69
OD00008396,ORD0002911,P000526,2,100.03,25.97,174.09
OD00008397,ORD0002911,P000829,1,80.11,10.4,69.71
OD00008398,ORD0002911,P001060,2,25.83,6.71,44.95
OD00008399,ORD0002911,P000849,1,34.74,4.51,30.230000000000004
OD00008400,ORD0002912,P001237,1,463.26,130.72,332.54
OD00008401,ORD0002912,P000858,1,36.48,10.29,26.19
OD00008402,ORD0002912,P001923,1,23.49,6.63,16.86
OD00008403,ORD0002912,P000885,1,22.42,6.33,16.090000000000003
OD00008404,ORD0002912,P002108,1,469.76,132.56,337.2
OD00008405,ORD0002913,P000498,2,185.73,134.64,236.82
OD00008406,ORD0002914,P002007,1,53.53,8.24,45.29
OD00008407,ORD0002914,P001542,1,162.43,25.0,137.43
OD00008408,ORD0002914,P001556,3,14.89,6.88,37.79
OD00008409,ORD0002915,P002308,1,266.59,3.98,262.61
OD00008410,ORD0002916,P001064,1,113.86,0.66,113.2
OD00008411,ORD0002916,P002211,2,55.86,0.65,111.07
OD00008412,ORD0002916,P000016,1,23.31,0.13,23.18
OD00008413,ORD0002917,P000785,1,120.71,27.7,93.01
OD00008414,ORD0002917,P001438,1,74.69,17.14,57.55
OD00008415,ORD0002917,P001453,1,225.88,51.83,174.05
OD00008416,ORD0002918,P001820,3,138.32,157.6,257.36
OD00008417,ORD0002918,P001580,4,92.93,141.18,230.54
OD00008418,ORD0002918,P000854,4,36.73,55.8,91.12
OD00008419,ORD0002918,P001521,1,80.03,30.4,49.63
OD00008420,ORD0002918,P000431,3,12.62,14.38,23.48
OD00008421,ORD0002918,P000748,1,10.6,4.03,6.569999999999999
OD00008422,ORD0002919,P001422,1,102.53,12.37,90.16
OD00008423,ORD0002919,P001691,1,100.93,12.18,88.75
OD00008424,ORD0002920,P001328,1,368.35,84.37,283.98
OD00008425,ORD0002920,P000049,2,84.17,38.55,129.79000000000002
OD00008426,ORD0002920,P000351,1,12.41,2.84,9.57
OD00008427,ORD0002921,P001682,1,32.8,2.52,30.28
OD00008428,ORD0002921,P000020,1,71.84,5.51,66.33
OD00008429,ORD0002921,P001619,1,449.96,34.51,415.45
OD00008430,ORD0002922,P001900,1,186.85,42.96,143.89
OD00008431,ORD0002922,P002013,2,245.47,112.86,378.08
OD00008432,ORD0002923,P001920,3,81.36,14.02,230.06
OD00008433,ORD0002923,P001756,2,150.43,17.28,283.58000000000004
OD00008434,ORD0002924,P000915,1,38.66,9.92,28.739999999999995
OD00008435,ORD0002924,P000900,3,15.88,12.23,35.41
OD00008436,ORD0002924,P001306,2,63.83,32.77,94.89
OD00008437,ORD0002924,P001143,1,14.52,3.73,10.79
OD00008438,ORD0002924,P001330,1,112.02,28.76,83.25999999999999
OD00008439,ORD0002924,P000228,2,198.22,101.77,294.67
OD00008440,ORD0002925,P001458,1,61.68,22.58,39.1
OD00008441,ORD0002925,P001693,1,88.15,32.27,55.88
OD00008442,ORD0002925,P001592,1,13.14,4.81,8.330000000000002
OD00008443,ORD0002925,P001363,3,72.68,79.81,138.23000000000002
OD00008444,ORD0002926,P000655,2,91.51,2.29,180.73
OD00008445,ORD0002926,P000784,3,33.58,1.26,99.48
OD00008446,ORD0002926,P002292,2,12.73,0.32,25.14
OD00008447,ORD0002926,P001495,4,56.01,2.81,221.23
OD00008448,ORD0002926,P001086,1,28.87,0.36,28.51
OD00008449,ORD0002927,P001439,1,114.69,23.56,91.13
OD00008450,ORD0002927,P001200,3,37.45,23.08,89.27000000000001
OD00008451,ORD0002927,P000983,3,32.85,20.25,78.30000000000001
OD00008452,ORD0002928,P001373,1,471.83,104.19,367.64
OD00008453,ORD0002929,P001387,3,78.99,35.95,201.02
OD00008454,ORD0002929,P000517,4,88.21,53.53,299.30999999999995
OD00008455,ORD0002929,P000484,1,253.54,38.46,215.08
OD00008456,ORD0002930,P001503,1,547.94,86.71,461.2300000000001
OD00008457,ORD0002931,P001695,1,34.34,7.68,26.660000000000004
OD00008458,ORD0002931,P001609,3,52.22,35.03,121.63
OD00008459,ORD0002931,P000089,2,81.83,36.6,127.06
OD00008460,ORD0002931,P001043,3,35.05,23.51,81.63999999999999
OD00008461,ORD0002931,P000300,1,13.12,2.93,10.19
OD00008462,ORD0002931,P001764,4,34.28,30.66,106.46
OD00008463,ORD0002932,P000957,1,284.87,80.55,204.32
OD00008464,ORD0002932,P002225,2,36.17,20.45,51.89
OD00008465,ORD0002932,P000459,1,599.58,169.54,430.0400000000001
OD00008466,ORD0002933,P001630,1,70.33,25.55,44.78
OD00008467,ORD0002933,P001644,1,29.68,10.78,18.9
OD00008468,ORD0002933,P001226,1,26.77,9.72,17.049999999999997
OD00008469,ORD0002933,P000410,1,126.13,45.82,80.31
OD00008470,ORD0002933,P002185,1,36.45,13.24,23.21
OD00008471,ORD0002933,P000540,1,21.34,7.75,13.59
OD00008472,ORD0002933,P002038,1,181.16,65.81,115.35
OD00008473,ORD0002934,P001812,2,246.79,194.56,299.02
OD00008474,ORD0002934,P001429,3,24.69,29.2,44.870000000000005
OD00008475,ORD0002934,P000097,1,54.28,21.4,32.88
OD00008476,ORD0002934,P001576,1,48.39,19.08,29.31
OD00008477,ORD0002935,P001396,1,178.96,17.82,161.14
OD00008478,ORD0002935,P001504,2,63.19,12.59,113.79
OD00008479,ORD0002936,P001607,1,100.92,30.42,70.5
OD00008480,ORD0002936,P002218,2,87.69,52.87,122.51
OD00008481,ORD0002937,P001547,1,41.35,0.85,40.5
OD00008482,ORD0002937,P000752,1,34.14,0.7,33.44
OD00008483,ORD0002937,P002218,1,87.69,1.81,85.88
OD00008484,ORD0002937,P000778,2,284.46,11.72,557.1999999999999
OD00008485,ORD0002938,P000598,1,62.73,14.65,48.08
OD00008486,ORD0002938,P000071,2,26.45,12.35,40.55
OD00008487,ORD0002938,P000528,1,13.93,3.25,10.68
OD00008488,ORD0002938,P001489,1,55.92,13.06,42.86
OD00008489,ORD0002939,P002163,1,265.72,102.32,163.4
OD00008490,ORD0002939,P000525,1,60.39,23.26,37.13
OD00008491,ORD0002939,P001937,1,58.81,22.65,36.16
OD00008492,ORD0002940,P000173,1,25.33,6.21,19.12
OD00008493,ORD0002940,P000699,1,62.43,15.3,47.13
OD00008494,ORD0002940,P001711,3,14.26,10.48,32.3
OD00008495,ORD0002940,P001643,1,107.38,26.31,81.07
OD00008496,ORD0002940,P000145,1,117.11,28.69,88.42
OD00008497,ORD0002941,P001348,1,13.6,1.85,11.75
OD00008498,ORD0002941,P001375,1,196.3,26.74,169.56
OD00008499,ORD0002942,P000814,1,23.82,8.54,15.28
OD00008500,ORD0002942,P000630,1,258.76,92.73,166.02999999999997
OD00008501,ORD0002943,P000521,1,55.59,13.99,41.6
OD00008502,ORD0002943,P000156,1,31.75,7.99,23.76
OD00008503,ORD0002943,P000336,1,18.17,4.57,13.6
OD00008504,ORD0002943,P001394,1,101.9,25.65,76.25
OD00008505,ORD0002943,P000885,2,22.42,11.29,33.550000000000004
OD00008506,ORD0002943,P001054,1,301.78,75.96,225.82
OD00008507,ORD0002944,P000015,1,206.98,25.79,181.19
OD00008508,ORD0002945,P001735,1,375.06,10.4,364.66
OD00008509,ORD0002946,P001307,2,114.0,25.64,202.36
OD00008510,ORD0002946,P002132,1,123.55,13.9,109.65
OD00008511,ORD0002946,P002105,2,56.69,12.75,100.63
OD00008512,ORD0002946,P000128,5,12.89,7.25,57.2
OD00008513,ORD0002946,P000078,2,14.74,3.32,26.16
OD00008514,ORD0002947,P000890,2,34.44,2.71,66.17
OD00008515,ORD0002947,P001819,4,96.77,15.25,371.83
OD00008516,ORD0002947,P001920,1,81.36,3.21,78.15
OD00008517,ORD0002947,P001709,2,10.37,0.82,19.92
OD00008518,ORD0002947,P001631,2,94.88,7.48,182.28
OD00008519,ORD0002948,P001763,2,88.72,65.31,112.13
OD00008520,ORD0002948,P000200,1,154.38,56.82,97.56
OD00008521,ORD0002948,P002100,1,84.84,31.23,53.61
OD00008522,ORD0002948,P002062,1,287.21,105.71,181.5
OD00008523,ORD0002949,P000067,1,171.85,30.63,141.22
OD00008524,ORD0002949,P001798,1,110.01,19.6,90.41
OD00008525,ORD0002949,P000198,1,23.36,4.16,19.2
OD00008526,ORD0002950,P000488,2,166.19,98.67,233.71
OD00008527,ORD0002950,P001316,1,33.64,9.99,23.65
OD00008528,ORD0002950,P002055,1,26.6,7.9,18.700000000000003
OD00008529,ORD0002951,P000523,2,11.87,3.47,20.27
OD00008530,ORD0002951,P000484,1,253.54,37.03,216.51
OD00008531,ORD0002952,P001478,1,475.02,80.47,394.55
OD00008532,ORD0002952,P000720,1,183.02,31.01,152.01000000000002
OD00008533,ORD0002952,P000589,1,239.79,40.62,199.17
OD00008534,ORD0002953,P001189,1,689.31,228.04,461.27
OD00008535,ORD0002954,P002051,1,71.11,25.16,45.95
OD00008536,ORD0002954,P002078,1,176.81,62.57,114.24
OD00008537,ORD0002954,P001359,2,71.6,50.67,92.53
OD00008538,ORD0002955,P001205,1,373.4,54.26,319.14
OD00008539,ORD0002956,P001313,1,174.47,17.0,157.47
OD00008540,ORD0002956,P001968,1,151.1,14.71,136.39
OD00008541,ORD0002956,P002071,2,13.93,2.71,25.15
OD00008542,ORD0002956,P000887,1,14.73,1.43,13.3
OD00008543,ORD0002957,P001422,1,102.53,39.68,62.85
OD00008544,ORD0002957,P000746,1,256.75,99.37,157.38
OD00008545,ORD0002958,P001139,1,97.73,3.18,94.55
OD00008546,ORD0002958,P001691,1,100.93,3.29,97.64
OD00008547,ORD0002958,P000357,1,69.45,2.26,67.19
OD00008548,ORD0002958,P002163,1,265.72,8.65,257.07000000000005
OD00008549,ORD0002958,P001674,1,50.34,1.64,48.7
OD00008550,ORD0002958,P000084,1,27.33,0.89,26.44
OD00008551,ORD0002959,P001421,1,9.63,3.29,6.340000000000001
OD00008552,ORD0002959,P002088,3,43.71,44.81,86.32
OD00008553,ORD0002960,P000368,1,166.03,4.56,161.47
OD00008554,ORD0002961,P001722,1,73.37,17.88,55.49000000000001
OD00008555,ORD0002961,P000636,1,158.87,38.71,120.16
OD00008556,ORD0002962,P002245,4,59.05,47.06,189.14
OD00008557,ORD0002962,P002062,2,287.21,114.46,459.96
OD00008558,ORD0002963,P000068,2,218.79,21.11,416.47
OD00008559,ORD0002963,P002002,1,105.55,5.09,100.46
OD00008560,ORD0002964,P000576,2,271.35,21.72,520.98
OD00008561,ORD0002964,P001527,2,9.84,0.79,18.89
OD00008562,ORD0002964,P001413,2,101.76,8.14,195.38
OD00008563,ORD0002965,P000933,1,78.76,7.92,70.84
OD00008564,ORD0002965,P000924,1,23.55,2.37,21.18
OD00008565,ORD0002965,P001851,1,110.76,11.14,99.62
OD00008566,ORD0002966,P001066,1,224.69,78.37,146.32
OD00008567,ORD0002966,P002275,1,505.68,176.39,329.29
OD00008568,ORD0002967,P001279,3,35.91,29.63,78.1
OD00008569,ORD0002967,P000830,1,60.53,16.65,43.88
OD00008570,ORD0002967,P000226,1,41.66,11.46,30.2
OD00008571,ORD0002967,P000451,1,225.83,62.12,163.71
OD00008572,ORD0002968,P001083,3,96.04,77.77,210.35
OD00008573,ORD0002968,P001413,2,101.76,54.93,148.59
OD00008574,ORD0002968,P000763,1,25.62,6.91,18.71
OD00008575,ORD0002969,P001923,1,23.49,5.01,18.48
OD00008576,ORD0002969,P000488,2,166.19,70.92,261.46
OD00008577,ORD0002970,P001823,1,161.67,32.65,129.01999999999998
OD00008578,ORD0002971,P001512,3,54.84,33.88,130.64
OD00008579,ORD0002971,P002143,1,665.38,137.01,528.37
OD00008580,ORD0002972,P000574,2,111.89,8.93,214.85
OD00008581,ORD0002972,P001849,1,189.02,7.54,181.48
OD00008582,ORD0002972,P000249,1,35.26,1.41,33.85
OD00008583,ORD0002972,P000521,1,55.59,2.22,53.370000000000005
OD00008584,ORD0002972,P000665,1,57.5,2.29,55.21
OD00008585,ORD0002973,P000979,1,255.58,71.63,183.95
OD00008586,ORD0002973,P000352,2,34.92,19.58,50.260000000000005
OD00008587,ORD0002973,P002069,1,61.9,17.35,44.55
OD00008588,ORD0002973,P001508,2,11.84,6.64,17.04
OD00008589,ORD0002974,P002039,2,73.41,46.29,100.53
OD00008590,ORD0002974,P002131,1,140.8,44.4,96.4
OD00008591,ORD0002975,P001941,1,25.45,4.81,20.64
OD00008592,ORD0002975,P001173,2,191.51,72.35,310.67
OD00008593,ORD0002976,P000481,1,113.87,43.08,70.79
OD00008594,ORD0002976,P002305,1,59.46,22.5,36.96
OD00008595,ORD0002976,P001608,1,51.31,19.42,31.89
OD00008596,ORD0002976,P000942,1,32.92,12.46,20.46
OD00008597,ORD0002977,P000096,2,133.26,27.88,238.64
OD00008598,ORD0002977,P000665,1,57.5,6.01,51.49
OD00008599,ORD0002977,P001703,1,35.31,3.69,31.62
OD00008600,ORD0002978,P001249,1,261.22,102.32,158.90000000000003
OD00008601,ORD0002979,P001284,2,38.1,28.99,47.21000000000001
OD00008602,ORD0002979,P001184,1,129.74,49.37,80.37
OD00008603,ORD0002980,P001356,1,19.9,5.83,14.07
OD00008604,ORD0002980,P000432,1,41.17,12.05,29.12
OD00008605,ORD0002980,P001061,1,285.79,83.68,202.11
OD00008606,ORD0002981,P000507,1,80.27,21.23,59.04
OD00008607,ORD0002981,P001516,5,12.13,16.03,44.620000000000005
OD00008608,ORD0002981,P001881,1,55.24,14.6,40.64
OD00008609,ORD0002981,P002053,1,47.97,12.68,35.29
OD00008610,ORD0002981,P000282,1,37.05,9.8,27.25
OD00008611,ORD0002981,P002101,1,14.57,3.85,10.72
OD00008612,ORD0002982,P001722,2,73.37,39.05,107.69
OD00008613,ORD0002982,P001067,1,202.98,54.01,148.97
OD00008614,ORD0002982,P001847,2,112.69,59.97,165.41
OD00008615,ORD0002982,P000719,1,264.73,70.45,194.28000000000003
OD00008616,ORD0002983,P000849,1,34.74,12.8,21.94
OD00008617,ORD0002983,P000433,1,37.77,13.91,23.860000000000003
OD00008618,ORD0002983,P000359,4,108.86,160.41,275.03
OD00008619,ORD0002984,P000508,2,112.43,72.57,152.29
OD00008620,ORD0002984,P000273,2,78.47,50.64,106.3
OD00008621,ORD0002984,P000909,2,41.22,26.6,55.84
OD00008622,ORD0002984,P002156,2,38.4,24.78,52.02
OD00008623,ORD0002984,P000496,2,36.73,23.71,49.74999999999999
OD00008624,ORD0002985,P000938,2,137.76,33.96,241.56
OD00008625,ORD0002985,P000476,1,140.45,17.31,123.14
OD00008626,ORD0002986,P001330,2,112.02,30.65,193.39
OD00008627,ORD0002986,P001986,1,124.07,16.98,107.09
OD00008628,ORD0002986,P001678,1,26.35,3.61,22.74
OD00008629,ORD0002986,P000503,1,25.84,3.54,22.3
OD00008630,ORD0002987,P002219,4,76.93,107.96,199.76000000000005
OD00008631,ORD0002987,P000673,2,91.5,64.21,118.79
OD00008632,ORD0002988,P001752,2,125.14,35.3,214.98
OD00008633,ORD0002988,P000227,1,18.23,2.57,15.66
OD00008634,ORD0002988,P001311,2,77.31,21.81,132.81
OD00008635,ORD0002989,P000348,1,29.35,9.68,19.67
OD00008636,ORD0002989,P001762,1,189.9,62.61,127.29
OD00008637,ORD0002989,P000180,3,41.7,41.24,83.86000000000001
OD00008638,ORD0002990,P000998,1,704.11,35.74,668.37
OD00008639,ORD0002990,P000584,3,76.93,11.71,219.08
OD00008640,ORD0002990,P002088,4,43.71,8.87,165.97
OD00008641,ORD0002990,P001722,1,73.37,3.72,69.65
OD00008642,ORD0002990,P001678,1,26.35,1.34,25.01
OD00008643,ORD0002991,P000989,1,174.81,54.86,119.95
OD00008644,ORD0002991,P001468,3,15.46,14.55,31.83
OD00008645,ORD0002991,P002071,2,13.93,8.74,19.12
OD00008646,ORD0002992,P000485,4,115.32,0.04,461.24
OD00008647,ORD0002993,P001764,1,34.28,13.09,21.19
OD00008648,ORD0002993,P001170,1,622.69,237.75,384.94000000000005
OD00008649,ORD0002994,P001253,2,260.87,122.82,398.92
OD00008650,ORD0002995,P002290,1,27.67,8.08,19.590000000000003
OD00008651,ORD0002995,P000263,1,155.08,45.27,109.81
OD00008652,ORD0002996,P000467,1,81.3,9.59,71.71
OD00008653,ORD0002996,P001465,1,118.28,13.96,104.32
OD00008654,ORD0002997,P001275,2,93.33,41.67,144.99
OD00008655,ORD0002997,P001572,1,293.74,65.57,228.17
OD00008656,ORD0002998,P000973,1,72.39,16.31,56.08
OD00008657,ORD0002998,P001465,2,118.28,53.28,183.28
OD00008658,ORD0002999,P000031,2,95.77,7.59,183.95
OD00008659,ORD0002999,P000885,1,22.42,0.89,21.53
OD00008660,ORD0003000,P001288,1,107.47,33.52,73.94999999999999
OD00008661,ORD0003000,P000980,1,22.11,6.9,15.21
OD00008662,ORD0003000,P000269,1,27.27,8.51,18.76
OD00008663,ORD0003000,P001951,3,95.32,89.19,196.77
OD00008664,ORD0003000,P001693,1,88.15,27.49,60.66000000000001
OD00008665,ORD0003000,P000200,1,154.38,48.15,106.23
OD00008666,ORD0003000,P001012,2,341.22,212.85,469.59
OD00008667,ORD0003001,P001951,2,95.32,18.73,171.91
OD00008668,ORD0003001,P001520,1,417.45,41.02,376.43
OD00008669,ORD0003002,P000832,2,120.53,77.34,163.72
OD00008670,ORD0003003,P000159,1,485.98,13.37,472.61
OD00008671,ORD0003004,P000363,2,380.21,299.25,461.17
OD00008672,ORD0003005,P001183,2,327.53,253.04,402.02
OD00008673,ORD0003006,P000302,1,10.64,2.77,7.870000000000001
OD00008674,ORD0003006,P000932,1,135.01,35.13,99.88
OD00008675,ORD0003006,P000358,3,164.89,128.73,365.94
OD00008676,ORD0003007,P001487,1,214.5,6.83,207.67
OD00008677,ORD0003008,P000072,1,59.91,17.32,42.59
OD00008678,ORD0003008,P001302,2,176.4,102.01,250.79
OD00008679,ORD0003009,P000352,3,34.92,17.65,87.11000000000001
OD00008680,ORD0003009,P002302,3,14.66,7.41,36.57000000000001
OD00008681,ORD0003009,P002203,1,16.62,2.8,13.82
OD00008682,ORD0003009,P000452,3,78.18,39.51,195.03000000000003
OD00008683,ORD0003009,P000362,1,98.69,16.62,82.07
OD00008684,ORD0003009,P001676,2,174.55,58.8,290.3
OD00008685,ORD0003010,P001312,2,106.48,63.63,149.33
OD00008686,ORD0003010,P001719,4,37.8,45.18,106.01999999999998
OD00008687,ORD0003010,P001261,3,36.82,33.01,77.45000000000002
OD00008688,ORD0003010,P001523,1,26.84,8.02,18.82
OD00008689,ORD0003010,P000351,2,12.41,7.42,17.4
OD00008690,ORD0003011,P000574,3,111.89,81.47,254.2
OD00008691,ORD0003011,P000862,1,660.18,160.24,499.94
OD00008692,ORD0003011,P000717,2,204.46,99.25,309.67
OD00008693,ORD0003012,P000748,2,10.6,8.41,12.79
OD00008694,ORD0003012,P001101,3,32.4,38.58,58.61999999999999
OD00008695,ORD0003012,P000341,1,39.05,15.5,23.55
OD00008696,ORD0003012,P001698,3,16.22,19.31,29.35
OD00008697,ORD0003012,P002097,1,36.02,14.3,21.72
OD00008698,ORD0003012,P000929,1,228.87,90.84,138.03
OD00008699,ORD0003013,P000783,1,37.54,14.16,23.38
OD00008700,ORD0003013,P001417,1,47.34,17.86,29.480000000000004
OD00008701,ORD0003013,P000170,2,57.2,43.16,71.24000000000001
OD00008702,ORD0003013,P002259,1,224.79,84.8,139.99
OD00008703,ORD0003014,P002256,1,228.62,66.79,161.82999999999998
OD00008704,ORD0003015,P000074,3,170.35,111.14,399.91
OD00008705,ORD0003016,P000402,2,72.69,9.34,136.04
OD00008706,ORD0003016,P000927,5,26.92,8.64,125.96000000000002
OD00008707,ORD0003016,P001341,1,93.05,5.97,87.08
OD00008708,ORD0003016,P001997,1,71.56,4.59,66.97
OD00008709,ORD0003016,P001461,1,34.97,2.25,32.72
OD00008710,ORD0003017,P001452,2,94.02,25.07,162.97
OD00008711,ORD0003017,P001276,3,48.28,19.32,125.52
OD00008712,ORD0003017,P001727,1,95.65,12.76,82.89
OD00008713,ORD0003017,P000376,2,24.72,6.59,42.85
OD00008714,ORD0003017,P002096,2,8.98,2.4,15.56
OD00008715,ORD0003017,P000798,1,12.58,1.68,10.9
OD00008716,ORD0003018,P000599,1,692.16,209.11,483.05
OD00008717,ORD0003018,P001693,4,88.15,106.52,246.08000000000004
OD00008718,ORD0003018,P000135,2,90.09,54.43,125.75
OD00008719,ORD0003018,P001800,1,17.79,5.37,12.419999999999998
OD00008720,ORD0003019,P001740,1,494.57,187.42,307.15
OD00008721,ORD0003019,P001317,1,205.22,77.77,127.45
OD00008722,ORD0003019,P000386,2,56.52,42.84,70.2
OD00008723,ORD0003019,P000508,1,112.43,42.61,69.82000000000001
OD00008724,ORD0003019,P001391,3,25.99,29.55,48.42
OD00008725,ORD0003019,P001383,1,75.19,28.5,46.69
OD00008726,ORD0003019,P000657,1,35.83,13.58,22.25
OD00008727,ORD0003019,P000173,1,25.33,9.6,15.73
OD00008728,ORD0003019,P000841,1,11.89,4.51,7.380000000000001
OD00008729,ORD0003020,P000842,1,1339.78,439.98,899.8
OD00008730,ORD0003021,P002289,1,103.63,29.55,74.08
OD00008731,ORD0003021,P000256,3,36.35,31.09,77.96000000000001
OD00008732,ORD0003021,P001866,2,15.5,8.84,22.16
OD00008733,ORD0003021,P000416,1,28.45,8.11,20.34
OD00008734,ORD0003021,P000566,3,14.91,12.75,31.980000000000004
OD00008735,ORD0003021,P001625,1,920.97,262.57,658.4000000000001
OD00008736,ORD0003022,P000037,1,27.44,4.15,23.29
OD00008737,ORD0003022,P000109,2,57.96,17.53,98.39
OD00008738,ORD0003022,P000399,1,127.88,19.33,108.55
OD00008739,ORD0003023,P001117,2,157.3,118.42,196.18
OD00008740,ORD0003023,P001528,2,121.63,91.57,151.69
OD00008741,ORD0003024,P000746,1,256.75,63.17,193.58
OD00008742,ORD0003024,P000309,1,234.35,57.65,176.7
OD00008743,ORD0003025,P000133,2,49.91,16.3,83.52
OD00008744,ORD0003026,P000714,3,24.25,0.56,72.19
OD00008745,ORD0003026,P000260,1,33.83,0.26,33.57
OD00008746,ORD0003026,P000452,2,78.18,1.21,155.15
OD00008747,ORD0003026,P001244,1,28.47,0.22,28.25
OD00008748,ORD0003026,P002160,1,75.66,0.59,75.07
OD00008749,ORD0003027,P000498,2,185.73,10.7,360.76
OD00008750,ORD0003027,P001125,1,81.57,2.35,79.22
OD00008751,ORD0003027,P002188,1,234.61,6.76,227.85
OD00008752,ORD0003028,P000463,3,31.28,34.77,59.07
OD00008753,ORD0003028,P002304,1,105.42,39.06,66.36
OD00008754,ORD0003029,P000420,1,88.09,20.68,67.41
OD00008755,ORD0003029,P000630,1,258.76,60.76,198.0
OD00008756,ORD0003030,P001414,1,106.78,1.92,104.86
OD00008757,ORD0003030,P000079,1,209.16,3.76,205.4
OD00008758,ORD0003030,P000798,1,12.58,0.23,12.35
OD00008759,ORD0003030,P000397,1,25.56,0.46,25.1
OD00008760,ORD0003031,P000134,2,59.46,16.6,102.32
OD00008761,ORD0003031,P001795,2,35.87,10.02,61.72
OD00008762,ORD0003031,P002076,1,202.45,28.27,174.17999999999998
OD00008763,ORD0003031,P000780,2,16.91,4.72,29.1
OD00008764,ORD0003031,P000917,2,14.83,4.14,25.52
OD00008765,ORD0003031,P001631,1,94.88,13.25,81.63
OD00008766,ORD0003032,P000126,1,273.19,2.76,270.43
OD00008767,ORD0003032,P001671,1,48.0,0.48,47.52
OD00008768,ORD0003033,P000134,1,59.46,20.01,39.45
OD00008769,ORD0003033,P001664,2,10.66,7.17,14.15
OD00008770,ORD0003033,P001937,1,58.81,19.79,39.02
OD00008771,ORD0003033,P000513,2,77.34,52.04,102.64
OD00008772,ORD0003034,P001426,2,273.67,113.46,433.88000000000005
OD00008773,ORD0003035,P000586,1,11.47,0.79,10.68
OD00008774,ORD0003035,P001257,1,208.35,14.41,193.94
OD00008775,ORD0003036,P000105,1,198.95,71.99,126.96
OD00008776,ORD0003036,P000203,2,108.8,78.74,138.86
OD00008777,ORD0003037,P000724,1,31.8,7.63,24.17
OD00008778,ORD0003037,P002052,1,108.94,26.12,82.82
OD00008779,ORD0003037,P000263,1,155.08,37.19,117.89
OD00008780,ORD0003038,P001339,1,25.13,6.62,18.51
OD00008781,ORD0003038,P001417,1,47.34,12.47,34.870000000000005
OD00008782,ORD0003038,P001227,1,33.39,8.8,24.59
OD00008783,ORD0003038,P000082,1,153.12,40.34,112.78
OD00008784,ORD0003038,P002186,1,274.4,72.3,202.1
OD00008785,ORD0003039,P002106,2,229.38,87.36,371.4
OD00008786,ORD0003039,P001629,1,320.73,61.08,259.65000000000003
OD00008787,ORD0003039,P001268,3,23.96,13.69,58.19
OD00008788,ORD0003039,P000665,1,57.5,10.95,46.55
OD00008789,ORD0003039,P002189,1,56.28,10.72,45.56
OD00008790,ORD0003039,P001678,2,26.35,10.04,42.66
OD00008791,ORD0003040,P000186,1,42.44,16.83,25.61
OD00008792,ORD0003040,P000645,1,558.84,221.68,337.16
OD00008793,ORD0003041,P000967,1,833.17,85.8,747.37
OD00008794,ORD0003042,P001900,2,186.85,66.71,306.99
OD00008795,ORD0003042,P000816,1,131.34,23.44,107.9
OD00008796,ORD0003043,P001071,2,73.4,56.46,90.34
OD00008797,ORD0003043,P000435,1,257.36,98.98,158.38
OD00008798,ORD0003044,P002226,1,24.51,2.74,21.770000000000003
OD00008799,ORD0003044,P001906,5,36.23,20.23,160.92
OD00008800,ORD0003044,P001045,3,40.61,13.6,108.23
OD00008801,ORD0003045,P001849,1,189.02,27.85,161.17
OD00008802,ORD0003045,P000947,1,49.8,7.34,42.46
OD00008803,ORD0003045,P001226,1,26.77,3.95,22.82
OD00008804,ORD0003046,P001644,1,29.68,5.05,24.63
OD00008805,ORD0003046,P000410,1,126.13,21.47,104.66
OD00008806,ORD0003047,P000512,3,80.45,96.3,145.05
OD00008807,ORD0003047,P000089,2,81.83,65.31,98.35
OD00008808,ORD0003047,P001113,1,20.44,8.16,12.28
OD00008809,ORD0003048,P001940,2,220.56,122.23,318.89
OD00008810,ORD0003049,P001915,1,419.1,72.28,346.82
OD00008811,ORD0003049,P001161,2,72.63,25.05,120.21
OD00008812,ORD0003049,P002077,2,56.22,19.39,93.05
OD00008813,ORD0003049,P002226,4,24.51,16.9,81.14000000000001
OD00008814,ORD0003049,P000022,2,45.27,15.61,74.93
OD00008815,ORD0003049,P002314,4,17.13,11.81,56.71
OD00008816,ORD0003049,P000903,1,66.6,11.48,55.11999999999999
OD00008817,ORD0003049,P000734,3,14.66,7.58,36.400000000000006
OD00008818,ORD0003049,P000120,2,10.21,3.52,16.900000000000002
OD00008819,ORD0003050,P001288,1,107.47,23.07,84.4
OD00008820,ORD0003050,P001314,2,35.98,15.45,56.50999999999999
OD00008821,ORD0003050,P001412,5,63.56,68.22,249.58
OD00008822,ORD0003050,P002056,1,328.3,70.47,257.83000000000004
OD00008823,ORD0003051,P000782,4,232.59,342.41,587.95
OD00008824,ORD0003052,P001269,1,53.92,11.13,42.79
OD00008825,ORD0003052,P002059,1,82.13,16.95,65.17999999999999
OD00008826,ORD0003052,P001186,1,220.02,45.41,174.61
OD00008827,ORD0003053,P001794,2,146.5,75.42,217.58
OD00008828,ORD0003053,P000898,1,282.83,72.81,210.02
OD00008829,ORD0003053,P002051,1,71.11,18.31,52.8
OD00008830,ORD0003054,P001116,1,183.26,68.85,114.41
OD00008831,ORD0003054,P000432,4,41.17,61.88,102.8
OD00008832,ORD0003054,P001380,1,49.79,18.71,31.08
OD00008833,ORD0003055,P001752,2,125.14,30.42,219.86
OD00008834,ORD0003056,P000871,1,111.44,39.2,72.24
OD00008835,ORD0003056,P000708,1,80.43,28.29,52.14000000000001
OD00008836,ORD0003057,P001339,1,25.13,8.73,16.4
OD00008837,ORD0003057,P002156,5,38.4,66.68,125.32
OD00008838,ORD0003057,P002146,2,60.76,42.2,79.32
OD00008839,ORD0003057,P002170,1,27.74,9.63,18.11
OD00008840,ORD0003057,P000401,1,239.47,83.16,156.31
OD00008841,ORD0003058,P002223,1,17.24,6.21,11.029999999999998
OD00008842,ORD0003058,P000792,1,62.69,22.58,40.11
OD00008843,ORD0003058,P001637,1,273.94,98.65,175.29
OD00008844,ORD0003058,P000398,2,31.28,22.53,40.03
OD00008845,ORD0003058,P000108,1,34.08,12.27,21.81
OD00008846,ORD0003058,P001556,1,14.89,5.36,9.53
OD00008847,ORD0003058,P000080,2,48.45,34.9,62.00000000000001
OD00008848,ORD0003058,P001745,1,14.53,5.23,9.3
OD00008849,ORD0003058,P001223,3,175.17,189.24,336.27
OD00008850,ORD0003059,P000748,4,10.6,5.29,37.11
OD00008851,ORD0003059,P002088,1,43.71,5.46,38.25
OD00008852,ORD0003059,P001324,1,50.65,6.33,44.32
OD00008853,ORD0003059,P001792,3,26.18,9.81,68.72999999999999
OD00008854,ORD0003059,P000145,1,117.11,14.62,102.49
OD00008855,ORD0003059,P000289,1,64.21,8.02,56.19
OD00008856,ORD0003060,P001583,2,143.23,113.6,172.86
OD00008857,ORD0003060,P001403,1,271.04,107.49,163.55
OD00008858,ORD0003061,P002148,1,54.09,10.55,43.540000000000006
OD00008859,ORD0003061,P000399,2,127.88,49.88,205.88
OD00008860,ORD0003062,P002285,1,141.43,4.14,137.29
OD00008861,ORD0003062,P001567,1,130.56,3.83,126.73
OD00008862,ORD0003062,P000151,1,56.15,1.65,54.5
OD00008863,ORD0003062,P001870,1,15.97,0.47,15.5
OD00008864,ORD0003063,P000605,1,633.51,207.65,425.86
OD00008865,ORD0003063,P001986,1,124.07,40.67,83.39999999999999
OD00008866,ORD0003063,P001060,1,25.83,8.47,17.36
OD00008867,ORD0003064,P000096,3,133.26,125.23,274.55
OD00008868,ORD0003064,P000929,1,228.87,71.7,157.17000000000002
OD00008869,ORD0003064,P000899,1,88.16,27.62,60.53999999999999
OD00008870,ORD0003065,P002269,1,46.24,13.18,33.06
OD00008871,ORD0003065,P000559,2,56.08,31.97,80.19
OD00008872,ORD0003065,P002239,1,67.17,19.15,48.02
OD00008873,ORD0003066,P002133,5,130.47,227.4,424.95
OD00008874,ORD0003066,P001029,2,181.19,126.32,236.06
OD00008875,ORD0003066,P001531,1,112.69,39.28,73.41
OD00008876,ORD0003066,P002203,4,16.62,23.17,43.31
OD00008877,ORD0003066,P000037,2,27.44,19.13,35.75
OD00008878,ORD0003066,P001826,2,27.03,18.84,35.22
OD00008879,ORD0003066,P001210,1,36.08,12.58,23.5
OD00008880,ORD0003066,P002207,1,27.0,9.41,17.59
OD00008881,ORD0003066,P001365,2,12.98,9.05,16.91
OD00008882,ORD0003066,P002190,1,16.51,5.75,10.760000000000002
OD00008883,ORD0003067,P001738,1,736.8,17.13,719.67
OD00008884,ORD0003067,P000042,4,14.78,1.37,57.75
OD00008885,ORD0003068,P000045,2,129.27,66.86,191.68
OD00008886,ORD0003068,P000109,2,57.96,29.98,85.94
OD00008887,ORD0003069,P000665,1,57.5,11.5,46.0
OD00008888,ORD0003069,P000098,1,337.42,67.51,269.91
OD00008889,ORD0003069,P000086,1,47.24,9.45,37.790000000000006
OD00008890,ORD0003069,P000380,1,60.87,12.18,48.69
OD00008891,ORD0003069,P001766,1,241.11,48.24,192.87
OD00008892,ORD0003069,P000699,1,62.43,12.49,49.94
OD00008893,ORD0003069,P000470,2,119.45,47.8,191.1
OD00008894,ORD0003070,P000225,2,315.97,129.03,502.9100000000001
OD00008895,ORD0003070,P002262,1,206.94,42.25,164.69
OD00008896,ORD0003071,P000298,1,452.92,18.95,433.97
OD00008897,ORD0003072,P000601,1,548.62,21.38,527.24
OD00008898,ORD0003072,P000792,2,62.69,4.88,120.5
OD00008899,ORD0003072,P000927,4,26.92,4.19,103.49
OD00008900,ORD0003072,P000919,1,87.17,3.39,83.78
OD00008901,ORD0003072,P000300,4,13.12,2.04,50.44
OD00008902,ORD0003073,P002218,1,87.69,21.47,66.22
OD00008903,ORD0003073,P000415,1,56.28,13.78,42.5
OD00008904,ORD0003073,P001613,2,125.11,61.26,188.96
OD00008905,ORD0003074,P000596,1,463.49,96.64,366.85
OD00008906,ORD0003074,P001732,1,223.19,46.53,176.66
OD00008907,ORD0003075,P000686,7,22.35,24.79,131.66000000000005
OD00008908,ORD0003075,P001909,1,57.15,9.06,48.09
OD00008909,ORD0003076,P001449,1,182.97,30.0,152.97
OD00008910,ORD0003076,P000498,2,185.73,60.9,310.56
OD00008911,ORD0003077,P002056,2,328.3,260.47,396.13
OD00008912,ORD0003078,P002121,2,311.13,185.95,436.31
OD00008913,ORD0003079,P001848,4,42.95,47.71,124.09
OD00008914,ORD0003079,P000725,2,204.83,113.78,295.88
OD00008915,ORD0003080,P001400,2,44.33,30.36,58.3
OD00008916,ORD0003080,P000740,1,53.18,18.21,34.97
OD00008917,ORD0003080,P001640,1,54.74,18.74,36.0
OD00008918,ORD0003080,P000224,1,111.14,38.06,73.08
OD00008919,ORD0003081,P000858,1,36.48,9.75,26.73
OD00008920,ORD0003081,P001085,1,167.59,44.8,122.79
OD00008921,ORD0003082,P001750,1,26.75,10.52,16.23
OD00008922,ORD0003082,P001174,1,49.59,19.51,30.08
OD00008923,ORD0003082,P001576,1,48.39,19.04,29.35
OD00008924,ORD0003082,P001996,3,16.16,19.07,29.410000000000004
OD00008925,ORD0003082,P000860,1,25.69,10.11,15.580000000000002
OD00008926,ORD0003082,P001764,1,34.28,13.49,20.79
OD00008927,ORD0003082,P000465,2,117.81,92.71,142.91000000000005
OD00008928,ORD0003083,P001217,2,121.07,21.21,220.93
OD00008929,ORD0003083,P001577,2,94.02,16.46,171.57999999999998
OD00008930,ORD0003083,P001933,1,124.66,10.91,113.75
OD00008931,ORD0003084,P000747,1,736.68,211.3,525.3799999999999
OD00008932,ORD0003085,P002116,1,38.85,11.6,27.25
OD00008933,ORD0003085,P000268,3,16.51,14.79,34.74
OD00008934,ORD0003085,P000547,1,206.24,61.58,144.66000000000005
OD00008935,ORD0003085,P001414,2,106.78,63.77,149.79
OD00008936,ORD0003085,P001530,3,11.59,10.38,24.389999999999997
OD00008937,ORD0003085,P001783,1,267.95,80.0,187.95
OD00008938,ORD0003086,P001902,2,107.96,72.41,143.51
OD00008939,ORD0003086,P002281,1,130.31,43.69,86.62
OD00008940,ORD0003086,P000440,1,119.69,40.13,79.56
OD00008941,ORD0003087,P000502,2,169.35,70.42,268.28
OD00008942,ORD0003088,P001931,3,26.27,22.51,56.3
OD00008943,ORD0003088,P001380,1,49.79,14.22,35.57
OD00008944,ORD0003088,P001528,2,121.63,69.47,173.79
OD00008945,ORD0003089,P000329,1,190.35,64.8,125.55
OD00008946,ORD0003089,P002313,2,64.37,43.82,84.92000000000002
OD00008947,ORD0003090,P000503,1,25.84,10.04,15.8
OD00008948,ORD0003090,P000688,1,40.73,15.83,24.9
OD00008949,ORD0003090,P000179,1,20.62,8.01,12.61
OD00008950,ORD0003090,P000269,1,27.27,10.6,16.67
OD00008951,ORD0003090,P000892,2,140.5,109.19,171.81
OD00008952,ORD0003090,P001154,1,275.09,106.89,168.2
OD00008953,ORD0003091,P000405,1,258.82,74.94,183.88
OD00008954,ORD0003091,P001374,1,656.19,190.01,466.18000000000006
OD00008955,ORD0003092,P000799,2,27.42,21.47,33.370000000000005
OD00008956,ORD0003092,P001188,2,29.64,23.21,36.07
OD00008957,ORD0003092,P001730,1,279.71,109.5,170.20999999999998
OD00008958,ORD0003093,P001267,1,440.4,79.45,360.95
OD00008959,ORD0003094,P001335,1,53.15,1.08,52.07
OD00008960,ORD0003094,P001240,3,165.0,10.1,484.9
OD00008961,ORD0003094,P000020,1,71.84,1.47,70.37
OD00008962,ORD0003094,P000752,1,34.14,0.7,33.44
OD00008963,ORD0003094,P000269,1,27.27,0.56,26.71
OD00008964,ORD0003095,P001416,3,135.23,159.42,246.26999999999995
OD00008965,ORD0003096,P001951,3,95.32,100.39,185.57
OD00008966,ORD0003096,P000769,1,240.99,84.61,156.38
OD00008967,ORD0003096,P000942,1,32.92,11.56,21.36
OD00008968,ORD0003097,P001814,2,42.24,25.43,59.05
OD00008969,ORD0003097,P000044,3,27.32,24.67,57.290000000000006
OD00008970,ORD0003097,P000020,1,71.84,21.62,50.22
OD00008971,ORD0003098,P000169,1,325.61,74.01,251.6
OD00008972,ORD0003099,P000745,2,91.93,72.94,110.92000000000002
OD00008973,ORD0003099,P001071,2,73.4,58.24,88.56
OD00008974,ORD0003100,P001103,1,149.37,41.31,108.06
OD00008975,ORD0003100,P002056,1,328.3,90.8,237.5
OD00008976,ORD0003101,P002163,1,265.72,82.25,183.47
OD00008977,ORD0003101,P000335,2,67.02,41.48,92.56
OD00008978,ORD0003101,P001869,1,133.82,41.42,92.4
OD00008979,ORD0003101,P000937,5,24.1,37.29,83.21000000000001
OD00008980,ORD0003101,P001852,2,32.47,20.1,44.84
OD00008981,ORD0003101,P000736,1,62.24,19.26,42.98
OD00008982,ORD0003101,P001552,1,59.4,18.38,41.02
OD00008983,ORD0003102,P001996,5,16.16,28.45,52.35
OD00008984,ORD0003102,P001094,1,115.86,40.8,75.06
OD00008985,ORD0003103,P001653,1,250.7,18.68,232.02
OD00008986,ORD0003104,P000965,1,154.18,34.0,120.18
OD00008987,ORD0003105,P001962,1,21.74,2.4,19.34
OD00008988,ORD0003105,P001937,1,58.81,6.5,52.31
OD00008989,ORD0003105,P001291,4,10.03,4.44,35.68
OD00008990,ORD0003105,P001045,1,40.61,4.49,36.12
OD00008991,ORD0003105,P000820,1,20.24,2.24,18.0
OD00008992,ORD0003106,P000232,1,131.72,43.78,87.94
OD00008993,ORD0003106,P002255,1,95.08,31.61,63.47
OD00008994,ORD0003106,P001252,1,19.01,6.32,12.69
OD00008995,ORD0003107,P001338,1,326.84,71.84,255.0
OD00008996,ORD0003107,P002245,4,59.05,51.91,184.29
OD00008997,ORD0003107,P001445,2,53.4,23.47,83.33
OD00008998,ORD0003107,P001155,2,25.94,11.4,40.48
OD00008999,ORD0003108,P000032,1,23.28,2.85,20.43
OD00009000,ORD0003108,P000190,1,181.94,22.28,159.66
OD00009001,ORD0003109,P000637,1,214.88,82.95,131.93
OD00009002,ORD0003110,P000612,1,32.42,2.53,29.89
OD00009003,ORD0003110,P001986,1,124.07,9.68,114.39
OD00009004,ORD0003111,P001987,1,112.95,39.15,73.80000000000001
OD00009005,ORD0003111,P001056,1,26.12,9.05,17.07
OD00009006,ORD0003111,P001753,1,242.0,83.87,158.13
OD00009007,ORD0003112,P000794,1,231.59,11.04,220.55
OD00009008,ORD0003112,P000830,1,60.53,2.89,57.64
OD00009009,ORD0003113,P000270,1,701.02,232.28,468.74
OD00009010,ORD0003114,P000491,1,91.39,6.4,84.99
OD00009011,ORD0003114,P001241,2,41.38,5.79,76.97
OD00009012,ORD0003114,P001682,1,32.8,2.29,30.51
OD00009013,ORD0003115,P001092,1,192.6,6.87,185.73
OD00009014,ORD0003115,P001636,5,16.77,3.0,80.85
OD00009015,ORD0003115,P000856,1,63.98,2.29,61.69
OD00009016,ORD0003116,P000126,1,273.19,88.56,184.63
OD00009017,ORD0003116,P001249,1,261.22,84.67,176.55
OD00009018,ORD0003116,P000736,1,62.24,20.17,42.07
OD00009019,ORD0003117,P000902,1,128.97,47.2,81.77
OD00009020,ORD0003117,P001476,1,278.9,102.08,176.82
OD00009021,ORD0003117,P000070,3,95.5,104.86,181.64
OD00009022,ORD0003118,P001642,1,488.45,121.03,367.42
OD00009023,ORD0003118,P001876,1,197.25,48.88,148.37
OD00009024,ORD0003119,P001049,5,55.53,74.91,202.74
OD00009025,ORD0003119,P000861,1,211.72,57.13,154.59
OD00009026,ORD0003120,P001813,1,40.8,2.28,38.52
OD00009027,ORD0003120,P002137,2,113.15,12.62,213.68
OD00009028,ORD0003121,P001546,1,599.68,123.88,475.8
OD00009029,ORD0003122,P000184,1,358.81,79.35,279.46
OD00009030,ORD0003122,P000717,1,204.46,45.21,159.25
OD00009031,ORD0003122,P001996,1,16.16,3.57,12.59
OD00009032,ORD0003123,P000091,1,106.61,29.77,76.84
OD00009033,ORD0003123,P000855,2,103.72,57.92,149.51999999999998
OD00009034,ORD0003124,P000394,1,26.03,2.18,23.85
OD00009035,ORD0003124,P002108,1,469.76,39.34,430.42
OD00009036,ORD0003125,P000036,2,151.09,102.61,199.57
OD00009037,ORD0003125,P001597,3,40.7,41.46,80.64000000000001
OD00009038,ORD0003125,P000040,1,228.93,77.74,151.19
OD00009039,ORD0003126,P002140,1,161.06,22.23,138.83
OD00009040,ORD0003126,P000918,4,16.64,9.19,57.370000000000005
OD00009041,ORD0003127,P000665,1,57.5,3.23,54.27
OD00009042,ORD0003127,P001295,3,9.47,1.6,26.81
OD00009043,ORD0003127,P000366,1,29.87,1.68,28.19
OD00009044,ORD0003127,P001197,1,105.77,5.94,99.83
OD00009045,ORD0003128,P000869,5,68.69,111.73,231.72
OD00009046,ORD0003129,P001840,1,72.79,2.34,70.45
OD00009047,ORD0003129,P001936,1,48.11,1.55,46.56
OD00009048,ORD0003130,P001684,2,101.8,48.02,155.57999999999998
OD00009049,ORD0003130,P001886,1,307.74,72.59,235.15
OD00009050,ORD0003131,P000859,3,410.36,381.78,849.3
OD00009051,ORD0003132,P000742,3,134.0,140.15,261.85
OD00009052,ORD0003133,P000520,3,82.69,4.37,243.7
OD00009053,ORD0003133,P001969,2,16.72,0.59,32.849999999999994
OD00009054,ORD0003133,P001316,1,33.64,0.59,33.05
OD00009055,ORD0003133,P001268,2,23.96,0.85,47.07
OD00009056,ORD0003133,P000282,2,37.05,1.31,72.78999999999999
OD00009057,ORD0003133,P001009,1,161.64,2.85,158.79
OD00009058,ORD0003134,P000596,1,463.49,168.51,294.98
OD00009059,ORD0003135,P000030,2,58.55,45.37,71.72999999999999
OD00009060,ORD0003135,P001280,3,18.76,21.8,34.480000000000004
OD00009061,ORD0003135,P001884,1,112.93,43.75,69.18
OD00009062,ORD0003135,P001509,1,396.35,153.55,242.8
OD00009063,ORD0003136,P001426,1,273.67,68.88,204.79
OD00009064,ORD0003136,P001889,2,49.96,25.15,74.77000000000001
OD00009065,ORD0003137,P000437,1,137.05,30.75,106.3
OD00009066,ORD0003137,P000782,2,232.59,104.39,360.79
OD00009067,ORD0003138,P000824,3,272.56,25.39,792.2900000000001
OD00009068,ORD0003138,P001868,1,46.28,1.44,44.84
OD00009069,ORD0003139,P002048,4,180.1,269.95,450.45
OD00009070,ORD0003140,P001279,3,35.91,10.21,97.51999999999998
OD00009071,ORD0003140,P000305,3,14.68,4.18,39.86
OD00009072,ORD0003140,P001357,1,80.51,7.63,72.88000000000001
OD00009073,ORD0003140,P000489,1,26.4,2.5,23.9
OD00009074,ORD0003140,P002185,1,36.45,3.46,32.99
OD00009075,ORD0003141,P001154,1,275.09,35.46,239.63
OD00009076,ORD0003142,P000450,5,191.98,381.8,578.0999999999999
OD00009077,ORD0003143,P001474,1,685.31,176.67,508.64
OD00009078,ORD0003144,P001998,2,55.22,19.73,90.71
OD00009079,ORD0003144,P001541,1,177.11,31.64,145.47000000000003
OD00009080,ORD0003145,P001407,1,240.06,1.28,238.78
OD00009081,ORD0003145,P001090,2,37.11,0.4,73.82
OD00009082,ORD0003145,P001084,1,267.79,1.43,266.36
OD00009083,ORD0003145,P000514,1,11.33,0.06,11.27
OD00009084,ORD0003146,P001758,2,85.06,27.11,143.01
OD00009085,ORD0003146,P001381,2,78.93,25.15,132.71
OD00009086,ORD0003147,P001601,1,625.53,204.61,420.92
OD00009087,ORD0003148,P002152,1,187.05,39.16,147.89
OD00009088,ORD0003148,P001190,1,146.81,30.73,116.08
OD00009089,ORD0003148,P001880,1,44.35,9.28,35.07
OD00009090,ORD0003148,P000930,1,38.86,8.13,30.73
OD00009091,ORD0003148,P001652,1,30.01,6.28,23.73
OD00009092,ORD0003149,P002302,1,14.66,0.11,14.55
OD00009093,ORD0003149,P002096,1,8.98,0.07,8.91
OD00009094,ORD0003149,P001405,1,113.4,0.84,112.56
OD00009095,ORD0003150,P000356,1,1155.77,291.82,863.95
OD00009096,ORD0003151,P001323,1,63.15,19.42,43.73
OD00009097,ORD0003151,P001348,2,13.6,8.36,18.84
OD00009098,ORD0003151,P000565,2,74.47,45.8,103.14
OD00009099,ORD0003152,P001090,1,37.11,14.42,22.69
OD00009100,ORD0003152,P000681,2,10.09,7.84,12.34
OD00009101,ORD0003152,P000905,2,99.1,77.01,121.18999999999998
OD00009102,ORD0003152,P001734,3,86.98,101.38,159.56
OD00009103,ORD0003153,P001658,2,74.82,53.71,95.92999999999998
OD00009104,ORD0003153,P001212,1,310.45,111.43,199.02
OD00009105,ORD0003154,P001701,1,27.44,8.86,18.58
OD00009106,ORD0003154,P000105,4,198.95,257.01,538.79
OD00009107,ORD0003155,P001564,1,721.51,200.78,520.73
OD00009108,ORD0003156,P001173,4,191.51,211.13,554.91
OD00009109,ORD0003156,P002163,1,265.72,73.24,192.48
OD00009110,ORD0003156,P000489,1,26.4,7.28,19.12
OD00009111,ORD0003157,P000272,1,62.05,6.28,55.77
OD00009112,ORD0003157,P001504,1,63.19,6.4,56.79
OD00009113,ORD0003158,P002170,1,27.74,5.12,22.62
OD00009114,ORD0003158,P000371,1,81.48,15.03,66.45
OD00009115,ORD0003158,P000147,1,168.64,31.1,137.54
OD00009116,ORD0003159,P002010,2,58.56,8.38,108.74
OD00009117,ORD0003159,P001736,1,44.44,3.18,41.26
OD00009118,ORD0003159,P000216,3,71.05,15.25,197.9
OD00009119,ORD0003159,P000406,2,192.12,27.49,356.75
OD00009120,ORD0003159,P001471,2,43.22,6.18,80.25999999999999
OD00009121,ORD0003159,P001085,1,167.59,11.99,155.6
OD00009122,ORD0003159,P000773,3,35.94,7.71,100.11
OD00009123,ORD0003160,P000706,3,81.55,9.56,235.09
OD00009124,ORD0003160,P000119,1,56.16,2.19,53.97
OD00009125,ORD0003161,P000927,2,26.92,12.4,41.440000000000005
OD00009126,ORD0003161,P002269,1,46.24,10.65,35.59
OD00009127,ORD0003161,P000108,2,34.08,15.7,52.46
OD00009128,ORD0003161,P000455,3,62.06,42.89,143.29000000000002
OD00009129,ORD0003162,P002197,1,317.57,46.57,271.0
OD00009130,ORD0003163,P001514,1,28.7,2.75,25.95
OD00009131,ORD0003163,P000884,1,217.27,20.79,196.48
OD00009132,ORD0003164,P002076,1,202.45,20.53,181.92
OD00009133,ORD0003164,P001662,2,15.11,3.06,27.16
OD00009134,ORD0003164,P001497,1,101.53,10.3,91.23
OD00009135,ORD0003164,P000467,1,81.3,8.25,73.05
OD00009136,ORD0003165,P000956,1,184.95,19.62,165.32999999999998
OD00009137,ORD0003165,P000804,1,185.47,19.68,165.79
OD00009138,ORD0003166,P001743,2,82.14,6.89,157.39
OD00009139,ORD0003167,P001083,2,96.04,24.1,167.98000000000002
OD00009140,ORD0003167,P001333,1,17.79,2.23,15.56
OD00009141,ORD0003167,P000604,1,17.63,2.21,15.419999999999998
OD00009142,ORD0003167,P001697,1,212.08,26.61,185.47000000000003
OD00009143,ORD0003167,P001145,2,28.65,7.19,50.11
OD00009144,ORD0003167,P000162,1,94.17,11.81,82.36
OD00009145,ORD0003168,P000603,1,332.11,51.08,281.03000000000003
OD00009146,ORD0003168,P001710,1,228.94,35.21,193.73
OD00009147,ORD0003168,P001083,3,96.04,44.31,243.81
OD00009148,ORD0003168,P002250,1,57.7,8.87,48.830000000000005
OD00009149,ORD0003168,P000506,1,360.44,55.44,305.0
OD00009150,ORD0003169,P001617,1,210.59,44.58,166.01
OD00009151,ORD0003169,P000676,1,347.96,73.66,274.29999999999995
OD00009152,ORD0003170,P000210,1,88.36,24.73,63.63
OD00009153,ORD0003170,P000957,2,284.87,159.49,410.25
OD00009154,ORD0003171,P001693,1,88.15,12.4,75.75
OD00009155,ORD0003171,P001954,4,49.22,27.7,169.18
OD00009156,ORD0003171,P002092,1,191.1,26.88,164.22
OD00009157,ORD0003172,P001722,1,73.37,14.53,58.84
OD00009158,ORD0003172,P000885,1,22.42,4.44,17.98
OD00009159,ORD0003172,P000214,1,27.03,5.35,21.68
OD00009160,ORD0003172,P001060,1,25.83,5.12,20.71
OD00009161,ORD0003172,P001020,1,115.03,22.78,92.25
OD00009162,ORD0003172,P001629,1,320.73,63.52,257.21000000000004
OD00009163,ORD0003172,P000942,1,32.92,6.52,26.4
OD00009164,ORD0003172,P001945,1,335.96,66.53,269.42999999999995
OD00009165,ORD0003173,P000159,1,485.98,51.78,434.2000000000001
OD00009166,ORD0003173,P001139,2,97.73,20.82,174.64
OD00009167,ORD0003174,P000469,1,70.95,5.46,65.49000000000001
OD00009168,ORD0003174,P000315,1,29.62,2.28,27.34
OD00009169,ORD0003174,P000137,2,26.82,4.12,49.52
OD00009170,ORD0003174,P002064,1,305.93,23.52,282.41
OD00009171,ORD0003175,P000225,1,315.97,15.08,300.89000000000004
OD00009172,ORD0003175,P000129,5,12.66,3.02,60.28
OD00009173,ORD0003176,P001317,1,205.22,10.12,195.1
OD00009174,ORD0003176,P001585,1,43.17,2.13,41.04
OD00009175,ORD0003176,P001940,2,220.56,21.76,419.36
OD00009176,ORD0003177,P001626,1,376.47,89.71,286.76000000000005
OD00009177,ORD0003178,P000561,5,45.24,15.8,210.4
OD00009178,ORD0003178,P001819,1,96.77,6.76,90.00999999999999
OD00009179,ORD0003179,P002240,2,279.09,136.1,422.0799999999999
OD00009180,ORD0003180,P000615,4,72.44,106.36,183.4
OD00009181,ORD0003180,P001312,1,106.48,39.08,67.4
OD00009182,ORD0003180,P001552,1,59.4,21.8,37.6
OD00009183,ORD0003180,P002186,1,274.4,100.72,173.67999999999998
OD00009184,ORD0003181,P002182,1,71.08,25.39,45.69
OD00009185,ORD0003181,P002032,2,65.82,47.02,84.61999999999998
OD00009186,ORD0003181,P002290,1,27.67,9.88,17.79
OD00009187,ORD0003181,P000701,1,33.4,11.93,21.47
OD00009188,ORD0003181,P001021,1,212.57,75.92,136.64999999999998
OD00009189,ORD0003181,P000156,1,31.75,11.34,20.41
OD00009190,ORD0003181,P002293,1,481.49,171.97,309.52
OD00009191,ORD0003182,P002198,3,210.81,184.56,447.87000000000006
OD00009192,ORD0003183,P000462,1,290.77,107.23,183.54
OD00009193,ORD0003183,P001981,2,90.47,66.72,114.22
OD00009194,ORD0003184,P002128,1,95.54,24.44,71.10000000000001
OD00009195,ORD0003184,P000578,2,81.72,41.8,121.64
OD00009196,ORD0003185,P002244,2,579.03,462.55,695.51
OD00009197,ORD0003186,P000789,1,353.08,111.14,241.94
OD00009198,ORD0003187,P001458,2,61.68,21.51,101.85
OD00009199,ORD0003187,P002314,2,17.13,5.97,28.29
OD00009200,ORD0003187,P002242,4,26.65,18.59,88.00999999999999
OD00009201,ORD0003187,P002288,3,72.81,38.09,180.34
OD00009202,ORD0003188,P001133,1,112.09,12.17,99.92
OD00009203,ORD0003188,P002192,1,107.1,11.63,95.47
OD00009204,ORD0003188,P001167,1,25.09,2.73,22.36
OD00009205,ORD0003188,P002268,1,17.18,1.87,15.31
OD00009206,ORD0003189,P001829,1,41.08,7.34,33.739999999999995
OD00009207,ORD0003189,P001693,1,88.15,15.75,72.4
OD00009208,ORD0003190,P000134,4,59.46,78.97,158.87
OD00009209,ORD0003190,P001698,3,16.22,16.16,32.5
OD00009210,ORD0003190,P002314,1,17.13,5.69,11.439999999999998
OD00009211,ORD0003190,P000364,1,11.04,3.67,7.369999999999999
OD00009212,ORD0003190,P000617,1,8.6,2.86,5.74
OD00009213,ORD0003191,P002245,2,59.05,27.91,90.19
OD00009214,ORD0003191,P000973,1,72.39,17.1,55.29
OD00009215,ORD0003191,P001685,1,66.33,15.67,50.66
OD00009216,ORD0003192,P002049,1,375.99,129.24,246.75
OD00009217,ORD0003193,P000841,4,11.89,14.42,33.14
OD00009218,ORD0003193,P001769,1,112.65,34.17,78.48
OD00009219,ORD0003194,P000203,1,108.8,8.34,100.46
OD00009220,ORD0003194,P001014,2,36.97,5.67,68.27
OD00009221,ORD0003194,P001719,3,37.8,8.69,104.71
OD00009222,ORD0003195,P001537,1,51.5,17.41,34.09
OD00009223,ORD0003195,P000040,1,228.93,77.38,151.55
OD00009224,ORD0003195,P001397,2,79.93,54.04,105.82000000000002
OD00009225,ORD0003196,P000884,2,217.27,124.22,310.32000000000005
OD00009226,ORD0003196,P001542,3,162.43,139.29,348.0
OD00009227,ORD0003197,P000824,2,272.56,27.43,517.69
OD00009228,ORD0003197,P000724,1,31.8,1.6,30.2
OD00009229,ORD0003198,P000163,1,328.1,96.69,231.41000000000005
OD00009230,ORD0003198,P001417,4,47.34,55.8,133.56
OD00009231,ORD0003198,P001717,1,578.34,170.44,407.9
OD00009232,ORD0003199,P000873,1,37.01,10.01,27.0
OD00009233,ORD0003199,P000775,1,814.62,220.37,594.25
OD00009234,ORD0003200,P000136,1,423.18,73.02,350.16
OD00009235,ORD0003201,P001457,3,126.08,16.81,361.43
OD00009236,ORD0003201,P000079,1,209.16,9.29,199.87
OD00009237,ORD0003202,P000923,1,54.48,12.78,41.7
OD00009238,ORD0003202,P001440,2,143.19,67.18,219.2
OD00009239,ORD0003203,P000980,1,22.11,4.21,17.9
OD00009240,ORD0003203,P002309,1,237.23,45.17,192.06
OD00009241,ORD0003203,P001521,1,80.03,15.24,64.79
OD00009242,ORD0003204,P002219,2,76.93,8.91,144.95
OD00009243,ORD0003204,P001875,1,62.72,3.64,59.08
OD00009244,ORD0003204,P001380,1,49.79,2.89,46.9
OD00009245,ORD0003205,P001465,3,118.28,1.5,353.34000000000003
OD00009246,ORD0003206,P001514,1,28.7,4.45,24.25
OD00009247,ORD0003206,P000293,2,102.03,31.61,172.45
OD00009248,ORD0003207,P000274,2,80.85,5.46,156.23999999999998
OD00009249,ORD0003207,P001640,1,54.74,1.85,52.89
OD00009250,ORD0003207,P001893,1,96.4,3.26,93.14
OD00009251,ORD0003207,P000858,1,36.48,1.23,35.25
OD00009252,ORD0003208,P001577,2,94.02,12.96,175.07999999999998
OD00009253,ORD0003208,P000521,1,55.59,3.83,51.760000000000005
OD00009254,ORD0003209,P000590,2,92.56,11.81,173.31
OD00009255,ORD0003209,P000335,1,67.02,4.27,62.75
OD00009256,ORD0003209,P000838,1,37.63,2.4,35.230000000000004
OD00009257,ORD0003210,P001593,1,105.63,1.63,104.0
OD00009258,ORD0003210,P001017,2,81.8,2.52,161.07999999999998
OD00009259,ORD0003210,P000618,1,54.14,0.83,53.31
OD00009260,ORD0003210,P000668,1,50.67,0.78,49.89
OD00009261,ORD0003210,P001220,1,17.2,0.26,16.939999999999998
OD00009262,ORD0003210,P001797,3,49.48,2.29,146.15
OD00009263,ORD0003211,P001841,3,13.16,8.73,30.750000000000004
OD00009264,ORD0003211,P000328,1,746.8,165.17,581.63
OD00009265,ORD0003212,P000990,2,275.76,66.61,484.91
OD00009266,ORD0003213,P002015,2,67.71,32.8,102.62
OD00009267,ORD0003213,P001726,1,168.36,40.78,127.58
OD00009268,ORD0003214,P001597,2,40.7,29.08,52.32000000000001
OD00009269,ORD0003214,P001423,1,77.52,27.69,49.83
OD00009270,ORD0003214,P002304,2,105.42,75.32,135.52
OD00009271,ORD0003215,P001852,3,32.47,36.92,60.49
OD00009272,ORD0003215,P001920,5,81.36,154.16,252.64
OD00009273,ORD0003216,P000749,2,143.15,91.59,194.71
OD00009274,ORD0003216,P002200,1,174.65,55.88,118.77
OD00009275,ORD0003216,P000101,1,100.07,32.02,68.04999999999998
OD00009276,ORD0003217,P000055,1,213.28,27.0,186.28
OD00009277,ORD0003218,P000729,1,426.6,132.07,294.53000000000003
OD00009278,ORD0003219,P000809,2,64.95,23.22,106.68
OD00009279,ORD0003219,P002155,1,39.19,7.0,32.19
OD00009280,ORD0003219,P001697,1,212.08,37.9,174.18
OD00009281,ORD0003219,P002245,4,59.05,42.22,193.98
OD00009282,ORD0003220,P001847,2,112.69,12.08,213.3
OD00009283,ORD0003220,P000584,2,76.93,8.24,145.62
OD00009284,ORD0003220,P001978,5,11.81,3.16,55.89
OD00009285,ORD0003220,P000047,1,14.43,0.77,13.66
OD00009286,ORD0003221,P001539,1,27.42,2.86,24.56
OD00009287,ORD0003221,P000643,1,501.6,52.24,449.36
OD00009288,ORD0003222,P000656,1,206.34,3.48,202.86
OD00009289,ORD0003222,P000233,2,31.95,1.08,62.82
OD00009290,ORD0003222,P001342,1,108.75,1.83,106.92
OD00009291,ORD0003222,P001590,3,17.74,0.9,52.32
OD00009292,ORD0003222,P001688,2,91.28,3.08,179.48
OD00009293,ORD0003223,P000272,3,62.05,42.32,143.82999999999998
OD00009294,ORD0003223,P000801,2,164.79,74.94,254.64
OD00009295,ORD0003224,P001999,1,48.77,17.11,31.660000000000004
OD00009296,ORD0003224,P000005,1,414.83,145.51,269.32
OD00009297,ORD0003225,P001935,1,353.0,61.01,291.99
OD00009298,ORD0003226,P000284,1,96.63,4.33,92.3
OD00009299,ORD0003226,P002148,1,54.09,2.42,51.67
OD00009300,ORD0003227,P000515,1,95.92,18.36,77.56
OD00009301,ORD0003227,P000688,1,40.73,7.79,32.94
OD00009302,ORD0003227,P000921,1,58.64,11.22,47.42
OD00009303,ORD0003227,P002230,1,60.22,11.53,48.69
OD00009304,ORD0003228,P000961,1,123.83,41.16,82.67
OD00009305,ORD0003228,P001722,1,73.37,24.39,48.98
OD00009306,ORD0003228,P001752,1,125.14,41.6,83.53999999999999
OD00009307,ORD0003229,P000721,2,118.15,85.94,150.36
OD00009308,ORD0003229,P000879,1,39.68,14.43,25.25
OD00009309,ORD0003229,P002056,1,328.3,119.4,208.9
OD00009310,ORD0003230,P002167,2,111.58,38.15,185.01
OD00009311,ORD0003231,P001663,1,638.36,197.02,441.34
OD00009312,ORD0003232,P001112,2,204.97,75.8,334.14
OD00009313,ORD0003233,P000685,1,133.13,37.08,96.05
OD00009314,ORD0003233,P000472,1,274.63,76.49,198.14
OD00009315,ORD0003234,P000562,3,169.19,194.57,313.0
OD00009316,ORD0003235,P000137,2,26.82,15.91,37.73
OD00009317,ORD0003235,P001415,1,38.69,11.48,27.21
OD00009318,ORD0003235,P002072,2,15.9,9.44,22.36
OD00009319,ORD0003235,P002242,1,26.65,7.91,18.74
OD00009320,ORD0003236,P001914,2,119.59,65.39,173.79
OD00009321,ORD0003236,P001852,3,32.47,26.64,70.77
OD00009322,ORD0003236,P001079,1,32.97,9.02,23.95
OD00009323,ORD0003236,P000336,1,18.17,4.97,13.200000000000005
OD00009324,ORD0003237,P000060,1,270.55,18.66,251.89
OD00009325,ORD0003237,P001138,3,127.17,26.31,355.2
OD00009326,ORD0003238,P000254,3,90.44,9.87,261.45
OD00009327,ORD0003238,P000623,2,384.53,27.98,741.0799999999999
OD00009328,ORD0003239,P000315,1,29.62,1.95,27.67
OD00009329,ORD0003239,P000536,1,41.56,2.74,38.82
OD00009330,ORD0003239,P001640,1,54.74,3.61,51.13
OD00009331,ORD0003239,P000029,1,181.85,11.99,169.86
OD00009332,ORD0003239,P002129,1,224.25,14.78,209.47
OD00009333,ORD0003239,P000407,2,94.83,12.5,177.16
OD00009334,ORD0003240,P001017,4,81.8,86.49,240.71
OD00009335,ORD0003240,P001284,3,38.1,30.21,84.09
OD00009336,ORD0003240,P000168,1,106.82,28.23,78.58999999999999
OD00009337,ORD0003240,P001385,1,78.63,20.78,57.85
OD00009338,ORD0003240,P000289,1,64.21,16.97,47.24
OD00009339,ORD0003240,P001086,2,28.87,15.26,42.48
OD00009340,ORD0003240,P001494,1,41.28,10.91,30.37
OD00009341,ORD0003240,P001698,1,16.22,4.29,11.93
OD00009342,ORD0003241,P000226,1,41.66,1.57,40.09
OD00009343,ORD0003241,P000558,1,92.47,3.49,88.98
OD00009344,ORD0003241,P001335,1,53.15,2.0,51.15
OD00009345,ORD0003241,P000833,1,71.31,2.69,68.62
OD00009346,ORD0003241,P001195,1,41.06,1.55,39.510000000000005
OD00009347,ORD0003241,P000246,1,19.08,0.72,18.36
OD00009348,ORD0003241,P000777,2,56.28,4.25,108.31
OD00009349,ORD0003241,P001962,1,21.74,0.82,20.92
OD00009350,ORD0003241,P001953,1,56.75,2.14,54.61
OD00009351,ORD0003241,P002230,1,60.22,2.27,57.95
OD00009352,ORD0003242,P001399,1,24.96,2.79,22.17
OD00009353,ORD0003242,P001879,1,304.07,33.95,270.12
OD00009354,ORD0003243,P002156,5,38.4,6.01,185.99
OD00009355,ORD0003243,P000109,2,57.96,3.63,112.29
OD00009356,ORD0003243,P001683,2,56.03,3.5,108.56
OD00009357,ORD0003243,P000420,1,88.09,2.75,85.34
OD00009358,ORD0003243,P000914,1,11.88,0.37,11.510000000000002
OD00009359,ORD0003244,P000203,1,108.8,15.89,92.91
OD00009360,ORD0003244,P001612,1,235.62,34.42,201.2
OD00009361,ORD0003245,P000392,2,80.47,54.38,106.56
OD00009362,ORD0003245,P002060,1,17.89,6.05,11.84
OD00009363,ORD0003245,P001105,2,57.93,39.15,76.71000000000001
OD00009364,ORD0003245,P000485,4,115.32,155.87,305.41
OD00009365,ORD0003246,P000741,2,136.84,90.77,182.91
OD00009366,ORD0003246,P002092,1,191.1,63.39,127.71
OD00009367,ORD0003246,P000947,1,49.8,16.52,33.28
OD00009368,ORD0003247,P001540,2,32.08,9.73,54.42999999999999
OD00009369,ORD0003247,P000943,5,49.65,37.66,210.59
OD00009370,ORD0003248,P000882,1,39.72,8.22,31.5
OD00009371,ORD0003248,P001887,1,188.72,39.07,149.65
OD00009372,ORD0003248,P001217,1,121.07,25.06,96.01
OD00009373,ORD0003249,P001043,1,35.05,4.03,31.02
OD00009374,ORD0003249,P001289,1,278.84,32.06,246.78
OD00009375,ORD0003249,P001810,1,120.5,13.86,106.64
OD00009376,ORD0003250,P000934,1,308.2,0.26,307.94
OD00009377,ORD0003251,P002219,2,76.93,19.89,133.97
OD00009378,ORD0003251,P002168,1,56.66,7.33,49.33
OD00009379,ORD0003251,P001864,1,34.94,4.52,30.42
OD00009380,ORD0003252,P001071,2,73.4,44.95,101.85
OD00009381,ORD0003252,P001955,1,57.7,17.66,40.040000000000006
OD00009382,ORD0003252,P000205,1,40.84,12.5,28.340000000000003
OD00009383,ORD0003253,P002025,4,123.57,150.96,343.32
OD00009384,ORD0003253,P001672,2,202.15,123.47,280.83000000000004
OD00009385,ORD0003253,P001558,1,26.07,7.96,18.11
OD00009386,ORD0003254,P002031,1,234.38,74.87,159.51
OD00009387,ORD0003254,P001402,1,195.94,62.59,133.35
OD00009388,ORD0003255,P001214,2,73.6,10.84,136.36
OD00009389,ORD0003255,P001537,5,51.5,18.96,238.54
OD00009390,ORD0003256,P000648,1,433.97,100.12,333.85
OD00009391,ORD0003257,P000816,2,131.34,2.53,260.15000000000003
OD00009392,ORD0003257,P001613,1,125.11,1.21,123.9
OD00009393,ORD0003258,P000517,1,88.21,28.76,59.44999999999999
OD00009394,ORD0003258,P001833,2,170.62,111.26,229.98
OD00009395,ORD0003259,P000553,1,620.45,75.63,544.82
OD00009396,ORD0003260,P001829,1,41.08,6.24,34.84
OD00009397,ORD0003260,P000657,1,35.83,5.45,30.38
OD00009398,ORD0003260,P001716,1,47.64,7.24,40.4
OD00009399,ORD0003260,P000947,1,49.8,7.57,42.23
OD00009400,ORD0003260,P002232,1,24.25,3.69,20.56
OD00009401,ORD0003260,P001399,1,24.96,3.79,21.17
OD00009402,ORD0003260,P000933,1,78.76,11.97,66.79
OD00009403,ORD0003260,P000516,1,112.73,17.14,95.59
OD00009404,ORD0003261,P000778,3,284.46,232.89,620.4899999999999
OD00009405,ORD0003261,P000789,1,353.08,96.36,256.72
OD00009406,ORD0003262,P000182,1,161.47,59.75,101.72
OD00009407,ORD0003262,P000123,2,24.56,18.18,30.94
OD00009408,ORD0003262,P001334,1,47.18,17.46,29.72
OD00009409,ORD0003262,P000849,1,34.74,12.86,21.880000000000003
OD00009410,ORD0003262,P001056,1,26.12,9.67,16.450000000000003
OD00009411,ORD0003262,P000173,1,25.33,9.37,15.96
OD00009412,ORD0003263,P001678,1,26.35,9.76,16.590000000000003
OD00009413,ORD0003263,P001131,1,54.3,20.12,34.17999999999999
OD00009414,ORD0003263,P002054,1,55.55,20.58,34.97
OD00009415,ORD0003263,P000706,1,81.55,30.22,51.33
OD00009416,ORD0003263,P002068,1,487.18,180.52,306.66
OD00009417,ORD0003264,P001608,1,51.31,19.99,31.320000000000004
OD00009418,ORD0003264,P000393,1,51.43,20.04,31.39
OD00009419,ORD0003264,P000678,1,55.49,21.62,33.870000000000005
OD00009420,ORD0003264,P001524,2,280.1,218.28,341.9200000000001
OD00009421,ORD0003265,P001235,1,355.99,10.17,345.82
OD00009422,ORD0003266,P001909,2,57.15,23.22,91.08
OD00009423,ORD0003266,P002172,1,98.09,19.92,78.17
OD00009424,ORD0003267,P000025,1,34.17,9.13,25.04
OD00009425,ORD0003267,P002022,1,420.32,112.35,307.97
OD00009426,ORD0003267,P002112,2,95.26,50.93,139.59
OD00009427,ORD0003268,P001576,1,48.39,14.74,33.65
OD00009428,ORD0003268,P001646,3,117.6,107.5,245.29999999999995
OD00009429,ORD0003269,P000486,1,60.44,11.16,49.28
OD00009430,ORD0003269,P000724,1,31.8,5.87,25.93
OD00009431,ORD0003269,P001718,1,216.08,39.9,176.18
OD00009432,ORD0003270,P001422,5,102.53,176.97,335.67999999999995
OD00009433,ORD0003271,P000826,1,248.69,28.45,220.24
OD00009434,ORD0003272,P000278,1,274.7,63.08,211.62
OD00009435,ORD0003272,P000639,1,197.72,45.39,152.32999999999998
OD00009436,ORD0003272,P001381,2,78.93,36.24,121.62
OD00009437,ORD0003272,P001661,1,53.94,12.38,41.56
OD00009438,ORD0003273,P000015,1,206.98,23.41,183.57
OD00009439,ORD0003274,P000038,3,177.4,180.56,351.64000000000004
OD00009440,ORD0003275,P001900,1,186.85,57.7,129.14999999999998
OD00009441,ORD0003275,P001555,1,10.37,3.2,7.169999999999999
OD00009442,ORD0003275,P000128,1,12.89,3.98,8.91
OD00009443,ORD0003275,P001156,1,102.15,31.54,70.61000000000001
OD00009444,ORD0003276,P001279,4,35.91,56.45,87.19
OD00009445,ORD0003276,P001953,1,56.75,22.31,34.44
OD00009446,ORD0003276,P002290,1,27.67,10.88,16.79
OD00009447,ORD0003276,P001678,1,26.35,10.36,15.990000000000002
OD00009448,ORD0003277,P000951,1,129.2,42.55,86.64999999999999
OD00009449,ORD0003277,P001254,1,159.54,52.55,106.99
OD00009450,ORD0003278,P000813,1,289.11,63.79,225.32
OD00009451,ORD0003278,P002198,1,210.81,46.51,164.3
OD00009452,ORD0003279,P001880,1,44.35,0.9,43.45
OD00009453,ORD0003279,P000836,3,62.14,3.8,182.62
OD00009454,ORD0003279,P001394,1,101.9,2.08,99.82
OD00009455,ORD0003279,P000364,2,11.04,0.45,21.63
OD00009456,ORD0003280,P000573,1,117.69,40.51,77.18
OD00009457,ORD0003280,P000902,1,128.97,44.39,84.58
OD00009458,ORD0003280,P000129,1,12.66,4.36,8.3
OD00009459,ORD0003280,P001293,1,33.57,11.56,22.01
OD00009460,ORD0003280,P001087,1,188.37,64.84,123.53
OD00009461,ORD0003281,P000874,2,107.67,55.48,159.86
OD00009462,ORD0003281,P000481,2,113.87,58.68,169.06
OD00009463,ORD0003282,P001045,3,40.61,5.68,116.15
OD00009464,ORD0003282,P000089,2,81.83,7.64,156.02
OD00009465,ORD0003282,P002155,1,39.19,1.83,37.36
OD00009466,ORD0003282,P000743,1,36.09,1.68,34.410000000000004
OD00009467,ORD0003282,P000836,3,62.14,8.7,177.72000000000003
OD00009468,ORD0003283,P001591,2,46.86,32.88,60.84
OD00009469,ORD0003283,P001581,1,250.4,87.85,162.55
OD00009470,ORD0003284,P000751,1,74.98,11.46,63.52
OD00009471,ORD0003284,P001903,1,15.87,2.43,13.44
OD00009472,ORD0003284,P000805,2,22.55,6.89,38.21
OD00009473,ORD0003284,P001999,1,48.77,7.45,41.32
OD00009474,ORD0003284,P002100,1,84.84,12.97,71.87
OD00009475,ORD0003284,P001417,1,47.34,7.23,40.11
OD00009476,ORD0003284,P000179,1,20.62,3.15,17.470000000000002
OD00009477,ORD0003284,P000947,1,49.8,7.61,42.19
OD00009478,ORD0003284,P000244,2,193.57,59.17,327.97
OD00009479,ORD0003285,P001583,4,143.23,215.48,357.44
OD00009480,ORD0003285,P002287,2,39.93,30.04,49.82
OD00009481,ORD0003285,P001561,3,9.17,10.35,17.159999999999997
OD00009482,ORD0003286,P000908,3,101.28,42.06,261.78000000000003
OD00009483,ORD0003287,P002065,1,167.9,45.96,121.94
OD00009484,ORD0003287,P001810,1,120.5,32.99,87.50999999999999
OD00009485,ORD0003287,P000909,2,41.22,22.57,59.87
OD00009486,ORD0003287,P000002,2,40.62,22.24,59.0
OD00009487,ORD0003287,P000493,3,24.12,19.81,52.55
OD00009488,ORD0003287,P001555,4,10.37,11.36,30.12
OD00009489,ORD0003288,P000799,1,27.42,8.82,18.6
OD00009490,ORD0003288,P000177,3,157.31,151.81,320.12
OD00009491,ORD0003289,P000551,1,661.28,238.5,422.78
OD00009492,ORD0003290,P001122,3,80.35,84.0,157.04999999999998
OD00009493,ORD0003290,P001216,1,101.43,35.35,66.08000000000001
OD00009494,ORD0003290,P001897,1,13.85,4.83,9.02
OD00009495,ORD0003290,P001457,2,126.08,87.87,164.29
OD00009496,ORD0003291,P001987,1,112.95,42.94,70.01
OD00009497,ORD0003291,P001130,1,170.45,64.8,105.65
OD00009498,ORD0003291,P001105,2,57.93,44.05,71.81
OD00009499,ORD0003291,P001804,1,383.5,145.79,237.71
OD00009500,ORD0003292,P001673,1,108.09,13.61,94.48
OD00009501,ORD0003292,P001032,1,9.94,1.25,8.69
OD00009502,ORD0003292,P001492,2,63.45,15.98,110.92
OD00009503,ORD0003293,P002038,2,181.16,65.51,296.81
OD00009504,ORD0003293,P001714,3,67.48,36.61,165.82999999999998
OD00009505,ORD0003294,P002310,2,220.84,15.43,426.25
OD00009506,ORD0003294,P000438,4,93.07,13.01,359.27
OD00009507,ORD0003295,P000346,1,28.74,5.52,23.22
OD00009508,ORD0003295,P001171,1,65.53,12.6,52.93
OD00009509,ORD0003295,P001706,1,318.88,61.3,257.58
OD00009510,ORD0003296,P002270,1,52.07,3.89,48.18
OD00009511,ORD0003296,P001571,1,62.69,4.68,58.01
OD00009512,ORD0003296,P002149,1,32.43,2.42,30.01
OD00009513,ORD0003296,P000743,2,36.09,5.39,66.79
OD00009514,ORD0003296,P000366,1,29.87,2.23,27.64
OD00009515,ORD0003296,P001293,1,33.57,2.51,31.06
OD00009516,ORD0003297,P001061,2,285.79,60.97,510.61
OD00009517,ORD0003298,P000255,3,160.23,162.66,318.03
OD00009518,ORD0003299,P001612,1,235.62,9.81,225.81
OD00009519,ORD0003300,P000912,1,56.02,15.99,40.03
OD00009520,ORD0003300,P002062,1,287.21,81.98,205.23
OD00009521,ORD0003301,P002163,1,265.72,62.11,203.61
OD00009522,ORD0003301,P001672,1,202.15,47.24,154.91
OD00009523,ORD0003301,P000829,1,80.11,18.72,61.39
OD00009524,ORD0003301,P000879,1,39.68,9.27,30.41
OD00009525,ORD0003301,P001226,1,26.77,6.26,20.51
OD00009526,ORD0003302,P001684,3,101.8,10.92,294.48
OD00009527,ORD0003303,P002242,4,26.65,32.93,73.66999999999999
OD00009528,ORD0003303,P000665,1,57.5,17.76,39.74
OD00009529,ORD0003303,P001736,3,44.44,41.19,92.13
OD00009530,ORD0003303,P001924,4,35.3,43.62,97.57999999999998
OD00009531,ORD0003304,P000869,4,68.69,78.38,196.38
OD00009532,ORD0003304,P001013,2,60.68,34.62,86.74000000000001
OD00009533,ORD0003304,P001640,1,54.74,15.61,39.13
OD00009534,ORD0003304,P000947,1,49.8,14.2,35.599999999999994
OD00009535,ORD0003304,P001576,1,48.39,13.8,34.59
OD00009536,ORD0003304,P001641,2,21.64,12.34,30.94
OD00009537,ORD0003304,P000156,1,31.75,9.06,22.69
OD00009538,ORD0003304,P000528,1,13.93,3.97,9.96
OD00009539,ORD0003305,P001530,4,11.59,16.11,30.25
OD00009540,ORD0003305,P000381,1,78.58,27.31,51.27
OD00009541,ORD0003305,P002294,1,81.48,28.31,53.17
OD00009542,ORD0003306,P001086,2,28.87,1.28,56.46
OD00009543,ORD0003306,P000485,2,115.32,5.13,225.51
OD00009544,ORD0003306,P001668,1,42.23,0.94,41.29
OD00009545,ORD0003306,P000594,2,33.4,1.48,65.32
OD00009546,ORD0003306,P001280,1,18.76,0.42,18.34
OD00009547,ORD0003307,P002118,1,204.18,53.88,150.3
OD00009548,ORD0003307,P000138,2,184.47,97.37,271.57
OD00009549,ORD0003308,P001652,1,30.01,9.56,20.450000000000003
OD00009550,ORD0003308,P000206,1,223.59,71.26,152.32999999999998
OD00009551,ORD0003308,P001452,2,94.02,59.93,128.11
OD00009552,ORD0003309,P001410,1,859.97,178.29,681.6800000000001
OD00009553,ORD0003310,P000630,1,258.76,38.58,220.18
OD00009554,ORD0003310,P000589,1,239.79,35.74,204.05
OD00009555,ORD0003310,P001421,4,9.63,5.74,32.78
OD00009556,ORD0003310,P001648,2,18.02,5.37,30.67
OD00009557,ORD0003311,P001686,1,134.87,25.88,108.99
OD00009558,ORD0003311,P001226,1,26.77,5.14,21.63
OD00009559,ORD0003311,P000450,2,191.98,73.69,310.27
OD00009560,ORD0003312,P000293,1,102.03,7.97,94.06
OD00009561,ORD0003312,P001550,1,36.92,2.89,34.03
OD00009562,ORD0003312,P000523,1,11.87,0.93,10.94
OD00009563,ORD0003312,P001032,1,9.94,0.78,9.16
OD00009564,ORD0003313,P000313,1,66.79,17.93,48.86000000000001
OD00009565,ORD0003313,P001227,1,33.39,8.96,24.43
OD00009566,ORD0003313,P000947,1,49.8,13.37,36.43
OD00009567,ORD0003313,P000980,1,22.11,5.94,16.169999999999998
OD00009568,ORD0003313,P000831,1,216.46,58.12,158.34
OD00009569,ORD0003313,P001362,1,33.2,8.91,24.290000000000003
OD00009570,ORD0003313,P001386,3,56.57,45.57,124.14
OD00009571,ORD0003314,P001419,1,54.97,9.07,45.9
OD00009572,ORD0003314,P001738,1,736.8,121.55,615.25
OD00009573,ORD0003315,P000205,1,40.84,0.75,40.09
OD00009574,ORD0003315,P000489,1,26.4,0.49,25.91
OD00009575,ORD0003315,P001295,2,9.47,0.35,18.59
OD00009576,ORD0003315,P002013,1,245.47,4.52,240.95
OD00009577,ORD0003316,P000773,2,35.94,10.95,60.92999999999999
OD00009578,ORD0003316,P001565,1,159.08,24.24,134.84
OD00009579,ORD0003317,P002005,1,519.27,190.22,329.04999999999995
OD00009580,ORD0003318,P000990,4,275.76,274.57,828.47
OD00009581,ORD0003318,P002056,1,328.3,81.72,246.58
OD00009582,ORD0003318,P001423,4,77.52,77.18,232.9
OD00009583,ORD0003318,P002212,2,117.88,58.68,177.07999999999998
OD00009584,ORD0003319,P001672,2,202.15,128.7,275.6
OD00009585,ORD0003320,P001686,1,134.87,27.54,107.33
OD00009586,ORD0003320,P001380,1,49.79,10.17,39.62
OD00009587,ORD0003321,P001186,3,220.02,3.71,656.35
OD00009588,ORD0003322,P001669,1,419.03,9.18,409.85
OD00009589,ORD0003322,P001469,1,24.39,0.53,23.86
OD00009590,ORD0003323,P002269,2,46.24,19.86,72.62
OD00009591,ORD0003323,P000831,1,216.46,46.48,169.98000000000002
OD00009592,ORD0003323,P001041,1,239.37,51.4,187.97
OD00009593,ORD0003324,P001231,2,105.69,8.81,202.57
OD00009594,ORD0003324,P000660,1,131.25,5.46,125.79
OD00009595,ORD0003324,P000871,1,111.44,4.64,106.8
OD00009596,ORD0003324,P000284,1,96.63,4.02,92.61
OD00009597,ORD0003324,P001241,2,41.38,3.44,79.32000000000001
OD00009598,ORD0003324,P000610,5,14.43,3.0,69.15
OD00009599,ORD0003324,P001475,2,33.19,2.76,63.62
OD00009600,ORD0003324,P001014,1,36.97,1.54,35.43
OD00009601,ORD0003324,P001586,2,11.2,0.93,21.47
OD00009602,ORD0003324,P001187,1,17.66,0.74,16.92
OD00009603,ORD0003324,P001799,1,9.41,0.39,9.02
OD00009604,ORD0003325,P001447,1,424.98,142.14,282.84000000000003
OD00009605,ORD0003325,P000763,1,25.62,8.57,17.05
OD00009606,ORD0003325,P001075,2,114.98,76.92,153.04000000000002
OD00009607,ORD0003326,P001250,3,130.3,132.65,258.25
OD00009608,ORD0003326,P000827,1,64.77,21.98,42.78999999999999
OD00009609,ORD0003326,P001364,2,150.16,101.91,198.41
OD00009610,ORD0003327,P002201,1,327.09,71.94,255.15
OD00009611,ORD0003327,P001026,1,95.3,20.96,74.34
OD00009612,ORD0003328,P001521,1,80.03,27.69,52.34
OD00009613,ORD0003328,P001227,1,33.39,11.55,21.84
OD00009614,ORD0003328,P001438,3,74.69,77.51,146.56
OD00009615,ORD0003329,P000273,4,78.47,109.38,204.5
OD00009616,ORD0003329,P000397,1,25.56,8.91,16.65
OD00009617,ORD0003329,P000160,2,79.22,55.21,103.23
OD00009618,ORD0003329,P001344,1,756.39,263.58,492.81
OD00009619,ORD0003330,P001745,2,14.53,6.8,22.26
OD00009620,ORD0003330,P000856,4,63.98,59.92,196.0
OD00009621,ORD0003330,P000763,2,25.62,12.0,39.24
OD00009622,ORD0003330,P000749,1,143.15,33.51,109.64
OD00009623,ORD0003331,P000617,1,8.6,3.09,5.51
OD00009624,ORD0003331,P001303,2,10.43,7.49,13.37
OD00009625,ORD0003331,P000417,3,217.17,234.08,417.43
OD00009626,ORD0003332,P001612,3,235.62,210.26,496.6
OD00009627,ORD0003333,P002163,1,265.72,10.47,255.25
OD00009628,ORD0003333,P001197,1,105.77,4.17,101.6
OD00009629,ORD0003333,P001537,2,51.5,4.06,98.94
OD00009630,ORD0003333,P000995,1,68.69,2.71,65.98
OD00009631,ORD0003333,P000534,1,61.01,2.41,58.6
OD00009632,ORD0003334,P000392,4,80.47,64.3,257.58
OD00009633,ORD0003334,P001580,1,92.93,18.56,74.37
OD00009634,ORD0003335,P001618,2,35.99,25.6,46.38
OD00009635,ORD0003335,P001784,2,49.36,35.1,63.62
OD00009636,ORD0003336,P001360,1,91.77,6.56,85.21
OD00009637,ORD0003336,P000072,1,59.91,4.29,55.62
OD00009638,ORD0003336,P002260,2,18.66,2.67,34.65
OD00009639,ORD0003337,P001133,1,112.09,39.13,72.96000000000001
OD00009640,ORD0003337,P001069,2,191.91,134.0,249.82
OD00009641,ORD0003338,P000056,2,30.5,1.93,59.07
OD00009642,ORD0003338,P002157,1,59.22,1.86,57.36
OD00009643,ORD0003338,P000559,1,56.08,1.76,54.32
OD00009644,ORD0003338,P000691,1,32.08,1.01,31.07
OD00009645,ORD0003338,P000123,1,24.56,0.77,23.79
OD00009646,ORD0003339,P001981,1,90.47,29.69,60.78
OD00009647,ORD0003339,P001757,2,69.58,45.67,93.49
OD00009648,ORD0003339,P000518,1,177.15,58.14,119.01
OD00009649,ORD0003340,P000028,1,119.8,11.78,108.02
OD00009650,ORD0003340,P002092,1,191.1,18.8,172.29999999999998
OD00009651,ORD0003341,P000768,3,10.04,11.38,18.739999999999995
OD00009652,ORD0003341,P000508,1,112.43,42.49,69.94
OD00009653,ORD0003341,P002168,2,56.66,42.83,70.49
OD00009654,ORD0003341,P001404,2,351.24,265.49,436.99
OD00009655,ORD0003342,P000208,2,36.35,7.76,64.94
OD00009656,ORD0003342,P001547,1,41.35,4.42,36.93
OD00009657,ORD0003342,P000357,1,69.45,7.42,62.03
OD00009658,ORD0003342,P001616,1,69.59,7.43,62.16
OD00009659,ORD0003342,P001299,2,100.2,21.4,179.0
OD00009660,ORD0003343,P001223,1,175.17,3.73,171.44
OD00009661,ORD0003343,P000357,1,69.45,1.48,67.97
OD00009662,ORD0003343,P001060,4,25.83,2.2,101.12
OD00009663,ORD0003343,P001921,1,38.53,0.82,37.71
OD00009664,ORD0003343,P001923,1,23.49,0.5,22.99
OD00009665,ORD0003343,P001819,2,96.77,4.13,189.41
OD00009666,ORD0003343,P000930,1,38.86,0.83,38.03
OD00009667,ORD0003343,P002110,1,27.11,0.58,26.53
OD00009668,ORD0003344,P001336,1,392.7,10.26,382.44
OD00009669,ORD0003345,P002217,1,38.76,11.92,26.84
OD00009670,ORD0003345,P000972,1,114.82,35.32,79.5
OD00009671,ORD0003345,P000994,2,73.25,45.07,101.43
OD00009672,ORD0003346,P000171,1,270.41,50.8,219.61
OD00009673,ORD0003346,P000014,1,207.13,38.92,168.20999999999998
OD00009674,ORD0003347,P002024,5,70.09,20.53,329.9200000000001
OD00009675,ORD0003347,P001462,1,251.4,14.73,236.67
OD00009676,ORD0003348,P001068,5,41.67,42.77,165.58
OD00009677,ORD0003349,P000960,1,51.53,16.92,34.61
OD00009678,ORD0003349,P001009,2,161.64,106.16,217.12
OD00009679,ORD0003350,P001841,2,13.16,6.5,19.82
OD00009680,ORD0003350,P000915,3,38.66,28.63,87.35
OD00009681,ORD0003350,P001521,2,80.03,39.51,120.55
OD00009682,ORD0003351,P001484,5,10.32,17.23,34.370000000000005
OD00009683,ORD0003351,P001865,2,53.35,35.64,71.06
OD00009684,ORD0003351,P001333,1,17.79,5.94,11.849999999999998
OD00009685,ORD0003351,P001415,3,38.69,38.77,77.29999999999998
OD00009686,ORD0003352,P000039,1,12.89,4.75,8.14
OD00009687,ORD0003352,P000618,2,54.14,39.86,68.42
OD00009688,ORD0003353,P001176,3,136.96,79.2,331.68
OD00009689,ORD0003353,P000864,2,188.84,72.81,304.87
OD00009690,ORD0003354,P000703,1,51.92,20.47,31.450000000000003
OD00009691,ORD0003354,P001739,2,149.89,118.18,181.6
OD00009692,ORD0003355,P000264,3,49.44,27.06,121.26
OD00009693,ORD0003355,P000040,2,228.93,83.55,374.31
OD00009694,ORD0003356,P001245,1,67.57,6.28,61.28999999999999
OD00009695,ORD0003356,P001271,1,24.38,2.27,22.11
OD00009696,ORD0003356,P001730,2,279.71,52.03,507.39
OD00009697,ORD0003357,P000383,2,538.53,313.02,764.04
OD00009698,ORD0003357,P002150,1,158.84,46.16,112.68
OD00009699,ORD0003357,P000120,2,10.21,5.93,14.490000000000002
OD00009700,ORD0003358,P000079,2,209.16,113.81,304.51
OD00009701,ORD0003359,P001704,1,634.47,230.98,403.49
OD00009702,ORD0003360,P002002,3,105.55,108.24,208.41
OD00009703,ORD0003360,P002151,1,41.99,14.35,27.64
OD00009704,ORD0003360,P001852,2,32.47,22.2,42.74
OD00009705,ORD0003360,P001226,1,26.77,9.15,17.619999999999997
OD00009706,ORD0003360,P001914,1,119.59,40.88,78.71000000000001
OD00009707,ORD0003360,P001457,3,126.08,129.3,248.94
OD00009708,ORD0003361,P000299,2,202.77,93.13,312.41
OD00009709,ORD0003361,P001769,3,112.65,77.61,260.34000000000003
OD00009710,ORD0003361,P001830,4,63.95,58.75,197.05
OD00009711,ORD0003361,P001930,1,26.89,6.18,20.71
OD00009712,ORD0003362,P001893,1,96.4,33.48,62.92000000000001
OD00009713,ORD0003362,P001162,1,347.85,120.81,227.04
OD00009714,ORD0003363,P000087,1,105.5,20.18,85.32
OD00009715,ORD0003363,P000246,1,19.08,3.65,15.429999999999998
OD00009716,ORD0003363,P001423,4,77.52,59.3,250.78
OD00009717,ORD0003364,P000303,1,709.33,278.7,430.63000000000005
OD00009718,ORD0003365,P001779,2,231.19,65.86,396.52
OD00009719,ORD0003366,P000089,2,81.83,4.96,158.7
OD00009720,ORD0003366,P001386,4,56.57,6.85,219.43
OD00009721,ORD0003366,P001955,1,57.7,1.75,55.95
OD00009722,ORD0003366,P000878,1,57.91,1.75,56.16
OD00009723,ORD0003366,P000086,1,47.24,1.43,45.81
OD00009724,ORD0003366,P000097,1,54.28,1.64,52.64
OD00009725,ORD0003367,P001462,1,251.4,16.87,234.53
OD00009726,ORD0003367,P001547,1,41.35,2.78,38.57
OD00009727,ORD0003367,P001923,1,23.49,1.58,21.91
OD00009728,ORD0003367,P000975,1,18.64,1.25,17.39
OD00009729,ORD0003368,P001306,5,63.83,32.24,286.91
OD00009730,ORD0003368,P000313,1,66.79,6.75,60.040000000000006
OD00009731,ORD0003368,P000617,4,8.6,3.48,30.92
OD00009732,ORD0003368,P001969,2,16.72,3.38,30.06
OD00009733,ORD0003368,P001056,1,26.12,2.64,23.48
OD00009734,ORD0003368,P000885,1,22.42,2.27,20.15
OD00009735,ORD0003369,P001252,1,19.01,6.0,13.010000000000002
OD00009736,ORD0003369,P000105,3,198.95,188.35,408.4999999999999
OD00009737,ORD0003370,P001364,1,150.16,11.87,138.29
OD00009738,ORD0003370,P000214,3,27.03,6.41,74.68
OD00009739,ORD0003370,P000947,1,49.8,3.93,45.87
OD00009740,ORD0003370,P000433,1,37.77,2.98,34.790000000000006
OD00009741,ORD0003370,P002170,1,27.74,2.19,25.55
OD00009742,ORD0003371,P001286,1,23.89,8.35,15.54
OD00009743,ORD0003371,P001226,1,26.77,9.36,17.41
OD00009744,ORD0003371,P001318,3,294.15,308.41,574.04
OD00009745,ORD0003372,P001875,2,62.72,28.2,97.24
OD00009746,ORD0003373,P001167,1,25.09,5.5,19.59
OD00009747,ORD0003373,P002046,3,105.02,69.08,245.98
OD00009748,ORD0003374,P002087,1,45.48,8.57,36.91
OD00009749,ORD0003374,P002263,1,114.74,21.63,93.11
OD00009750,ORD0003374,P002053,1,47.97,9.04,38.93
OD00009751,ORD0003374,P001495,3,56.01,31.68,136.35
OD00009752,ORD0003374,P001756,1,150.43,28.36,122.07
OD00009753,ORD0003375,P001591,2,46.86,25.75,67.97
OD00009754,ORD0003375,P000441,2,291.04,159.93,422.15
OD00009755,ORD0003376,P002179,2,218.69,48.45,388.93
OD00009756,ORD0003376,P000986,1,57.6,6.38,51.22
OD00009757,ORD0003377,P001763,1,88.72,0.66,88.06
OD00009758,ORD0003377,P001979,2,35.96,0.53,71.39
OD00009759,ORD0003377,P001841,1,13.16,0.1,13.06
OD00009760,ORD0003377,P000297,1,43.52,0.32,43.2
OD00009761,ORD0003377,P001161,3,72.63,1.61,216.28
OD00009762,ORD0003377,P000691,2,32.08,0.47,63.69
OD00009763,ORD0003377,P001727,2,95.65,1.42,189.88
OD00009764,ORD0003378,P001528,3,121.63,107.97,256.92
OD00009765,ORD0003378,P001372,2,78.75,46.61,110.89
OD00009766,ORD0003379,P000133,5,49.91,16.73,232.82
OD00009767,ORD0003379,P001159,2,40.45,5.43,75.47
OD00009768,ORD0003380,P002013,3,245.47,136.63,599.78
OD00009769,ORD0003381,P000438,1,93.07,31.57,61.49999999999999
OD00009770,ORD0003381,P000743,1,36.09,12.24,23.85
OD00009771,ORD0003381,P001464,1,518.19,175.75,342.44000000000005
OD00009772,ORD0003381,P001955,1,57.7,19.57,38.13
OD00009773,ORD0003381,P001224,1,23.51,7.97,15.540000000000004
OD00009774,ORD0003381,P000574,2,111.89,75.9,147.88
OD00009775,ORD0003381,P001457,4,126.08,171.04,333.28
OD00009776,ORD0003382,P000134,2,59.46,39.75,79.17
OD00009777,ORD0003382,P000230,1,105.86,35.39,70.47
OD00009778,ORD0003382,P001417,1,47.34,15.83,31.510000000000005
OD00009779,ORD0003383,P001737,1,606.6,194.77,411.83
OD00009780,ORD0003384,P001646,2,117.6,66.33,168.87
OD00009781,ORD0003384,P002153,1,366.72,103.43,263.29
OD00009782,ORD0003385,P001786,2,9.96,0.59,19.33
OD00009783,ORD0003385,P000880,3,120.66,10.74,351.24
OD00009784,ORD0003385,P000431,2,12.62,0.75,24.49
OD00009785,ORD0003385,P002310,1,220.84,6.55,214.29
OD00009786,ORD0003385,P000748,2,10.6,0.63,20.57
OD00009787,ORD0003386,P002013,1,245.47,19.96,225.51
OD00009788,ORD0003386,P001908,4,36.25,11.8,133.2
OD00009789,ORD0003386,P001842,1,26.75,2.18,24.57
OD00009790,ORD0003387,P001197,1,105.77,6.1,99.67
OD00009791,ORD0003387,P000085,2,34.24,3.94,64.54
OD00009792,ORD0003387,P001073,1,58.1,3.34,54.760000000000005
OD00009793,ORD0003387,P001750,1,26.75,1.54,25.21
OD00009794,ORD0003387,P000980,1,22.11,1.27,20.84
OD00009795,ORD0003388,P001392,1,201.47,0.39,201.08
OD00009796,ORD0003388,P001889,3,49.96,0.29,149.59
OD00009797,ORD0003388,P001239,2,151.33,0.59,302.07000000000005
OD00009798,ORD0003389,P001964,1,13.88,3.36,10.52
OD00009799,ORD0003389,P001309,1,377.66,91.42,286.24
OD00009800,ORD0003390,P001069,2,191.91,126.78,257.04
OD00009801,ORD0003390,P001856,2,57.5,37.99,77.00999999999999
OD00009802,ORD0003390,P002137,1,113.15,37.38,75.77000000000001
OD00009803,ORD0003390,P000327,2,46.13,30.48,61.78
OD00009804,ORD0003390,P001252,1,19.01,6.28,12.73
OD00009805,ORD0003390,P001648,1,18.02,5.95,12.07
OD00009806,ORD0003391,P000787,2,435.43,336.67,534.19
OD00009807,ORD0003392,P000482,1,14.8,2.27,12.53
OD00009808,ORD0003392,P001102,4,49.62,30.45,168.03
OD00009809,ORD0003392,P001876,1,197.25,30.27,166.98
OD00009810,ORD0003393,P000942,1,32.92,5.64,27.28
OD00009811,ORD0003393,P000025,1,34.17,5.86,28.31
OD00009812,ORD0003393,P001996,2,16.16,5.54,26.78
OD00009813,ORD0003393,P002151,1,41.99,7.2,34.79
OD00009814,ORD0003393,P001869,4,133.82,91.78,443.5
OD00009815,ORD0003394,P000630,1,258.76,8.18,250.58
OD00009816,ORD0003394,P001751,3,12.78,1.21,37.13
OD00009817,ORD0003394,P001686,1,134.87,4.27,130.6
OD00009818,ORD0003394,P000966,1,124.31,3.93,120.38
OD00009819,ORD0003394,P000692,1,216.56,6.85,209.71
OD00009820,ORD0003394,P000914,2,11.88,0.75,23.01
OD00009821,ORD0003394,P002087,1,45.48,1.44,44.04
OD00009822,ORD0003395,P000851,1,109.02,9.52,99.5
OD00009823,ORD0003395,P001195,1,41.06,3.58,37.48
OD00009824,ORD0003395,P000743,1,36.09,3.15,32.940000000000005
OD00009825,ORD0003395,P002136,1,55.3,4.83,50.47
OD00009826,ORD0003395,P000203,1,108.8,9.5,99.3
OD00009827,ORD0003396,P001153,1,95.26,13.82,81.44
OD00009828,ORD0003396,P001909,2,57.15,16.58,97.72
OD00009829,ORD0003396,P001941,4,25.45,14.76,87.03999999999999
OD00009830,ORD0003396,P000628,2,26.49,7.68,45.3
OD00009831,ORD0003397,P000880,1,120.66,46.79,73.87
OD00009832,ORD0003397,P002304,2,105.42,81.77,129.07
OD00009833,ORD0003398,P000399,2,127.88,88.39,167.37
OD00009834,ORD0003398,P001403,1,271.04,93.68,177.36
OD00009835,ORD0003399,P000484,1,253.54,4.38,249.16
OD00009836,ORD0003399,P001577,1,94.02,1.63,92.39
OD00009837,ORD0003399,P000376,1,24.72,0.43,24.29
OD00009838,ORD0003400,P002152,3,187.05,75.86,485.2900000000001
OD00009839,ORD0003400,P000101,1,100.07,13.53,86.53999999999999
OD00009840,ORD0003401,P000245,3,38.88,29.52,87.12000000000002
OD00009841,ORD0003401,P001358,4,33.33,33.75,99.57
OD00009842,ORD0003401,P002238,1,41.56,10.52,31.040000000000003
OD00009843,ORD0003401,P000816,5,131.34,166.23,490.47
OD00009844,ORD0003402,P000170,5,57.2,74.69,211.31
OD00009845,ORD0003402,P000246,1,19.08,4.98,14.099999999999998
OD00009846,ORD0003402,P001638,1,26.25,6.86,19.39
OD00009847,ORD0003402,P001347,1,32.08,8.38,23.7
OD00009848,ORD0003402,P001996,1,16.16,4.22,11.94
OD00009849,ORD0003402,P001279,2,35.91,18.76,53.05999999999999
OD00009850,ORD0003402,P002232,1,24.25,6.33,17.92
OD00009851,ORD0003402,P001680,2,102.83,53.71,151.95
OD00009852,ORD0003403,P000968,2,77.9,53.46,102.34
OD00009853,ORD0003403,P000257,4,35.24,48.36,92.6
OD00009854,ORD0003404,P000181,2,147.37,40.91,253.83
OD00009855,ORD0003404,P001169,5,26.41,18.33,113.72
OD00009856,ORD0003405,P000494,1,32.88,11.71,21.17
OD00009857,ORD0003405,P001740,1,494.57,176.06,318.51
OD00009858,ORD0003406,P000730,3,34.77,33.76,70.55000000000001
OD00009859,ORD0003406,P001641,2,21.64,14.01,29.270000000000003
OD00009860,ORD0003406,P001620,1,77.49,25.08,52.41
OD00009861,ORD0003407,P001923,1,23.49,6.76,16.729999999999997
OD00009862,ORD0003407,P001552,1,59.4,17.09,42.31
OD00009863,ORD0003407,P000521,1,55.59,15.99,39.6
OD00009864,ORD0003407,P001259,2,90.34,51.97,128.71
OD00009865,ORD0003408,P002296,2,79.61,27.21,132.01
OD00009866,ORD0003408,P002038,1,181.16,30.96,150.2
OD00009867,ORD0003408,P001094,2,115.86,39.6,192.12
OD00009868,ORD0003409,P001341,1,93.05,35.59,57.46
OD00009869,ORD0003409,P001471,2,43.22,33.07,53.37
OD00009870,ORD0003410,P001573,1,398.24,51.75,346.49
OD00009871,ORD0003411,P001684,3,101.8,60.27,245.13
OD00009872,ORD0003411,P002024,3,70.09,41.5,168.77
OD00009873,ORD0003411,P001696,2,70.19,27.71,112.67
OD00009874,ORD0003411,P001774,1,29.53,5.83,23.700000000000003
OD00009875,ORD0003411,P001535,1,11.59,2.29,9.3
OD00009876,ORD0003412,P001329,4,132.44,179.74,350.02
OD00009877,ORD0003413,P001002,2,213.01,23.57,402.45
OD00009878,ORD0003414,P001268,4,23.96,21.77,74.07
OD00009879,ORD0003414,P002128,1,95.54,21.69,73.85000000000001
OD00009880,ORD0003414,P001829,2,41.08,18.66,63.5
OD00009881,ORD0003414,P001878,2,23.21,10.54,35.88
OD00009882,ORD0003414,P000937,1,24.1,5.47,18.630000000000003
OD00009883,ORD0003414,P002203,1,16.62,3.77,12.85
OD00009884,ORD0003415,P000573,3,117.69,77.89,275.18
OD00009885,ORD0003415,P000289,5,64.21,70.83,250.22
OD00009886,ORD0003416,P000210,2,88.36,3.56,173.16
OD00009887,ORD0003416,P000289,2,64.21,2.58,125.84
OD00009888,ORD0003417,P001351,1,83.98,1.34,82.64
OD00009889,ORD0003417,P001772,2,29.69,0.95,58.43
OD00009890,ORD0003417,P002101,2,14.57,0.46,28.68
OD00009891,ORD0003418,P000645,1,558.84,150.69,408.15
OD00009892,ORD0003419,P002086,1,304.53,61.61,242.92
OD00009893,ORD0003419,P000939,4,37.85,30.63,120.77
OD00009894,ORD0003419,P000919,1,87.17,17.64,69.53
OD00009895,ORD0003419,P000538,1,62.85,12.72,50.13
OD00009896,ORD0003419,P001652,1,30.01,6.07,23.94
OD00009897,ORD0003419,P001382,1,28.2,5.71,22.49
OD00009898,ORD0003419,P000489,1,26.4,5.34,21.06
OD00009899,ORD0003419,P000394,1,26.03,5.27,20.76
OD00009900,ORD0003420,P000929,1,228.87,91.17,137.7
OD00009901,ORD0003420,P000170,1,57.2,22.78,34.42
OD00009902,ORD0003420,P002090,2,17.34,13.81,20.87
OD00009903,ORD0003421,P000253,1,163.96,26.21,137.75
OD00009904,ORD0003421,P001066,2,224.69,71.83,377.55
OD00009905,ORD0003422,P000926,1,447.17,166.89,280.28000000000003
OD00009906,ORD0003423,P002218,2,87.69,22.87,152.51
OD00009907,ORD0003423,P000503,1,25.84,3.37,22.47
OD00009908,ORD0003423,P000761,1,674.42,87.95,586.4699999999999
OD00009909,ORD0003424,P000491,1,91.39,2.69,88.7
OD00009910,ORD0003425,P001710,2,228.94,63.75,394.13
OD00009911,ORD0003426,P002212,1,117.88,7.83,110.05
OD00009912,ORD0003426,P000574,1,111.89,7.43,104.46
OD00009913,ORD0003426,P001647,1,443.45,29.46,413.99
OD00009914,ORD0003427,P000246,1,19.08,1.7,17.38
OD00009915,ORD0003427,P001072,1,176.87,15.72,161.15
OD00009916,ORD0003428,P002062,1,287.21,101.8,185.41
OD00009917,ORD0003429,P001214,2,73.6,27.91,119.29
OD00009918,ORD0003430,P000484,1,253.54,70.0,183.54
OD00009919,ORD0003430,P001122,2,80.35,44.36,116.34
OD00009920,ORD0003431,P001722,1,73.37,24.61,48.760000000000005
OD00009921,ORD0003431,P002064,3,305.93,307.87,609.92
OD00009922,ORD0003432,P000026,1,807.67,119.6,688.0699999999999
OD00009923,ORD0003433,P000799,1,27.42,9.16,18.26
OD00009924,ORD0003433,P000131,2,26.69,17.83,35.550000000000004
OD00009925,ORD0003433,P000911,1,47.39,15.83,31.56
OD00009926,ORD0003433,P000814,1,23.82,7.96,15.86
OD00009927,ORD0003433,P001334,2,47.18,31.52,62.84
OD00009928,ORD0003434,P000980,2,22.11,5.31,38.91
OD00009929,ORD0003434,P001701,1,27.44,3.29,24.15
OD00009930,ORD0003434,P000358,1,164.89,19.79,145.1
OD00009931,ORD0003434,P001042,1,55.74,6.69,49.05
OD00009932,ORD0003435,P000306,1,144.25,54.87,89.38
OD00009933,ORD0003435,P000583,4,63.06,95.95,156.29000000000002
OD00009934,ORD0003435,P001392,2,201.47,153.28,249.66
OD00009935,ORD0003436,P000794,1,231.59,9.32,222.27
OD00009936,ORD0003436,P000521,1,55.59,2.24,53.35
OD00009937,ORD0003436,P000359,2,108.86,8.76,208.96
OD00009938,ORD0003437,P000236,1,11.77,3.98,7.789999999999999
OD00009939,ORD0003437,P000760,1,45.21,15.28,29.93
OD00009940,ORD0003437,P000400,1,462.02,156.13,305.89
OD00009941,ORD0003438,P000797,1,142.8,54.7,88.10000000000001
OD00009942,ORD0003439,P001927,1,20.81,0.63,20.18
OD00009943,ORD0003439,P000410,2,126.13,7.64,244.62
OD00009944,ORD0003439,P000742,1,134.0,4.06,129.94
OD00009945,ORD0003440,P000830,1,60.53,15.35,45.18
OD00009946,ORD0003440,P001495,3,56.01,42.6,125.43
OD00009947,ORD0003440,P001779,2,231.19,117.23,345.15
OD00009948,ORD0003441,P002039,1,73.41,2.65,70.75999999999999
OD00009949,ORD0003441,P000908,3,101.28,10.98,292.86
OD00009950,ORD0003442,P001715,1,309.43,101.59,207.84
OD00009951,ORD0003442,P000871,2,111.44,73.17,149.70999999999998
OD00009952,ORD0003443,P002163,1,265.72,12.09,253.63
OD00009953,ORD0003443,P000945,2,76.62,6.97,146.27
OD00009954,ORD0003443,P000932,3,135.01,18.43,386.6
OD00009955,ORD0003444,P002141,1,139.4,33.88,105.52
OD00009956,ORD0003444,P000861,1,211.72,51.46,160.26
OD00009957,ORD0003445,P001852,1,32.47,3.26,29.21
OD00009958,ORD0003445,P002036,1,175.35,17.63,157.72
OD00009959,ORD0003445,P001334,2,47.18,9.49,84.87
OD00009960,ORD0003446,P001943,3,71.66,34.73,180.25
OD00009961,ORD0003446,P001714,2,67.48,21.81,113.15
OD00009962,ORD0003446,P002223,1,17.24,2.79,14.45
OD00009963,ORD0003447,P000198,1,23.36,5.49,17.869999999999997
OD00009964,ORD0003447,P000012,2,34.63,16.29,52.970000000000006
OD00009965,ORD0003447,P000743,1,36.09,8.49,27.6
OD00009966,ORD0003447,P000612,1,32.42,7.63,24.790000000000003
OD00009967,ORD0003447,P000136,1,423.18,99.53,323.65
OD00009968,ORD0003448,P000085,1,34.24,4.63,29.610000000000003
OD00009969,ORD0003448,P000291,1,99.03,13.39,85.64
OD00009970,ORD0003448,P001999,1,48.77,6.6,42.17
OD00009971,ORD0003449,P000455,4,62.06,26.75,221.49
OD00009972,ORD0003449,P000308,2,92.95,20.04,165.86
OD00009973,ORD0003449,P001928,1,117.7,12.69,105.01
OD00009974,ORD0003450,P001671,2,48.0,29.42,66.58
OD00009975,ORD0003450,P000970,3,62.84,57.77,130.75
OD00009976,ORD0003451,P001240,3,165.0,77.49,417.51
OD00009977,ORD0003452,P001963,4,87.3,34.24,314.96
OD00009978,ORD0003453,P001763,3,88.72,101.25,164.90999999999997
OD00009979,ORD0003453,P002212,1,117.88,44.84,73.03999999999999
OD00009980,ORD0003453,P001896,1,257.78,98.06,159.71999999999997
OD00009981,ORD0003454,P002286,1,68.69,3.37,65.32
OD00009982,ORD0003454,P000306,2,144.25,14.15,274.35
OD00009983,ORD0003455,P000608,4,84.5,118.09,219.91
OD00009984,ORD0003455,P000612,2,32.42,22.65,42.190000000000005
OD00009985,ORD0003455,P000243,1,241.12,84.24,156.88
OD00009986,ORD0003456,P001372,3,78.75,80.22,156.03
OD00009987,ORD0003457,P001583,1,143.23,40.6,102.63
OD00009988,ORD0003457,P001277,1,128.8,36.52,92.28
OD00009989,ORD0003457,P001056,1,26.12,7.41,18.71
OD00009990,ORD0003458,P000924,1,23.55,3.26,20.29
OD00009991,ORD0003458,P002121,2,311.13,86.23,536.03
OD00009992,ORD0003459,P000500,1,1133.43,405.82,727.6100000000001
OD00009993,ORD0003460,P000082,2,153.12,120.43,185.81
OD00009994,ORD0003461,P001902,1,107.96,34.89,73.07
OD00009995,ORD0003461,P001017,2,81.8,52.87,110.73
OD00009996,ORD0003461,P002186,1,274.4,88.67,185.73
OD00009997,ORD0003462,P001351,1,83.98,17.34,66.64
OD00009998,ORD0003462,P000557,2,16.55,6.84,26.26
OD00009999,ORD0003462,P002054,1,55.55,11.47,44.08
OD00010000,ORD0003462,P002300,1,459.95,94.98,364.97
