Product_ID,SKU,Product_Name,Brand,Brand_Tier,Category,Sub_Category,Item,Type,Variant,Flavour,Unit,Size,MRP,Selling_Price,Cost_Price,Discount_Percentage,Shelf_Life_Days,Storage_Type,GST_Percentage,Is_Perishable,Product_Status,Average_Rating,Launch_Status
P000001,MCC-FRI-VEG-7500,McCain Fries & Bites Cheese Balls Veg Spicy 750.0 g,McCain,Premium,Frozen Foods,Frozen Snacks,Fries & Bites,Cheese Balls,Veg,Spicy,g,750.0,335,305.51,218.64,8.8,180,Frozen,18,True,Low Stock,4.7,Regular
P000002,BIN-CHI-ROA-900,Bingo Corn Chips Roasted Cream & Onion 90.0 g,Bingo,Budget,Snacks,Munchies,Chips,Corn Chips,Roasted,Cream & Onion,g,90.0,49,40.62,28.39,17.1,180,Ambient,12,False,Available,4.2,Regular
P000003,FOR-CHA-SEL-150,Fortune Chakki Atta Maida Select 15.0 kg,Fortune,Popular,Staples & Grocery,Atta,Chakki Atta,Maida,Select,Not Applicable,kg,15.0,855,817.49,602.2,4.4,90,Ambient,0,False,Available,4.2,Regular
P000004,FAS-BAS-LEA-30,Fastrack Basic Wear Socks Leather 3.0 pack,Fastrack,Popular,Fashion & Lifestyle,Apparel & Accessories,Basic Wear,Socks,Leather,Not Applicable,pack,3.0,339,292.19,231.43,13.8,3650,Ambient,12,False,Available,4.2,Seasonal
P000005,GAR-FAC-HYD-300,Garnier Face Serum Liquid Serum Hydrating Niacinamide 30.0 ml,Garnier,Budget,Beauty & Personal Care,Skin Care,Face Serum,Liquid Serum,Hydrating,Niacinamide,ml,30.0,505,414.83,208.78,17.9,730,Ambient,18,False,Available,4.1,Regular
P000006,UNB-CHI-SKI-2500,Unbranded Chicken Boneless Skinless 250.0 g,Unbranded,Budget,Meat & Fish,Chicken,Chicken,Boneless,Skinless,Not Applicable,g,250.0,89,88.72,60.54,0.3,3,Refrigerated,5,True,Available,3.9,Regular
P000007,REL-CHI-SKI-5000,Relish Chicken Wings Skinless 500.0 g,Relish,Popular,Meat & Fish,Chicken,Chicken,Wings,Skinless,Not Applicable,g,500.0,239,222.76,163.09,6.8,3,Refrigerated,5,True,Available,4.4,Regular
P000008,NIV-FAC-ANT-500,Nivea Face Serum Liquid Serum Anti-Acne Hyaluronic Acid 50.0 ml,Nivea,Popular,Beauty & Personal Care,Skin Care,Face Serum,Liquid Serum,Anti-Acne,Hyaluronic Acid,ml,50.0,869,844.59,553.32,2.8,730,Ambient,18,False,Available,4.5,Regular
P000009,HUG-DIA-STA-720,Huggies Diapers Taped Standard 72.0 pack,Huggies,Popular,Baby Care,Baby Diapers & Wipes,Diapers,Taped,Standard,Not Applicable,pack,72.0,925,855.12,581.89,7.6,1095,Ambient,12,False,Available,4.5,Regular
P000010,PRI-CHI-BAK-900,Pringles Potato Chips Baked Classic Salted 90.0 g,Pringles,Premium,Snacks,Munchies,Chips,Potato Chips,Baked,Classic Salted,g,90.0,45,42.64,31.67,5.2,180,Ambient,12,False,Available,4.7,Regular
P000011,AAS-CHA-GLU-10,Aashirvaad Chakki Atta Maida Gluten Free 1.0 kg,Aashirvaad,Premium,Staples & Grocery,Atta,Chakki Atta,Maida,Gluten Free,Not Applicable,kg,1.0,69,57.37,37.58,16.9,90,Ambient,0,False,Available,4.5,Regular
P000012,BIN-CHI-BAK-900,Bingo Chips Nachos Baked Magic Masala 90.0 g,Bingo,Budget,Snacks,Munchies,Chips,Nachos,Baked,Magic Masala,g,90.0,45,34.63,23.19,23.0,180,Ambient,12,False,Low Stock,4.2,Regular
P000013,AMU-FRI-CHI-4000,Amul Fries & Bites Nuggets Chicken Spicy 400.0 g,Amul,Popular,Frozen Foods,Frozen Snacks,Fries & Bites,Nuggets,Chicken,Spicy,g,400.0,165,154.89,109.19,6.1,180,Frozen,18,True,Available,4.5,Regular
P000014,BEV-COF-DEC-1000,Bevzilla Coffee Powder Instant Decaf Mocha 100.0 g,Bevzilla,Premium,Beverages,Coffee,Coffee Powder,Instant,Decaf,Mocha,g,100.0,225,207.13,142.76,7.9,365,Ambient,18,False,Available,4.6,Regular
P000015,LIZ-DET-HAN-10,Lizol Detergent Pods Hand Wash Lavender 1.0 kg,Lizol,Popular,Household Essentials,Cleaning Essentials,Detergent,Pods,Hand Wash,Lavender,kg,1.0,209,206.98,151.65,1.0,730,Ambient,18,False,Available,4.6,Regular
P000016,KUR-CHI-ROA-900,Kurkure Potato Chips Roasted Cream & Onion 90.0 g,Kurkure,Popular,Snacks,Munchies,Chips,Potato Chips,Roasted,Cream & Onion,g,90.0,29,23.31,16.08,19.6,180,Ambient,12,False,Available,4.2,Regular
P000017,NAT-CHA-SHA-50,Nature Fresh Chakki Atta Besan Sharbati 5.0 kg,Nature Fresh,Popular,Staples & Grocery,Atta,Chakki Atta,Besan,Sharbati,Not Applicable,kg,5.0,215,201.25,153.02,6.4,90,Ambient,0,False,Available,4.3,Seasonal
P000018,MCC-FRI-CHI-4000,McCain Fries & Bites French Fries Chicken Classic 400.0 g,McCain,Premium,Frozen Foods,Frozen Snacks,Fries & Bites,French Fries,Chicken,Classic,g,400.0,205,184.38,134.61,10.1,180,Frozen,18,True,Low Stock,4.9,Regular
P000019,NAT-CHA-SEL-50,Nature Fresh Chakki Atta Wheat Select 5.0 kg,Nature Fresh,Popular,Staples & Grocery,Atta,Chakki Atta,Wheat,Select,Not Applicable,kg,5.0,215,173.53,123.29,19.3,90,Ambient,0,False,Low Stock,4.5,Regular
P000020,COU-MIL-FUL-10,Country Delight Cow Milk Full Cream Plain 1.0 L,Country Delight,Premium,"Dairy, Bread & Eggs",Milk,Milk,Cow Milk,Full Cream,Plain,L,1.0,75,71.84,54.23,4.2,2,Refrigerated,0,True,Available,4.8,Regular
P000021,FOR-CHA-GLU-10,Fortune Chakki Atta Maida Gluten Free 1.0 kg,Fortune,Popular,Staples & Grocery,Atta,Chakki Atta,Maida,Gluten Free,Not Applicable,kg,1.0,65,61.51,42.68,5.4,90,Ambient,0,False,Available,4.4,Regular
P000022,HAL-CHI-BAK-900,Haldiram's Chips Nachos Baked Tomato 90.0 g,Haldiram's,Popular,Snacks,Munchies,Chips,Nachos,Baked,Tomato,g,90.0,49,45.27,30.88,7.6,180,Ambient,12,False,Available,4.3,Regular
P000023,AMU-FRI-CHI-7500,Amul Fries & Bites Cheese Balls Chicken Masala 750.0 g,Amul,Popular,Frozen Foods,Frozen Snacks,Fries & Bites,Cheese Balls,Chicken,Masala,g,750.0,305,298.85,223.42,2.0,180,Frozen,18,True,Available,4.6,Regular
P000024,LIZ-DET-HAN-10-1,Lizol Detergent Powder Hand Wash Lavender 1.0 L,Lizol,Popular,Household Essentials,Cleaning Essentials,Detergent,Powder,Hand Wash,Lavender,L,1.0,289,216.85,163.93,25.0,730,Ambient,18,False,Available,4.6,Regular
P000025,COU-MIL-TON-5000,Country Delight Cow Milk Toned Plain 500.0 ml,Country Delight,Premium,"Dairy, Bread & Eggs",Milk,Milk,Cow Milk,Toned,Plain,ml,500.0,35,34.17,24.46,2.4,2,Refrigerated,0,True,Available,4.8,Regular
P000026,AAS-CHA-SHA-150,Aashirvaad Chakki Atta Maida Sharbati 15.0 kg,Aashirvaad,Premium,Staples & Grocery,Atta,Chakki Atta,Maida,Sharbati,Not Applicable,kg,15.0,909,807.67,604.22,11.1,90,Ambient,0,False,Available,4.6,Regular
P000027,AKS-EGG-OME-120,Akshayakalpa Country Eggs Omega-3 Rich 12.0 pc,Akshayakalpa,Premium,"Dairy, Bread & Eggs",Eggs,Eggs,Country Eggs,Omega-3 Rich,Not Applicable,pc,12.0,125,113.01,86.27,9.6,21,Refrigerated,0,True,Available,4.5,Regular
P000028,MEI-CHI-WIT-2500,Meister Chicken Wings With Skin 250.0 g,Meister,Popular,Meat & Fish,Chicken,Chicken,Wings,With Skin,Not Applicable,g,250.0,139,119.8,81.53,13.8,3,Refrigerated,5,True,Available,4.2,Regular
P000029,BRU-COF-GOL-1000,Bru Coffee Powder Filter Gold Vanilla 100.0 g,Bru,Popular,Beverages,Coffee,Coffee Powder,Filter,Gold,Vanilla,g,100.0,199,181.85,144.81,8.6,365,Ambient,18,False,Available,4.4,Regular
P000030,AAS-CHA-SHA-10,Aashirvaad Chakki Atta Besan Sharbati 1.0 kg,Aashirvaad,Premium,Staples & Grocery,Atta,Chakki Atta,Besan,Sharbati,Not Applicable,kg,1.0,69,58.55,42.37,15.1,90,Ambient,0,False,Available,4.7,Regular
P000031,NES-COF-DEC-500,Nescafé Coffee Powder Instant Decaf Original 50.0 g,Nescafé,Popular,Beverages,Coffee,Coffee Powder,Instant,Decaf,Original,g,50.0,99,95.77,72.01,3.3,365,Ambient,18,False,Available,4.2,Regular
P000032,LAY-CHI-BAK-900,Lay's Chips Extruded Snacks Baked Classic Salted 90.0 g,Lay's,Popular,Snacks,Munchies,Chips,Extruded Snacks,Baked,Classic Salted,g,90.0,29,23.28,15.92,19.7,180,Ambient,12,False,Available,4.4,Regular
P000033,NIV-FAC-HYD-300,Nivea Face Serum Gel Hydrating Niacinamide 30.0 ml,Nivea,Popular,Beauty & Personal Care,Skin Care,Face Serum,Gel,Hydrating,Niacinamide,ml,30.0,649,609.71,350.03,6.1,730,Ambient,18,False,Available,4.3,Regular
P000034,HAR-DET-HAN-10,Harpic Detergent Pods Hand Wash Fresh Spring 1.0 kg,Harpic,Popular,Household Essentials,Cleaning Essentials,Detergent,Pods,Hand Wash,Fresh Spring,kg,1.0,205,196.43,151.09,4.2,730,Ambient,18,False,Available,4.5,Regular
P000035,MAM-DIA-STA-750,MamyPoko Diapers Taped Standard 75.0 pack,MamyPoko,Popular,Baby Care,Baby Diapers & Wipes,Diapers,Taped,Standard,Not Applicable,pack,75.0,3435,3135.92,2304.01,8.7,1095,Ambient,12,False,Available,4.5,New Arrival
P000036,NES-COF-GOL-1000,Nescafé Coffee Powder Filter Gold Mocha 100.0 g,Nescafé,Popular,Beverages,Coffee,Coffee Powder,Filter,Gold,Mocha,g,100.0,165,151.09,120.33,8.4,365,Ambient,18,False,Available,4.5,Regular
P000037,LAY-CHI-FRI-900,Lay's Chips Extruded Snacks Fried Cheese 90.0 g,Lay's,Popular,Snacks,Munchies,Chips,Extruded Snacks,Fried,Cheese,g,90.0,29,27.44,21.22,5.4,180,Ambient,12,False,Available,4.3,Regular
P000038,UNB-ONI-PRE-62,Unbranded Onion White Premium Grade 6.2 kg,Unbranded,Budget,Fruits & Vegetables,Fresh Vegetables,Onion,White,Premium Grade,Not Applicable,kg,6.2,185,177.4,134.63,4.1,4,Ambient,0,True,Low Stock,4.0,Regular
P000039,HAL-CHI-ROA-300,Haldiram's Chips Nachos Roasted Magic Masala 30.0 g,Haldiram's,Popular,Snacks,Munchies,Chips,Nachos,Roasted,Magic Masala,g,30.0,15,12.89,9.7,14.0,180,Ambient,12,False,Available,4.4,Regular
P000040,FOR-CHA-SHA-50,Fortune Chakki Atta Multigrain Sharbati 5.0 kg,Fortune,Popular,Staples & Grocery,Atta,Chakki Atta,Multigrain,Sharbati,Not Applicable,kg,5.0,229,228.93,158.41,0.0,90,Ambient,0,False,Available,4.2,Regular
P000041,SUR-DET-HAN-10,Surf Excel Detergent Liquid Hand Wash Lavender 1.0 L,Surf Excel,Premium,Household Essentials,Cleaning Essentials,Detergent,Liquid,Hand Wash,Lavender,L,1.0,305,273.11,183.74,10.5,730,Ambient,18,False,Available,4.6,Regular
P000042,LAY-CHI-FRI-300,Lay's Corn Chips Fried Cream & Onion 30.0 g,Lay's,Popular,Snacks,Munchies,Chips,Corn Chips,Fried,Cream & Onion,g,30.0,15,14.78,10.3,1.4,180,Ambient,12,False,Available,4.4,Regular
P000043,BIN-CHI-ROA-1500,Bingo Corn Chips Roasted Cheese 150.0 g,Bingo,Budget,Snacks,Munchies,Chips,Corn Chips,Roasted,Cheese,g,150.0,69,55.71,41.38,19.3,180,Ambient,12,False,Available,4.2,Regular
P000044,EVE-BAT-BUT-20,Eveready Batteries Zinc Carbon Button Cell 2.0 pack,Eveready,Budget,Household Essentials,Electronics,Batteries,Zinc Carbon,Button Cell,Not Applicable,pack,2.0,29,27.32,20.95,5.8,3650,Ambient,18,False,Available,4.2,Regular
P000045,NES-COF-GOL-500,Nescafé Coffee Powder Filter Gold Mocha 50.0 g,Nescafé,Popular,Beverages,Coffee,Coffee Powder,Filter,Gold,Mocha,g,50.0,135,129.27,97.7,4.2,365,Ambient,18,False,Available,4.5,New Arrival
P000046,JOC-BAS-CAN-10,Jockey Basic Wear Wallet Canvas 1.0 pc,Jockey,Premium,Fashion & Lifestyle,Apparel & Accessories,Basic Wear,Wallet,Canvas,Not Applicable,pc,1.0,435,393.96,258.12,9.4,3650,Ambient,12,False,Available,4.8,Regular
P000047,KUR-CHI-FRI-300,Kurkure Corn Chips Fried Classic Salted 30.0 g,Kurkure,Popular,Snacks,Munchies,Chips,Corn Chips,Fried,Classic Salted,g,30.0,16,14.43,11.52,9.8,180,Ambient,12,False,Out Of Stock,4.5,Seasonal
P000048,NAT-CHA-GLU-10,Nature Fresh Chakki Atta Wheat Gluten Free 1.0 kg,Nature Fresh,Popular,Staples & Grocery,Atta,Chakki Atta,Wheat,Gluten Free,Not Applicable,kg,1.0,49,46.45,33.17,5.2,90,Ambient,0,False,Available,4.4,Regular
P000049,PRI-CHI-BAK-1500,Pringles Chips Extruded Snacks Baked Magic Masala 150.0 g,Pringles,Premium,Snacks,Munchies,Chips,Extruded Snacks,Baked,Magic Masala,g,150.0,89,84.17,64.68,5.4,180,Ambient,12,False,Available,4.8,Regular
P000050,BIN-CHI-FRI-1500,Bingo Chips Extruded Snacks Fried Tomato 150.0 g,Bingo,Budget,Snacks,Munchies,Chips,Extruded Snacks,Fried,Tomato,g,150.0,99,93.0,61.77,6.1,180,Ambient,12,False,Available,4.2,Regular
P000051,MCC-FRI-CHI-7500,McCain Fries & Bites Aloo Tikki Chicken Classic 750.0 g,McCain,Premium,Frozen Foods,Frozen Snacks,Fries & Bites,Aloo Tikki,Chicken,Classic,g,750.0,239,184.6,130.6,22.8,180,Frozen,18,True,Available,4.6,Regular
P000052,AAS-CHA-GLU-150,Aashirvaad Chakki Atta Besan Gluten Free 15.0 kg,Aashirvaad,Premium,Staples & Grocery,Atta,Chakki Atta,Besan,Gluten Free,Not Applicable,kg,15.0,655,600.28,429.14,8.4,90,Ambient,0,False,Out Of Stock,4.5,Regular
P000053,HAR-DET-TOP-10,Harpic Detergent Powder Top Load Lavender 1.0 kg,Harpic,Popular,Household Essentials,Cleaning Essentials,Detergent,Powder,Top Load,Lavender,kg,1.0,215,172.21,123.59,19.9,730,Ambient,18,False,Available,4.5,Regular
P000054,MEI-CHI-WIT-10,Meister Chicken Drumsticks With Skin 1.0 kg,Meister,Popular,Meat & Fish,Chicken,Chicken,Drumsticks,With Skin,Not Applicable,kg,1.0,299,249.02,189.85,16.7,3,Refrigerated,5,True,Available,4.3,Regular
P000055,BRU-COF-GOL-1000-1,Bru Coffee Powder Instant Gold Vanilla 100.0 g,Bru,Popular,Beverages,Coffee,Coffee Powder,Instant,Gold,Vanilla,g,100.0,265,213.28,159.2,19.5,365,Ambient,18,False,Available,4.5,Regular
P000056,LAY-CHI-ROA-900,Lay's Chips Nachos Roasted Cheese 90.0 g,Lay's,Popular,Snacks,Munchies,Chips,Nachos,Roasted,Cheese,g,90.0,35,30.5,24.08,12.9,180,Ambient,12,False,Available,4.3,Regular
P000057,VIM-DET-HAN-10,Vim Detergent Powder Hand Wash Fresh Spring 1.0 L,Vim,Popular,Household Essentials,Cleaning Essentials,Detergent,Powder,Hand Wash,Fresh Spring,L,1.0,259,254.75,178.6,1.6,730,Ambient,18,False,Available,4.5,Regular
P000058,LAY-CHI-ROA-900-1,Lay's Chips Extruded Snacks Roasted Cheese 90.0 g,Lay's,Popular,Snacks,Munchies,Chips,Extruded Snacks,Roasted,Cheese,g,90.0,29,28.18,19.13,2.8,180,Ambient,12,False,Available,4.6,Regular
P000059,AAS-CHA-SHA-100,Aashirvaad Chakki Atta Wheat Sharbati 10.0 kg,Aashirvaad,Premium,Staples & Grocery,Atta,Chakki Atta,Wheat,Sharbati,Not Applicable,kg,10.0,475,412.62,281.47,13.1,90,Ambient,0,False,Available,4.8,Regular
P000060,HAR-DET-TOP-10-1,Harpic Detergent Pods Top Load Fresh Spring 1.0 L,Harpic,Popular,Household Essentials,Cleaning Essentials,Detergent,Pods,Top Load,Fresh Spring,L,1.0,289,270.55,201.85,6.4,730,Ambient,18,False,Low Stock,4.5,Regular
P000061,BIN-CHI-ROA-1500-1,Bingo Chips Extruded Snacks Roasted Classic Salted 150.0 g,Bingo,Budget,Snacks,Munchies,Chips,Extruded Snacks,Roasted,Classic Salted,g,150.0,69,63.89,46.84,7.4,180,Ambient,12,False,Available,4.2,New Arrival
P000062,BIN-CHI-BAK-300,Bingo Chips Nachos Baked Magic Masala 30.0 g,Bingo,Budget,Snacks,Munchies,Chips,Nachos,Baked,Magic Masala,g,30.0,15,11.76,8.27,21.6,180,Ambient,12,False,Available,3.8,Regular
P000063,DOT-FAC-ANT-300,Dot & Key Face Serum Gel Anti-Acne Niacinamide 30.0 ml,Dot & Key,Premium,Beauty & Personal Care,Skin Care,Face Serum,Gel,Anti-Acne,Niacinamide,ml,30.0,509,416.03,217.06,18.3,730,Ambient,18,False,Available,4.6,Regular
P000064,MIN-FAC-HYD-300,Minimalist Face Serum Liquid Serum Hydrating Salicylic Acid 30.0 ml,Minimalist,Premium,Beauty & Personal Care,Skin Care,Face Serum,Liquid Serum,Hydrating,Salicylic Acid,ml,30.0,689,632.96,350.99,8.1,730,Ambient,18,False,Available,4.9,Regular
P000065,DOT-FAC-HYD-500,Dot & Key Face Serum Gel Hydrating Salicylic Acid 50.0 ml,Dot & Key,Premium,Beauty & Personal Care,Skin Care,Face Serum,Gel,Hydrating,Salicylic Acid,ml,50.0,939,662.24,355.94,29.5,730,Ambient,18,False,Available,4.7,Regular
P000066,NAT-CHA-SHA-200,Nature Fresh Chakki Atta Wheat Sharbati 20.0 kg,Nature Fresh,Popular,Staples & Grocery,Atta,Chakki Atta,Wheat,Sharbati,Not Applicable,kg,20.0,1289,1210.84,962.01,6.1,90,Ambient,0,False,Available,4.3,Regular
P000067,MOO-PAI-AYU-500,Moov Pain Reliever Tablet Ayurvedic 50.0 g,Moov,Popular,Pharmacy,Pain Relief,Pain Reliever,Tablet,Ayurvedic,Not Applicable,g,50.0,239,171.85,129.22,28.1,730,Ambient,12,False,Available,4.3,Regular
P000068,NES-COF-CLA-1000,Nescafé Coffee Powder Filter Classic Hazelnut 100.0 g,Nescafé,Popular,Beverages,Coffee,Coffee Powder,Filter,Classic,Hazelnut,g,100.0,229,218.79,155.68,4.5,365,Ambient,18,False,Available,4.5,Regular
P000069,SUR-DET-HAN-10-1,Surf Excel Detergent Powder Hand Wash Lavender 1.0 L,Surf Excel,Premium,Household Essentials,Cleaning Essentials,Detergent,Powder,Hand Wash,Lavender,L,1.0,199,169.13,133.01,15.0,730,Ambient,18,False,Available,4.6,Regular
P000070,SUR-DET-FRO-10,Surf Excel Detergent Pods Front Load Lavender 1.0 kg,Surf Excel,Premium,Household Essentials,Cleaning Essentials,Detergent,Pods,Front Load,Lavender,kg,1.0,109,95.5,62.59,12.4,730,Ambient,18,False,Available,4.9,Regular
P000071,UNB-TOM-REG-5000,Unbranded Tomato Cherry Regular 500.0 g,Unbranded,Budget,Fruits & Vegetables,Fresh Vegetables,Tomato,Cherry,Regular,Not Applicable,g,500.0,29,26.45,22.11,8.8,4,Ambient,0,True,Available,3.9,Regular
P000072,DUR-BAT-BUT-20,Duracell Batteries Rechargeable Button Cell 2.0 pack,Duracell,Premium,Household Essentials,Electronics,Batteries,Rechargeable,Button Cell,Not Applicable,pack,2.0,65,59.91,40.09,7.8,3650,Ambient,18,False,Available,4.6,Regular
P000073,WHI-PET-ADU-12,Whiskas Pet Food Treats Adult Meat 1.2 kg,Whiskas,Popular,Pet Care,Dog & Cat Food,Pet Food,Treats,Adult,Meat,kg,1.2,389,351.28,278.89,9.7,540,Ambient,18,False,Available,4.5,Regular
P000074,NES-COF-DEC-1000,Nescafé Coffee Powder Filter Decaf Vanilla 100.0 g,Nescafé,Popular,Beverages,Coffee,Coffee Powder,Filter,Decaf,Vanilla,g,100.0,195,170.35,130.3,12.6,365,Ambient,18,False,Available,4.5,Regular
P000075,AAS-CHA-GLU-10-1,Aashirvaad Chakki Atta Wheat Gluten Free 1.0 kg,Aashirvaad,Premium,Staples & Grocery,Atta,Chakki Atta,Wheat,Gluten Free,Not Applicable,kg,1.0,59,56.67,42.04,4.0,90,Ambient,0,False,Available,4.9,Regular
P000076,THE-FAC-BRI-300,The Derma Co Face Serum Gel Brightening Niacinamide 30.0 ml,The Derma Co,Premium,Beauty & Personal Care,Skin Care,Face Serum,Gel,Brightening,Niacinamide,ml,30.0,749,710.06,404.94,5.2,730,Ambient,18,False,Out Of Stock,4.5,Regular
P000077,LAY-CHI-BAK-1500,Lay's Chips Extruded Snacks Baked Tomato 150.0 g,Lay's,Popular,Snacks,Munchies,Chips,Extruded Snacks,Baked,Tomato,g,150.0,119,83.89,63.67,29.5,180,Ambient,12,False,Available,4.5,Regular
P000078,BIN-CHI-BAK-300-1,Bingo Corn Chips Baked Classic Salted 30.0 g,Bingo,Budget,Snacks,Munchies,Chips,Corn Chips,Baked,Classic Salted,g,30.0,16,14.74,10.96,7.9,180,Ambient,12,False,Available,4.0,Regular
P000079,UNB-ONI-PRE-50,Unbranded Onion Sambhar Premium Grade 5.0 kg,Unbranded,Budget,Fruits & Vegetables,Fresh Vegetables,Onion,Sambhar,Premium Grade,Not Applicable,kg,5.0,219,209.16,176.16,4.5,4,Ambient,0,True,Available,3.9,Regular
P000080,KUR-CHI-FRI-900,Kurkure Corn Chips Fried Classic Salted 90.0 g,Kurkure,Popular,Snacks,Munchies,Chips,Corn Chips,Fried,Classic Salted,g,90.0,49,48.45,35.81,1.1,180,Ambient,12,False,Available,4.5,Regular
P000081,EVE-BAT-AAA-20,Eveready Batteries Rechargeable AAA 2.0 pack,Eveready,Budget,Household Essentials,Electronics,Batteries,Rechargeable,AAA,Not Applicable,pack,2.0,49,33.37,22.26,31.9,3650,Ambient,18,False,Low Stock,3.8,New Arrival
P000082,SYS-BAT-AA-40,Syska Batteries Zinc Carbon AA 4.0 pack,Syska,Popular,Household Essentials,Electronics,Batteries,Zinc Carbon,AA,Not Applicable,pack,4.0,165,153.12,117.21,7.2,3650,Ambient,18,False,Available,4.4,New Arrival
P000083,AKS-EGG-FRE-300,Akshayakalpa Table Eggs Free Range 30.0 pc,Akshayakalpa,Premium,"Dairy, Bread & Eggs",Eggs,Eggs,Table Eggs,Free Range,Not Applicable,pc,30.0,239,225.25,174.88,5.8,21,Refrigerated,0,True,Low Stock,4.7,Seasonal
P000084,NAN-MIL-SKI-5000,Nandini A2 Milk Skimmed Plain 500.0 ml,Nandini,Budget,"Dairy, Bread & Eggs",Milk,Milk,A2 Milk,Skimmed,Plain,ml,500.0,39,27.33,20.16,29.9,2,Refrigerated,0,True,Available,4.0,Regular
P000085,NAN-MIL-SKI-10,Nandini A2 Milk Skimmed Plain 1.0 L,Nandini,Budget,"Dairy, Bread & Eggs",Milk,Milk,A2 Milk,Skimmed,Plain,L,1.0,49,34.24,24.93,30.1,2,Refrigerated,0,True,Available,4.1,Regular
P000086,BAK-BRE-FRU-4000,Baker's Loaf Bread Loaf Brown Fruit 400.0 g,Baker's Loaf,Popular,"Dairy, Bread & Eggs",Bread,Bread Loaf,Brown,Fruit,Not Applicable,g,400.0,55,47.24,36.07,14.1,5,Ambient,0,False,Low Stock,4.3,Regular
P000087,BRU-COF-CLA-500,Bru Coffee Powder Filter Classic Mocha 50.0 g,Bru,Popular,Beverages,Coffee,Coffee Powder,Filter,Classic,Mocha,g,50.0,119,105.5,76.29,11.3,365,Ambient,18,False,Available,4.6,Regular
P000088,BEN-COL-STA-1000,Benadryl Cold Relief Lozenges Standard Honey 100.0 ml,Benadryl,Popular,Pharmacy,Cold & Flu,Cold Relief,Lozenges,Standard,Honey,ml,100.0,95,73.63,52.4,22.5,730,Ambient,12,False,Available,4.4,Regular
P000089,FAR-ONI-REG-30,Farm Fresh Onion White Regular 3.0 kg,Farm Fresh,Popular,Fruits & Vegetables,Fresh Vegetables,Onion,White,Regular,Not Applicable,kg,3.0,125,81.83,64.34,34.5,4,Ambient,0,True,Available,4.6,Regular
P000090,PAM-DIA-ALO-720,Pampers Diapers Taped Aloe Vera Enriched 72.0 pack,Pampers,Premium,Baby Care,Baby Diapers & Wipes,Diapers,Taped,Aloe Vera Enriched,Not Applicable,pack,72.0,1079,882.48,580.59,18.2,1095,Ambient,12,False,Available,4.6,Regular
P000091,ABH-EGG-OME-120,Abhi Eggs Country Eggs Omega-3 Rich 12.0 pc,Abhi Eggs,Budget,"Dairy, Bread & Eggs",Eggs,Eggs,Country Eggs,Omega-3 Rich,Not Applicable,pc,12.0,125,106.61,77.59,14.7,21,Refrigerated,0,True,Available,3.9,Regular
P000092,NAT-CHA-SHA-100,Nature Fresh Chakki Atta Besan Sharbati 10.0 kg,Nature Fresh,Popular,Staples & Grocery,Atta,Chakki Atta,Besan,Sharbati,Not Applicable,kg,10.0,559,435.23,310.15,22.1,90,Ambient,0,False,Available,4.5,Regular
P000093,KUR-CHI-BAK-1500,Kurkure Chips Nachos Baked Cream & Onion 150.0 g,Kurkure,Popular,Snacks,Munchies,Chips,Nachos,Baked,Cream & Onion,g,150.0,95,80.65,62.49,15.1,180,Ambient,12,False,Available,4.5,Regular
P000094,KUR-CHI-BAK-300,Kurkure Chips Nachos Baked Classic Salted 30.0 g,Kurkure,Popular,Snacks,Munchies,Chips,Nachos,Baked,Classic Salted,g,30.0,19,15.97,12.61,16.0,180,Ambient,12,False,Available,4.4,Regular
P000095,FOR-CHA-GLU-50,Fortune Chakki Atta Maida Gluten Free 5.0 kg,Fortune,Popular,Staples & Grocery,Atta,Chakki Atta,Maida,Gluten Free,Not Applicable,kg,5.0,229,217.36,156.85,5.1,90,Ambient,0,False,Available,4.6,Regular
P000096,EVE-BAT-BUT-40,Eveready Batteries Alkaline Button Cell 4.0 pack,Eveready,Budget,Household Essentials,Electronics,Batteries,Alkaline,Button Cell,Not Applicable,pack,4.0,139,133.26,94.5,4.1,3650,Ambient,18,False,Available,3.9,Regular
P000097,THE-BRE-GAR-4000,The Health Factory Bread Loaf Multigrain Garlic 400.0 g,The Health Factory,Premium,"Dairy, Bread & Eggs",Bread,Bread Loaf,Multigrain,Garlic,Not Applicable,g,400.0,59,54.28,36.28,8.0,5,Ambient,0,False,Available,4.7,Regular
P000098,AMU-FRI-VEG-7500,Amul Fries & Bites Cheese Balls Veg Masala 750.0 g,Amul,Popular,Frozen Foods,Frozen Snacks,Fries & Bites,Cheese Balls,Veg,Masala,g,750.0,339,337.42,236.56,0.5,180,Frozen,18,True,Available,4.6,Regular
P000099,UNB-TOM-ORG-15,Unbranded Tomato Local Organic 1.5 kg,Unbranded,Budget,Fruits & Vegetables,Fresh Vegetables,Tomato,Local,Organic,Not Applicable,kg,1.5,79,79.0,59.74,0.0,4,Ambient,0,True,Available,4.1,Regular
P000100,SYS-BAT-9V-40,Syska Batteries Zinc Carbon 9V 4.0 pack,Syska,Popular,Household Essentials,Electronics,Batteries,Zinc Carbon,9V,Not Applicable,pack,4.0,109,101.26,67.72,7.1,3650,Ambient,18,False,Available,4.5,Regular
P000101,BEN-COL-STA-1000-1,Benadryl Cold Relief Vaporub Standard Menthol 100.0 ml,Benadryl,Popular,Pharmacy,Cold & Flu,Cold Relief,Vaporub,Standard,Menthol,ml,100.0,105,100.07,77.82,4.7,730,Ambient,12,False,Available,4.5,Regular
P000102,BEV-COF-DEC-1000-1,Bevzilla Coffee Powder Filter Decaf Hazelnut 100.0 g,Bevzilla,Premium,Beverages,Coffee,Coffee Powder,Filter,Decaf,Hazelnut,g,100.0,219,179.48,119.14,18.0,365,Ambient,18,False,Available,4.8,Seasonal
P000103,ITC-FRI-VEG-7500,ITC Master Chef Fries & Bites French Fries Veg Masala 750.0 g,ITC Master Chef,Popular,Frozen Foods,Frozen Snacks,Fries & Bites,French Fries,Veg,Masala,g,750.0,309,286.98,218.63,7.1,180,Frozen,18,True,Available,4.5,Regular
P000104,THE-FAC-HYD-500,The Derma Co Face Serum Liquid Serum Hydrating Salicylic Acid 50.0 ml,The Derma Co,Premium,Beauty & Personal Care,Skin Care,Face Serum,Liquid Serum,Hydrating,Salicylic Acid,ml,50.0,959,907.03,526.39,5.4,730,Ambient,18,False,Available,4.7,Regular
P000105,BEV-COF-GOL-1000,Bevzilla Coffee Powder Filter Gold Original 100.0 g,Bevzilla,Premium,Beverages,Coffee,Coffee Powder,Filter,Gold,Original,g,100.0,199,198.95,136.97,0.0,365,Ambient,18,False,Low Stock,4.5,Regular
P000106,ENG-BRE-FRU-4000,English Oven Bread Loaf Whole Wheat Fruit 400.0 g,English Oven,Popular,"Dairy, Bread & Eggs",Bread,Bread Loaf,Whole Wheat,Fruit,Not Applicable,g,400.0,49,41.55,30.9,15.2,5,Ambient,0,False,Available,4.3,Regular
P000107,PUR-PET-SEN-12,Purepet Pet Food Treats Senior Chicken 1.2 kg,Purepet,Budget,Pet Care,Dog & Cat Food,Pet Food,Treats,Senior,Chicken,kg,1.2,405,396.72,311.03,2.0,540,Ambient,18,False,Available,4.0,Regular
P000108,PRI-CHI-ROA-900,Pringles Corn Chips Roasted Tomato 90.0 g,Pringles,Premium,Snacks,Munchies,Chips,Corn Chips,Roasted,Tomato,g,90.0,39,34.08,24.52,12.6,180,Ambient,12,False,Available,4.7,Regular
P000109,PRI-CHI-BAK-1500-1,Pringles Potato Chips Baked Classic Salted 150.0 g,Pringles,Premium,Snacks,Munchies,Chips,Potato Chips,Baked,Classic Salted,g,150.0,89,57.96,42.91,34.9,180,Ambient,12,False,Available,4.6,Regular
P000110,FOR-CHA-GLU-62,Fortune Chakki Atta Maida Gluten Free 6.2 kg,Fortune,Popular,Staples & Grocery,Atta,Chakki Atta,Maida,Gluten Free,Not Applicable,kg,6.2,379,319.97,247.4,15.6,90,Ambient,0,False,Available,4.4,Regular
P000111,MCC-FRI-VEG-4000,McCain Fries & Bites Nuggets Veg Spicy 400.0 g,McCain,Premium,Frozen Foods,Frozen Snacks,Fries & Bites,Nuggets,Veg,Spicy,g,400.0,169,152.2,108.57,9.9,180,Frozen,18,True,Available,4.8,Regular
P000112,GAR-FAC-HYD-300-1,Garnier Face Serum Gel Hydrating Vitamin C 30.0 ml,Garnier,Budget,Beauty & Personal Care,Skin Care,Face Serum,Gel,Hydrating,Vitamin C,ml,30.0,559,555.14,292.69,0.7,730,Ambient,18,False,Available,3.9,Regular
P000113,LIC-CHI-ANT-2500,Licious Chicken Boneless Antibiotic Free 250.0 g,Licious,Premium,Meat & Fish,Chicken,Chicken,Boneless,Antibiotic Free,Not Applicable,g,250.0,95,64.84,42.64,31.7,3,Refrigerated,5,True,Available,4.5,Regular
P000114,FAS-BAS-LEA-10,Fastrack Basic Wear Socks Leather 1.0 pc,Fastrack,Popular,Fashion & Lifestyle,Apparel & Accessories,Basic Wear,Socks,Leather,Not Applicable,pc,1.0,605,581.22,395.16,3.9,3650,Ambient,12,False,Available,4.4,Regular
P000115,LIZ-DET-FRO-10,Lizol Detergent Powder Front Load Fresh Spring 1.0 L,Lizol,Popular,Household Essentials,Cleaning Essentials,Detergent,Powder,Front Load,Fresh Spring,L,1.0,295,294.23,218.21,0.3,730,Ambient,18,False,Available,4.5,Regular
P000116,VIM-DET-HAN-10-1,Vim Detergent Pods Hand Wash Lavender 1.0 L,Vim,Popular,Household Essentials,Cleaning Essentials,Detergent,Pods,Hand Wash,Lavender,L,1.0,315,257.57,187.83,18.2,730,Ambient,18,False,Available,4.4,Regular
P000117,GAR-FAC-HYD-500,Garnier Face Serum Gel Hydrating Vitamin C 50.0 ml,Garnier,Budget,Beauty & Personal Care,Skin Care,Face Serum,Gel,Hydrating,Vitamin C,ml,50.0,635,594.9,372.31,6.3,730,Ambient,18,False,Available,4.1,Regular
P000118,MEI-CHI-WIT-5000,Meister Chicken Wings With Skin 500.0 g,Meister,Popular,Meat & Fish,Chicken,Chicken,Wings,With Skin,Not Applicable,g,500.0,269,177.65,131.44,34.0,3,Refrigerated,5,True,Available,4.5,Regular
P000119,COU-MIL-TON-10,Country Delight Buffalo Milk Toned Plain 1.0 L,Country Delight,Premium,"Dairy, Bread & Eggs",Milk,Milk,Buffalo Milk,Toned,Plain,L,1.0,59,56.16,44.44,4.8,2,Refrigerated,0,True,Available,4.8,Regular
P000120,KUR-CHI-BAK-300-1,Kurkure Corn Chips Baked Magic Masala 30.0 g,Kurkure,Popular,Snacks,Munchies,Chips,Corn Chips,Baked,Magic Masala,g,30.0,12,10.21,8.15,14.9,180,Ambient,12,False,Low Stock,4.5,Regular
P000121,KUR-CHI-ROA-1500,Kurkure Potato Chips Roasted Classic Salted 150.0 g,Kurkure,Popular,Snacks,Munchies,Chips,Potato Chips,Roasted,Classic Salted,g,150.0,115,106.27,81.91,7.6,180,Ambient,12,False,Available,4.5,Regular
P000122,HAL-CHI-BAK-300,Haldiram's Chips Nachos Baked Classic Salted 30.0 g,Haldiram's,Popular,Snacks,Munchies,Chips,Nachos,Baked,Classic Salted,g,30.0,15,13.73,9.72,8.5,180,Ambient,12,False,Low Stock,4.5,Regular
P000123,PRI-CHI-FRI-900,Pringles Potato Chips Fried Tomato 90.0 g,Pringles,Premium,Snacks,Munchies,Chips,Potato Chips,Fried,Tomato,g,90.0,35,24.56,16.05,29.8,180,Ambient,12,False,Available,4.5,Regular
P000124,AAS-CHA-GLU-100,Aashirvaad Chakki Atta Besan Gluten Free 10.0 kg,Aashirvaad,Premium,Staples & Grocery,Atta,Chakki Atta,Besan,Gluten Free,Not Applicable,kg,10.0,489,479.23,335.25,2.0,90,Ambient,0,False,Available,4.7,Regular
P000125,FOR-CHA-GLU-100,Fortune Chakki Atta Besan Gluten Free 10.0 kg,Fortune,Popular,Staples & Grocery,Atta,Chakki Atta,Besan,Gluten Free,Not Applicable,kg,10.0,465,464.64,322.67,0.1,90,Ambient,0,False,Available,4.6,Regular
P000126,PAT-CHA-SEL-50,Patanjali Chakki Atta Multigrain Select 5.0 kg,Patanjali,Budget,Staples & Grocery,Atta,Chakki Atta,Multigrain,Select,Not Applicable,kg,5.0,299,273.19,195.64,8.6,90,Ambient,0,False,Available,4.1,Regular
P000127,BIN-CHI-BAK-300-2,Bingo Corn Chips Baked Cheese 30.0 g,Bingo,Budget,Snacks,Munchies,Chips,Corn Chips,Baked,Cheese,g,30.0,13,10.64,8.15,18.2,180,Ambient,12,False,Available,4.3,Regular
P000128,KUR-CHI-BAK-300-2,Kurkure Corn Chips Baked Classic Salted 30.0 g,Kurkure,Popular,Snacks,Munchies,Chips,Corn Chips,Baked,Classic Salted,g,30.0,15,12.89,10.3,14.0,180,Ambient,12,False,Available,4.3,Regular
P000129,LAY-CHI-FRI-300-1,Lay's Chips Extruded Snacks Fried Classic Salted 30.0 g,Lay's,Popular,Snacks,Munchies,Chips,Extruded Snacks,Fried,Classic Salted,g,30.0,15,12.66,9.17,15.6,180,Ambient,12,False,Available,4.3,Regular
P000130,VIC-COL-NON-250,Vicks Cold Relief Vaporub Non-Drowsy Tulsi 25.0 g,Vicks,Popular,Pharmacy,Cold & Flu,Cold Relief,Vaporub,Non-Drowsy,Tulsi,g,25.0,49,47.74,38.73,2.6,730,Ambient,12,False,Available,4.4,Regular
P000131,UNB-TOM-ORG-5000,Unbranded Tomato Hybrid Organic 500.0 g,Unbranded,Budget,Fruits & Vegetables,Fresh Vegetables,Tomato,Hybrid,Organic,Not Applicable,g,500.0,35,26.69,21.5,23.8,4,Ambient,0,True,Available,4.0,Regular
P000132,ARI-DET-TOP-10,Ariel Detergent Liquid Top Load Lavender 1.0 L,Ariel,Premium,Household Essentials,Cleaning Essentials,Detergent,Liquid,Top Load,Lavender,L,1.0,259,226.8,169.88,12.4,730,Ambient,18,False,Available,4.8,New Arrival
P000133,UNB-ONI-PRE-15,Unbranded Onion Red Premium Grade 1.5 kg,Unbranded,Budget,Fruits & Vegetables,Fresh Vegetables,Onion,Red,Premium Grade,Not Applicable,kg,1.5,75,49.91,38.12,33.4,4,Ambient,0,True,Available,4.0,Regular
P000134,LAY-CHI-ROA-1500,Lay's Potato Chips Roasted Cheese 150.0 g,Lay's,Popular,Snacks,Munchies,Chips,Potato Chips,Roasted,Cheese,g,150.0,69,59.46,40.53,13.8,180,Ambient,12,False,Available,4.3,New Arrival
P000135,KUR-CHI-ROA-1500-1,Kurkure Chips Nachos Roasted Classic Salted 150.0 g,Kurkure,Popular,Snacks,Munchies,Chips,Nachos,Roasted,Classic Salted,g,150.0,99,90.09,66.5,9.0,180,Ambient,12,False,Available,4.3,Regular
P000136,THE-FAC-HYD-300,The Derma Co Face Serum Gel Hydrating Vitamin C 30.0 ml,The Derma Co,Premium,Beauty & Personal Care,Skin Care,Face Serum,Gel,Hydrating,Vitamin C,ml,30.0,609,423.18,273.94,30.5,730,Ambient,18,False,Available,4.6,Regular
P000137,PRI-CHI-BAK-900-1,Pringles Potato Chips Baked Magic Masala 90.0 g,Pringles,Premium,Snacks,Munchies,Chips,Potato Chips,Baked,Magic Masala,g,90.0,39,26.82,20.08,31.2,180,Ambient,12,False,Available,4.7,Regular
P000138,FAR-ONI-REG-75,Farm Fresh Onion White Regular 7.5 kg,Farm Fresh,Popular,Fruits & Vegetables,Fresh Vegetables,Onion,White,Regular,Not Applicable,kg,7.5,245,184.47,152.77,24.7,4,Ambient,0,True,Low Stock,4.4,Regular
P000139,MAM-DIA-PRE-320,MamyPoko Diapers Pant Style Premium Care 32.0 pack,MamyPoko,Popular,Baby Care,Baby Diapers & Wipes,Diapers,Pant Style,Premium Care,Not Applicable,pack,32.0,769,634.72,419.21,17.5,1095,Ambient,12,False,Available,4.3,Regular
P000140,MEI-CHI-SKI-2500,Meister Chicken Wings Skinless 250.0 g,Meister,Popular,Meat & Fish,Chicken,Chicken,Wings,Skinless,Not Applicable,g,250.0,129,121.04,92.44,6.2,3,Refrigerated,5,True,Available,4.3,Regular
P000141,MIN-FAC-HYD-300-1,Minimalist Face Serum Gel Hydrating Niacinamide 30.0 ml,Minimalist,Premium,Beauty & Personal Care,Skin Care,Face Serum,Gel,Hydrating,Niacinamide,ml,30.0,489,399.27,212.7,18.3,730,Ambient,18,False,Available,4.6,Regular
P000142,NAT-CHA-SEL-30,Nature Fresh Chakki Atta Wheat Select 3.0 kg,Nature Fresh,Popular,Staples & Grocery,Atta,Chakki Atta,Wheat,Select,Not Applicable,kg,3.0,215,202.96,159.98,5.6,90,Ambient,0,False,Available,4.6,Regular
P000143,HUG-DIA-STA-730,Huggies Diapers Pant Style Standard 73.0 pack,Huggies,Popular,Baby Care,Baby Diapers & Wipes,Diapers,Pant Style,Standard,Not Applicable,pack,73.0,1215,1153.85,774.74,5.0,1095,Ambient,12,False,Available,4.6,Regular
P000144,NIV-FAC-ANT-300,Nivea Face Serum Gel Anti-Acne Niacinamide 30.0 ml,Nivea,Popular,Beauty & Personal Care,Skin Care,Face Serum,Gel,Anti-Acne,Niacinamide,ml,30.0,739,725.28,461.94,1.9,730,Ambient,18,False,Available,4.6,Regular
P000145,NES-COF-DEC-500-1,Nescafé Coffee Powder Instant Decaf Vanilla 50.0 g,Nescafé,Popular,Beverages,Coffee,Coffee Powder,Instant,Decaf,Vanilla,g,50.0,139,117.11,88.86,15.7,365,Ambient,18,False,Available,4.3,Regular
P000146,MAM-FAC-BRI-500,Mamaearth Face Serum Liquid Serum Brightening Salicylic Acid 50.0 ml,Mamaearth,Popular,Beauty & Personal Care,Skin Care,Face Serum,Liquid Serum,Brightening,Salicylic Acid,ml,50.0,905,768.24,476.63,15.1,730,Ambient,18,False,Available,4.5,Regular
P000147,ZES-APP-WAX-10,Zespri Apple Kashmiri Wax Free 1.0 kg,Zespri,Premium,Fruits & Vegetables,Fresh Fruits,Apple,Kashmiri,Wax Free,Not Applicable,kg,1.0,199,168.64,136.21,15.3,5,Refrigerated,0,True,Available,4.9,Regular
P000148,AAS-CHA-SEL-30,Aashirvaad Chakki Atta Maida Select 3.0 kg,Aashirvaad,Premium,Staples & Grocery,Atta,Chakki Atta,Maida,Select,Not Applicable,kg,3.0,139,103.96,69.75,25.2,90,Ambient,0,False,Available,4.8,Regular
P000149,LIC-CHI-WIT-10,Licious Chicken Mince With Skin 1.0 kg,Licious,Premium,Meat & Fish,Chicken,Chicken,Mince,With Skin,Not Applicable,kg,1.0,399,354.3,255.9,11.2,3,Refrigerated,5,True,Low Stock,4.6,Seasonal
P000150,NES-COF-GOL-500-1,Nescafé Coffee Powder Roast & Ground Gold Mocha 50.0 g,Nescafé,Popular,Beverages,Coffee,Coffee Powder,Roast & Ground,Gold,Mocha,g,50.0,79,65.77,48.87,16.7,365,Ambient,18,False,Available,4.2,Regular
P000151,FAR-TOM-REG-1500,Farm Fresh Tomato Cherry Regular 1500 g,Farm Fresh,Popular,Fruits & Vegetables,Fresh Vegetables,Tomato,Cherry,Regular,Not Applicable,g,1500.0,69,56.15,46.68,18.6,4,Ambient,0,True,Available,4.3,Regular
P000152,CRO-PAI-FAS-150,Crocin Pain Reliever Spray Fast Action 15.0 strip,Crocin,Popular,Pharmacy,Pain Relief,Pain Reliever,Spray,Fast Action,Not Applicable,strip,15.0,30,19.69,15.72,34.4,730,Ambient,12,False,Available,4.3,Regular
P000153,PAM-DIA-STA-330,Pampers Diapers Taped Standard 33.0 pack,Pampers,Premium,Baby Care,Baby Diapers & Wipes,Diapers,Taped,Standard,Not Applicable,pack,33.0,1305,1277.65,877.96,2.1,1095,Ambient,12,False,Available,4.6,Regular
P000154,AAS-CHA-SHA-30,Aashirvaad Chakki Atta Besan Sharbati 3.0 kg,Aashirvaad,Premium,Staples & Grocery,Atta,Chakki Atta,Besan,Sharbati,Not Applicable,kg,3.0,175,171.06,122.19,2.3,90,Ambient,0,False,Available,4.9,Regular
P000155,ARI-DET-TOP-10-1,Ariel Detergent Pods Top Load Lavender 1.0 kg,Ariel,Premium,Household Essentials,Cleaning Essentials,Detergent,Pods,Top Load,Lavender,kg,1.0,205,167.81,116.1,18.1,730,Ambient,18,False,Available,4.8,Seasonal
P000156,AKS-MIL-DOU-5000,Akshayakalpa A2 Milk Double Toned Plain 500.0 ml,Akshayakalpa,Premium,"Dairy, Bread & Eggs",Milk,Milk,A2 Milk,Double Toned,Plain,ml,500.0,35,31.75,24.47,9.3,2,Refrigerated,0,True,Available,4.8,Regular
P000157,BEV-COF-DEC-500,Bevzilla Coffee Powder Filter Decaf Hazelnut 50.0 g,Bevzilla,Premium,Beverages,Coffee,Coffee Powder,Filter,Decaf,Hazelnut,g,50.0,129,119.5,95.43,7.4,365,Ambient,18,False,Low Stock,4.7,Regular
P000158,GAR-FAC-HYD-300-2,Garnier Face Serum Liquid Serum Hydrating Salicylic Acid 30.0 ml,Garnier,Budget,Beauty & Personal Care,Skin Care,Face Serum,Liquid Serum,Hydrating,Salicylic Acid,ml,30.0,449,299.04,171.61,33.4,730,Ambient,18,False,Available,4.1,Regular
P000159,THE-FAC-HYD-300-1,The Derma Co Face Serum Liquid Serum Hydrating Niacinamide 30.0 ml,The Derma Co,Premium,Beauty & Personal Care,Skin Care,Face Serum,Liquid Serum,Hydrating,Niacinamide,ml,30.0,525,485.98,315.79,7.4,730,Ambient,18,False,Discontinued,4.8,Regular
P000160,ABH-EGG-BRO-120,Abhi Eggs Table Eggs Brown 12.0 pc,Abhi Eggs,Budget,"Dairy, Bread & Eggs",Eggs,Eggs,Table Eggs,Brown,Not Applicable,pc,12.0,89,79.22,61.44,11.0,21,Refrigerated,0,True,Low Stock,3.9,Regular
P000161,UNB-TOM-ORG-625,Unbranded Tomato Hybrid Organic 625 g,Unbranded,Budget,Fruits & Vegetables,Fresh Vegetables,Tomato,Hybrid,Organic,Not Applicable,g,625.0,27,22.03,18.51,18.4,4,Ambient,0,True,Available,4.2,Regular
P000162,NAT-CHA-SHA-20,Nature Fresh Chakki Atta Wheat Sharbati 2.0 kg,Nature Fresh,Popular,Staples & Grocery,Atta,Chakki Atta,Wheat,Sharbati,Not Applicable,kg,2.0,109,94.17,67.46,13.6,90,Ambient,0,False,Available,4.5,New Arrival
P000163,PAT-CHA-SHA-62,Patanjali Chakki Atta Multigrain Sharbati 6.2 kg,Patanjali,Budget,Staples & Grocery,Atta,Chakki Atta,Multigrain,Sharbati,Not Applicable,kg,6.2,335,328.1,245.2,2.1,90,Ambient,0,False,Available,4.1,Seasonal
P000164,NAT-CHA-GLU-20,Nature Fresh Chakki Atta Maida Gluten Free 2.0 kg,Nature Fresh,Popular,Staples & Grocery,Atta,Chakki Atta,Maida,Gluten Free,Not Applicable,kg,2.0,129,92.04,64.66,28.7,90,Ambient,0,False,Available,4.4,Regular
P000165,FAR-TOM-ORG-30,Farm Fresh Tomato Cherry Organic 3.0 kg,Farm Fresh,Popular,Fruits & Vegetables,Fresh Vegetables,Tomato,Cherry,Organic,Not Applicable,kg,3.0,219,204.93,167.53,6.4,4,Ambient,0,True,Available,4.4,Regular
P000166,ITC-FRI-CHI-4000,ITC Master Chef Fries & Bites French Fries Chicken Classic 400.0 g,ITC Master Chef,Popular,Frozen Foods,Frozen Snacks,Fries & Bites,French Fries,Chicken,Classic,g,400.0,195,180.89,142.58,7.2,180,Frozen,18,True,Available,4.4,Regular
P000167,PUM-BAS-LEA-10,Puma Basic Wear Wallet Leather 1.0 pc,Puma,Premium,Fashion & Lifestyle,Apparel & Accessories,Basic Wear,Wallet,Leather,Not Applicable,pc,1.0,569,373.55,250.19,34.3,3650,Ambient,12,False,Out Of Stock,4.8,Regular
P000168,BIN-CHI-BAK-1500,Bingo Chips Nachos Baked Cream & Onion 150.0 g,Bingo,Budget,Snacks,Munchies,Chips,Nachos,Baked,Cream & Onion,g,150.0,115,106.82,75.64,7.1,180,Ambient,12,False,Available,4.0,Regular
P000169,ITC-FRI-CHI-7500,ITC Master Chef Fries & Bites Aloo Tikki Chicken Spicy 750.0 g,ITC Master Chef,Popular,Frozen Foods,Frozen Snacks,Fries & Bites,Aloo Tikki,Chicken,Spicy,g,750.0,365,325.61,243.7,10.8,180,Frozen,18,True,Available,4.3,New Arrival
P000170,FAR-TOM-REG-12,Farm Fresh Tomato Cherry Regular 1.2 kg,Farm Fresh,Popular,Fruits & Vegetables,Fresh Vegetables,Tomato,Cherry,Regular,Not Applicable,kg,1.2,69,57.2,45.16,17.1,4,Ambient,0,True,Low Stock,4.4,Regular
P000171,BRU-COF-CLA-1000,Bru Coffee Powder Filter Classic Original 100.0 g,Bru,Popular,Beverages,Coffee,Coffee Powder,Filter,Classic,Original,g,100.0,329,270.41,178.25,17.8,365,Ambient,18,False,Available,4.5,New Arrival
P000172,REL-CHI-ANT-10,Relish Chicken Mince Antibiotic Free 1.0 kg,Relish,Popular,Meat & Fish,Chicken,Chicken,Mince,Antibiotic Free,Not Applicable,kg,1.0,419,306.9,237.82,26.8,3,Refrigerated,5,True,Available,4.5,Regular
P000173,COU-MIL-TON-5000-1,Country Delight A2 Milk Toned Plain 500.0 ml,Country Delight,Premium,"Dairy, Bread & Eggs",Milk,Milk,A2 Milk,Toned,Plain,ml,500.0,27,25.33,19.31,6.2,2,Refrigerated,0,True,Available,4.8,Seasonal
P000174,MAM-DIA-STA-720,MamyPoko Diapers Taped Standard 72.0 pack,MamyPoko,Popular,Baby Care,Baby Diapers & Wipes,Diapers,Taped,Standard,Not Applicable,pack,72.0,1085,1073.58,794.92,1.1,1095,Ambient,12,False,Available,4.2,Regular
P000175,PAT-CHA-SHA-50,Patanjali Chakki Atta Multigrain Sharbati 5.0 kg,Patanjali,Budget,Staples & Grocery,Atta,Chakki Atta,Multigrain,Sharbati,Not Applicable,kg,5.0,369,269.01,213.04,27.1,90,Ambient,0,False,Available,4.2,Regular
P000176,PAT-CHA-GLU-150,Patanjali Chakki Atta Besan Gluten Free 15.0 kg,Patanjali,Budget,Staples & Grocery,Atta,Chakki Atta,Besan,Gluten Free,Not Applicable,kg,15.0,849,764.27,599.5,10.0,90,Ambient,0,False,Available,4.1,Regular
P000177,NES-COF-GOL-1000-1,Nescafé Coffee Powder Roast & Ground Gold Original 100.0 g,Nescafé,Popular,Beverages,Coffee,Coffee Powder,Roast & Ground,Gold,Original,g,100.0,165,157.31,116.65,4.7,365,Ambient,18,False,Available,4.3,Regular
P000178,UNB-CHI-ANT-5000,Unbranded Chicken Drumsticks Antibiotic Free 500.0 g,Unbranded,Budget,Meat & Fish,Chicken,Chicken,Drumsticks,Antibiotic Free,Not Applicable,g,500.0,275,201.72,157.55,26.6,3,Refrigerated,5,True,Discontinued,4.1,Regular
P000179,ENG-BRE-FRU-2000,English Oven Bread Loaf Multigrain Fruit 200.0 g,English Oven,Popular,"Dairy, Bread & Eggs",Bread,Bread Loaf,Multigrain,Fruit,Not Applicable,g,200.0,23,20.62,15.39,10.4,5,Ambient,0,False,Low Stock,4.6,Regular
P000180,LAY-CHI-BAK-900-1,Lay's Potato Chips Baked Tomato 90.0 g,Lay's,Popular,Snacks,Munchies,Chips,Potato Chips,Baked,Tomato,g,90.0,45,41.7,27.91,7.3,180,Ambient,12,False,Available,4.6,Regular
P000181,FOR-CHA-SEL-30,Fortune Chakki Atta Besan Select 3.0 kg,Fortune,Popular,Staples & Grocery,Atta,Chakki Atta,Besan,Select,Not Applicable,kg,3.0,189,147.37,96.93,22.0,90,Ambient,0,False,Available,4.4,Regular
P000182,VIM-DET-FRO-10,Vim Detergent Liquid Front Load Lavender 1.0 kg,Vim,Popular,Household Essentials,Cleaning Essentials,Detergent,Liquid,Front Load,Lavender,kg,1.0,189,161.47,111.04,14.6,730,Ambient,18,False,Available,4.6,Regular
P000183,ITC-FRI-VEG-7500-1,ITC Master Chef Fries & Bites Nuggets Veg Masala 750.0 g,ITC Master Chef,Popular,Frozen Foods,Frozen Snacks,Fries & Bites,Nuggets,Veg,Masala,g,750.0,289,279.76,201.41,3.2,180,Frozen,18,True,Available,4.6,Regular
P000184,REL-CHI-ANT-10-1,Relish Chicken Curry Cut Antibiotic Free 1.0 kg,Relish,Popular,Meat & Fish,Chicken,Chicken,Curry Cut,Antibiotic Free,Not Applicable,kg,1.0,409,358.81,282.23,12.3,3,Refrigerated,5,True,Available,4.3,Regular
P000185,MIN-FAC-HYD-300-2,Minimalist Face Serum Liquid Serum Hydrating Vitamin C 30.0 ml,Minimalist,Premium,Beauty & Personal Care,Skin Care,Face Serum,Liquid Serum,Hydrating,Vitamin C,ml,30.0,565,499.7,348.74,11.6,730,Ambient,18,False,Available,4.7,Regular
P000186,LAY-CHI-BAK-900-2,Lay's Chips Extruded Snacks Baked Tomato 90.0 g,Lay's,Popular,Snacks,Munchies,Chips,Extruded Snacks,Baked,Tomato,g,90.0,45,42.44,32.13,5.7,180,Ambient,12,False,Available,4.4,Regular
P000187,THE-FAC-BRI-500,The Derma Co Face Serum Gel Brightening Vitamin C 50.0 ml,The Derma Co,Premium,Beauty & Personal Care,Skin Care,Face Serum,Gel,Brightening,Vitamin C,ml,50.0,875,744.46,408.64,14.9,730,Ambient,18,False,Available,4.6,Regular
P000188,MAM-DIA-ALO-730,MamyPoko Diapers Taped Aloe Vera Enriched 73.0 pack,MamyPoko,Popular,Baby Care,Baby Diapers & Wipes,Diapers,Taped,Aloe Vera Enriched,Not Applicable,pack,73.0,1369,1245.93,885.17,9.0,1095,Ambient,12,False,Available,4.5,Regular
P000189,HUG-DIA-ALO-320,Huggies Diapers Taped Aloe Vera Enriched 32.0 pack,Huggies,Popular,Baby Care,Baby Diapers & Wipes,Diapers,Taped,Aloe Vera Enriched,Not Applicable,pack,32.0,919,864.39,577.13,5.9,1095,Ambient,12,False,Available,4.4,Regular
P000190,BEV-COF-CLA-1000,Bevzilla Coffee Powder Instant Classic Mocha 100.0 g,Bevzilla,Premium,Beverages,Coffee,Coffee Powder,Instant,Classic,Mocha,g,100.0,199,181.94,127.92,8.6,365,Ambient,18,False,Available,4.8,Regular
P000191,DOT-FAC-BRI-300,Dot & Key Face Serum Gel Brightening Salicylic Acid 30.0 ml,Dot & Key,Premium,Beauty & Personal Care,Skin Care,Face Serum,Gel,Brightening,Salicylic Acid,ml,30.0,485,458.83,263.8,5.4,730,Ambient,18,False,Available,4.7,Regular
P000192,LIZ-DET-FRO-10-1,Lizol Detergent Pods Front Load Lavender 1.0 L,Lizol,Popular,Household Essentials,Cleaning Essentials,Detergent,Pods,Front Load,Lavender,L,1.0,315,264.18,183.85,16.1,730,Ambient,18,False,Available,4.3,New Arrival
P000193,SYS-BAT-AAA-20,Syska Batteries Alkaline AAA 2.0 pack,Syska,Popular,Household Essentials,Electronics,Batteries,Alkaline,AAA,Not Applicable,pack,2.0,69,67.16,51.02,2.7,3650,Ambient,18,False,Low Stock,4.3,Regular
P000194,ITC-FRI-CHI-7500-1,ITC Master Chef Fries & Bites French Fries Chicken Spicy 750.0 g,ITC Master Chef,Popular,Frozen Foods,Frozen Snacks,Fries & Bites,French Fries,Chicken,Spicy,g,750.0,229,215.99,169.22,5.7,180,Frozen,18,True,Available,4.4,Seasonal
P000195,LIC-CHI-WIT-5000,Licious Chicken Drumsticks With Skin 500.0 g,Licious,Premium,Meat & Fish,Chicken,Chicken,Drumsticks,With Skin,Not Applicable,g,500.0,225,205.87,149.5,8.5,3,Refrigerated,5,True,Available,4.6,Regular
P000196,MIN-FAC-BRI-500,Minimalist Face Serum Gel Brightening Hyaluronic Acid 50.0 ml,Minimalist,Premium,Beauty & Personal Care,Skin Care,Face Serum,Gel,Brightening,Hyaluronic Acid,ml,50.0,659,594.1,413.24,9.8,730,Ambient,18,False,Available,4.9,Regular
P000197,THE-FAC-ANT-300,The Derma Co Face Serum Liquid Serum Anti-Acne Salicylic Acid 30.0 ml,The Derma Co,Premium,Beauty & Personal Care,Skin Care,Face Serum,Liquid Serum,Anti-Acne,Salicylic Acid,ml,30.0,509,505.82,309.72,0.6,730,Ambient,18,False,Available,4.5,Regular
P000198,AMU-MIL-TON-5000,Amul Cow Milk Toned Plain 500.0 ml,Amul,Popular,"Dairy, Bread & Eggs",Milk,Milk,Cow Milk,Toned,Plain,ml,500.0,26,23.36,17.93,10.1,2,Refrigerated,0,True,Available,4.4,Regular
P000199,MIL-MIL-DOU-5000,Milky Mist Buffalo Milk Double Toned Plain 500.0 ml,Milky Mist,Popular,"Dairy, Bread & Eggs",Milk,Milk,Buffalo Milk,Double Toned,Plain,ml,500.0,39,28.28,21.05,27.5,2,Refrigerated,0,True,Available,4.5,Regular
P000200,BRU-COF-GOL-1000-2,Bru Coffee Powder Roast & Ground Gold Original 100.0 g,Bru,Popular,Beverages,Coffee,Coffee Powder,Roast & Ground,Gold,Original,g,100.0,155,154.38,106.12,0.4,365,Ambient,18,False,Available,4.3,Regular
P000201,SYS-BAT-9V-20,Syska Batteries Rechargeable 9V 2.0 pack,Syska,Popular,Household Essentials,Electronics,Batteries,Rechargeable,9V,Not Applicable,pack,2.0,45,44.12,31.7,2.0,3650,Ambient,18,False,Available,4.3,Regular
P000202,BIN-CHI-BAK-300-3,Bingo Potato Chips Baked Tomato 30.0 g,Bingo,Budget,Snacks,Munchies,Chips,Potato Chips,Baked,Tomato,g,30.0,19,18.76,13.93,1.3,180,Ambient,12,False,Available,3.8,Regular
P000203,BIN-CHI-ROA-1500-2,Bingo Potato Chips Roasted Cream & Onion 150.0 g,Bingo,Budget,Snacks,Munchies,Chips,Potato Chips,Roasted,Cream & Onion,g,150.0,119,108.8,80.76,8.6,180,Ambient,12,False,Available,4.3,Regular
P000204,FOR-CHA-SEL-15,Fortune Chakki Atta Wheat Select 1.5 kg,Fortune,Popular,Staples & Grocery,Atta,Chakki Atta,Wheat,Select,Not Applicable,kg,1.5,79,63.24,48.7,19.9,90,Ambient,0,False,Available,4.5,Regular
P000205,AKS-EGG-OME-60,Akshayakalpa Country Eggs Omega-3 Rich 6.0 pc,Akshayakalpa,Premium,"Dairy, Bread & Eggs",Eggs,Eggs,Country Eggs,Omega-3 Rich,Not Applicable,pc,6.0,49,40.84,31.4,16.7,21,Refrigerated,0,True,Available,4.7,Regular
P000206,NES-COF-DEC-1000-1,Nescafé Coffee Powder Instant Decaf Original 100.0 g,Nescafé,Popular,Beverages,Coffee,Coffee Powder,Instant,Decaf,Original,g,100.0,339,223.59,173.55,34.0,365,Ambient,18,False,Available,4.5,Regular
P000207,LIC-CHI-SKI-10,Licious Chicken Drumsticks Skinless 1.0 kg,Licious,Premium,Meat & Fish,Chicken,Chicken,Drumsticks,Skinless,Not Applicable,kg,1.0,479,404.78,316.41,15.5,3,Refrigerated,5,True,Available,4.7,Regular
P000208,UNB-ONI-REG-10,Unbranded Onion White Regular 1.0 kg,Unbranded,Budget,Fruits & Vegetables,Fresh Vegetables,Onion,White,Regular,Not Applicable,kg,1.0,39,36.35,30.71,6.8,4,Ambient,0,True,Available,4.1,Regular
P000209,FAR-ONI-PRE-50,Farm Fresh Onion Red Premium Grade 5.0 kg,Farm Fresh,Popular,Fruits & Vegetables,Fresh Vegetables,Onion,Red,Premium Grade,Not Applicable,kg,5.0,275,241.01,194.39,12.4,4,Ambient,0,True,Available,4.2,Regular
P000210,HAL-CHI-BAK-1500,Haldiram's Corn Chips Baked Tomato 150.0 g,Haldiram's,Popular,Snacks,Munchies,Chips,Corn Chips,Baked,Tomato,g,150.0,105,88.36,65.44,15.8,180,Ambient,12,False,Available,4.3,Regular
P000211,KUR-CHI-FRI-900-1,Kurkure Corn Chips Fried Tomato 90.0 g,Kurkure,Popular,Snacks,Munchies,Chips,Corn Chips,Fried,Tomato,g,90.0,49,41.25,28.73,15.8,180,Ambient,12,False,Available,4.5,Regular
P000212,PAT-CHA-SHA-30,Patanjali Chakki Atta Multigrain Sharbati 3.0 kg,Patanjali,Budget,Staples & Grocery,Atta,Chakki Atta,Multigrain,Sharbati,Not Applicable,kg,3.0,149,135.81,103.58,8.9,90,Ambient,0,False,Available,4.0,Regular
P000213,ARI-DET-FRO-10,Ariel Detergent Liquid Front Load Fresh Spring 1.0 L,Ariel,Premium,Household Essentials,Cleaning Essentials,Detergent,Liquid,Front Load,Fresh Spring,L,1.0,295,275.26,180.17,6.7,730,Ambient,18,False,Available,4.8,Regular
P000214,UNB-ONI-PRE-10,Unbranded Onion White Premium Grade 1.0 kg,Unbranded,Budget,Fruits & Vegetables,Fresh Vegetables,Onion,White,Premium Grade,Not Applicable,kg,1.0,29,27.03,22.56,6.8,4,Ambient,0,True,Available,4.1,Regular
P000215,DOT-FAC-BRI-500,Dot & Key Face Serum Gel Brightening Hyaluronic Acid 50.0 ml,Dot & Key,Premium,Beauty & Personal Care,Skin Care,Face Serum,Gel,Brightening,Hyaluronic Acid,ml,50.0,639,591.46,376.55,7.4,730,Ambient,18,False,Available,4.7,Regular
P000216,LAY-CHI-ROA-1500-1,Lay's Chips Nachos Roasted Magic Masala 150.0 g,Lay's,Popular,Snacks,Munchies,Chips,Nachos,Roasted,Magic Masala,g,150.0,95,71.05,47.34,25.2,180,Ambient,12,False,Available,4.5,Regular
P000217,FOR-CHA-SEL-125,Fortune Chakki Atta Multigrain Select 12.5 kg,Fortune,Popular,Staples & Grocery,Atta,Chakki Atta,Multigrain,Select,Not Applicable,kg,12.5,509,438.87,303.41,13.8,90,Ambient,0,False,Available,4.3,Regular
P000218,THE-FAC-ANT-500,The Derma Co Face Serum Liquid Serum Anti-Acne Salicylic Acid 50.0 ml,The Derma Co,Premium,Beauty & Personal Care,Skin Care,Face Serum,Liquid Serum,Anti-Acne,Salicylic Acid,ml,50.0,615,562.52,330.87,8.5,730,Ambient,18,False,Available,4.7,Regular
P000219,NIV-FAC-ANT-500-1,Nivea Face Serum Gel Anti-Acne Hyaluronic Acid 50.0 ml,Nivea,Popular,Beauty & Personal Care,Skin Care,Face Serum,Gel,Anti-Acne,Hyaluronic Acid,ml,50.0,795,732.72,433.24,7.8,730,Ambient,18,False,Available,4.3,Regular
P000220,AKS-EGG-WHI-60,Akshayakalpa Table Eggs White 6.0 pc,Akshayakalpa,Premium,"Dairy, Bread & Eggs",Eggs,Eggs,Table Eggs,White,Not Applicable,pc,6.0,59,53.49,37.99,9.3,21,Refrigerated,0,True,Available,4.8,Regular
P000221,PRI-CHI-BAK-1500-2,Pringles Chips Nachos Baked Magic Masala 150.0 g,Pringles,Premium,Snacks,Munchies,Chips,Nachos,Baked,Magic Masala,g,150.0,59,54.48,39.91,7.7,180,Ambient,12,False,Out Of Stock,4.8,Regular
P000222,WHI-PET-ADU-4000,Whiskas Pet Food Wet Gravy Adult Chicken 400.0 g,Whiskas,Popular,Pet Care,Dog & Cat Food,Pet Food,Wet Gravy,Adult,Chicken,g,400.0,119,110.35,75.44,7.3,540,Ambient,18,False,Available,4.4,Regular
P000223,FOR-CHA-SEL-200,Fortune Chakki Atta Maida Select 20.0 kg,Fortune,Popular,Staples & Grocery,Atta,Chakki Atta,Maida,Select,Not Applicable,kg,20.0,1269,1149.53,812.76,9.4,90,Ambient,0,False,Available,4.3,Regular
P000224,NES-COF-DEC-500-2,Nescafé Coffee Powder Filter Decaf Vanilla 50.0 g,Nescafé,Popular,Beverages,Coffee,Coffee Powder,Filter,Decaf,Vanilla,g,50.0,119,111.14,87.86,6.6,365,Ambient,18,False,Available,4.6,Regular
P000225,VIM-DET-HAN-10-2,Vim Detergent Liquid Hand Wash Fresh Spring 1.0 L,Vim,Popular,Household Essentials,Cleaning Essentials,Detergent,Liquid,Hand Wash,Fresh Spring,L,1.0,319,315.97,220.39,0.9,730,Ambient,18,False,Available,4.5,Regular
P000226,AMU-MIL-ORG-10,Amul Buffalo Milk Organic Plain 1.0 L,Amul,Popular,"Dairy, Bread & Eggs",Milk,Milk,Buffalo Milk,Organic,Plain,L,1.0,55,41.66,30.77,24.2,2,Refrigerated,0,True,Available,4.3,Regular
P000227,NAN-MIL-ORG-5000,Nandini A2 Milk Organic Plain 500.0 ml,Nandini,Budget,"Dairy, Bread & Eggs",Milk,Milk,A2 Milk,Organic,Plain,ml,500.0,26,18.23,14.46,29.9,2,Refrigerated,0,True,Available,4.3,Regular
P000228,LIZ-DET-FRO-10-2,Lizol Detergent Liquid Front Load Lavender 1.0 L,Lizol,Popular,Household Essentials,Cleaning Essentials,Detergent,Liquid,Front Load,Lavender,L,1.0,209,198.22,155.39,5.2,730,Ambient,18,False,Available,4.3,Regular
P000229,LAY-CHI-FRI-1500,Lay's Chips Extruded Snacks Fried Cream & Onion 150.0 g,Lay's,Popular,Snacks,Munchies,Chips,Extruded Snacks,Fried,Cream & Onion,g,150.0,49,34.48,25.57,29.6,180,Ambient,12,False,Available,4.4,Regular
P000230,BEN-COL-EXT-1000,Benadryl Cold Relief Syrup Extra Strong Tulsi 100.0 ml,Benadryl,Popular,Pharmacy,Cold & Flu,Cold Relief,Syrup,Extra Strong,Tulsi,ml,100.0,115,105.86,89.2,8.0,730,Ambient,12,False,Available,4.3,Regular
P000231,BEV-COF-GOL-500,Bevzilla Coffee Powder Filter Gold Mocha 50.0 g,Bevzilla,Premium,Beverages,Coffee,Coffee Powder,Filter,Gold,Mocha,g,50.0,129,122.47,81.06,5.1,365,Ambient,18,False,Available,4.8,Regular
P000232,LIC-CHI-WIT-2500,Licious Chicken Curry Cut With Skin 250.0 g,Licious,Premium,Meat & Fish,Chicken,Chicken,Curry Cut,With Skin,Not Applicable,g,250.0,145,131.72,96.13,9.2,3,Refrigerated,5,True,Available,4.8,Regular
P000233,HAL-CHI-FRI-900,Haldiram's Chips Nachos Fried Cheese 90.0 g,Haldiram's,Popular,Snacks,Munchies,Chips,Nachos,Fried,Cheese,g,90.0,35,31.95,21.29,8.7,180,Ambient,12,False,Available,4.5,Regular
P000234,AKS-MIL-DOU-10,Akshayakalpa A2 Milk Double Toned Plain 1.0 L,Akshayakalpa,Premium,"Dairy, Bread & Eggs",Milk,Milk,A2 Milk,Double Toned,Plain,L,1.0,79,74.82,52.93,5.3,2,Refrigerated,0,True,Available,4.7,Regular
P000235,AMU-FRI-VEG-4000,Amul Fries & Bites Aloo Tikki Veg Classic 400.0 g,Amul,Popular,Frozen Foods,Frozen Snacks,Fries & Bites,Aloo Tikki,Veg,Classic,g,400.0,189,171.66,135.32,9.2,180,Frozen,18,True,Available,4.3,Regular
P000236,LAY-CHI-ROA-300,Lay's Chips Nachos Roasted Cheese 30.0 g,Lay's,Popular,Snacks,Munchies,Chips,Nachos,Roasted,Cheese,g,30.0,15,11.77,9.01,21.5,180,Ambient,12,False,Available,4.4,Regular
P000237,HAL-CHI-ROA-300-1,Haldiram's Chips Nachos Roasted Cheese 30.0 g,Haldiram's,Popular,Snacks,Munchies,Chips,Nachos,Roasted,Cheese,g,30.0,12,11.01,7.87,8.3,180,Ambient,12,False,Available,4.6,Regular
P000238,MAM-FAC-ANT-300,Mamaearth Face Serum Gel Anti-Acne Niacinamide 30.0 ml,Mamaearth,Popular,Beauty & Personal Care,Skin Care,Face Serum,Gel,Anti-Acne,Niacinamide,ml,30.0,619,522.55,287.81,15.6,730,Ambient,18,False,Available,4.5,Regular
P000239,AAS-CHA-SHA-50,Aashirvaad Chakki Atta Wheat Sharbati 5.0 kg,Aashirvaad,Premium,Staples & Grocery,Atta,Chakki Atta,Wheat,Sharbati,Not Applicable,kg,5.0,309,283.13,196.67,8.4,90,Ambient,0,False,Low Stock,4.7,Regular
P000240,GAR-FAC-BRI-300,Garnier Face Serum Gel Brightening Hyaluronic Acid 30.0 ml,Garnier,Budget,Beauty & Personal Care,Skin Care,Face Serum,Gel,Brightening,Hyaluronic Acid,ml,30.0,439,299.02,176.42,31.9,730,Ambient,18,False,Available,4.1,Regular
P000241,ZES-APP-REG-70,Zespri Apple Royal Gala Regular 7.0 pc,Zespri,Premium,Fruits & Vegetables,Fresh Fruits,Apple,Royal Gala,Regular,Not Applicable,pc,7.0,409,294.45,232.62,28.0,5,Refrigerated,0,True,Available,4.9,Regular
P000242,NIV-FAC-ANT-500-2,Nivea Face Serum Gel Anti-Acne Vitamin C 50.0 ml,Nivea,Popular,Beauty & Personal Care,Skin Care,Face Serum,Gel,Anti-Acne,Vitamin C,ml,50.0,959,810.35,405.69,15.5,730,Ambient,18,False,Available,4.5,Regular
P000243,LIZ-DET-TOP-10,Lizol Detergent Liquid Top Load Lavender 1.0 L,Lizol,Popular,Household Essentials,Cleaning Essentials,Detergent,Liquid,Top Load,Lavender,L,1.0,249,241.12,163.02,3.2,730,Ambient,18,False,Available,4.3,Regular
P000244,BEV-COF-DEC-1000-2,Bevzilla Coffee Powder Filter Decaf Original 100.0 g,Bevzilla,Premium,Beverages,Coffee,Coffee Powder,Filter,Decaf,Original,g,100.0,199,193.57,143.97,2.7,365,Ambient,18,False,Available,4.7,Regular
P000245,KUR-CHI-ROA-900-1,Kurkure Potato Chips Roasted Tomato 90.0 g,Kurkure,Popular,Snacks,Munchies,Chips,Potato Chips,Roasted,Tomato,g,90.0,45,38.88,28.47,13.6,180,Ambient,12,False,Available,4.6,Regular
P000246,MIL-MIL-TON-5000,Milky Mist Buffalo Milk Toned Plain 500.0 ml,Milky Mist,Popular,"Dairy, Bread & Eggs",Milk,Milk,Buffalo Milk,Toned,Plain,ml,500.0,24,19.08,14.45,20.5,2,Refrigerated,0,True,Available,4.2,Regular
P000247,MAM-FAC-ANT-300-1,Mamaearth Face Serum Gel Anti-Acne Hyaluronic Acid 30.0 ml,Mamaearth,Popular,Beauty & Personal Care,Skin Care,Face Serum,Gel,Anti-Acne,Hyaluronic Acid,ml,30.0,449,406.56,284.06,9.5,730,Ambient,18,False,Available,4.6,Regular
P000248,HAL-CHI-BAK-300-1,Haldiram's Potato Chips Baked Cream & Onion 30.0 g,Haldiram's,Popular,Snacks,Munchies,Chips,Potato Chips,Baked,Cream & Onion,g,30.0,12,11.21,7.67,6.6,180,Ambient,12,False,Available,4.6,Regular
P000249,AKS-MIL-FUL-5000,Akshayakalpa Buffalo Milk Full Cream Plain 500.0 ml,Akshayakalpa,Premium,"Dairy, Bread & Eggs",Milk,Milk,Buffalo Milk,Full Cream,Plain,ml,500.0,39,35.26,25.5,9.6,2,Refrigerated,0,True,Available,4.7,Regular
P000250,PAM-DIA-ALO-330,Pampers Diapers Taped Aloe Vera Enriched 33.0 pack,Pampers,Premium,Baby Care,Baby Diapers & Wipes,Diapers,Taped,Aloe Vera Enriched,Not Applicable,pack,33.0,1389,1313.0,959.73,5.5,1095,Ambient,12,False,Available,4.6,Regular
P000251,GAR-FAC-HYD-300-3,Garnier Face Serum Liquid Serum Hydrating Vitamin C 30.0 ml,Garnier,Budget,Beauty & Personal Care,Skin Care,Face Serum,Liquid Serum,Hydrating,Vitamin C,ml,30.0,505,482.54,313.66,4.4,730,Ambient,18,False,Low Stock,3.9,Regular
P000252,MAM-FAC-HYD-300,Mamaearth Face Serum Liquid Serum Hydrating Salicylic Acid 30.0 ml,Mamaearth,Popular,Beauty & Personal Care,Skin Care,Face Serum,Liquid Serum,Hydrating,Salicylic Acid,ml,30.0,519,478.25,280.34,7.9,730,Ambient,18,False,Available,4.3,Regular
P000253,LIZ-DET-HAN-10-2,Lizol Detergent Liquid Hand Wash Lemon 1.0 L,Lizol,Popular,Household Essentials,Cleaning Essentials,Detergent,Liquid,Hand Wash,Lemon,L,1.0,189,163.96,119.3,13.2,730,Ambient,18,False,Available,4.4,Regular
P000254,HAL-CHI-BAK-1500-1,Haldiram's Chips Extruded Snacks Baked Cream & Onion 150.0 g,Haldiram's,Popular,Snacks,Munchies,Chips,Extruded Snacks,Baked,Cream & Onion,g,150.0,109,90.44,61.23,17.0,180,Ambient,12,False,Available,4.2,Regular
P000255,UNB-TOM-ORG-30,Unbranded Tomato Local Organic 3.0 kg,Unbranded,Budget,Fruits & Vegetables,Fresh Vegetables,Tomato,Local,Organic,Not Applicable,kg,3.0,169,160.23,123.24,5.2,4,Ambient,0,True,Available,4.0,Regular
P000256,KUR-CHI-FRI-900-2,Kurkure Chips Nachos Fried Classic Salted 90.0 g,Kurkure,Popular,Snacks,Munchies,Chips,Nachos,Fried,Classic Salted,g,90.0,45,36.35,27.26,19.2,180,Ambient,12,False,Available,4.6,Regular
P000257,LAY-CHI-BAK-900-3,Lay's Corn Chips Baked Cream & Onion 90.0 g,Lay's,Popular,Snacks,Munchies,Chips,Corn Chips,Baked,Cream & Onion,g,90.0,39,35.24,27.55,9.7,180,Ambient,12,False,Available,4.5,Regular
P000258,NIV-FAC-BRI-300,Nivea Face Serum Liquid Serum Brightening Niacinamide 30.0 ml,Nivea,Popular,Beauty & Personal Care,Skin Care,Face Serum,Liquid Serum,Brightening,Niacinamide,ml,30.0,699,569.72,292.99,18.5,730,Ambient,18,False,Available,4.5,Regular
P000259,DOT-FAC-BRI-500-1,Dot & Key Face Serum Liquid Serum Brightening Salicylic Acid 50.0 ml,Dot & Key,Premium,Beauty & Personal Care,Skin Care,Face Serum,Liquid Serum,Brightening,Salicylic Acid,ml,50.0,849,759.5,452.0,10.5,730,Ambient,18,False,Available,4.6,Regular
P000260,BIN-CHI-FRI-900,Bingo Chips Nachos Fried Classic Salted 90.0 g,Bingo,Budget,Snacks,Munchies,Chips,Nachos,Fried,Classic Salted,g,90.0,39,33.83,23.52,13.3,180,Ambient,12,False,Available,3.9,Regular
P000261,VIC-COL-STA-250,Vicks Cold Relief Lozenges Standard Menthol 25.0 g,Vicks,Popular,Pharmacy,Cold & Flu,Cold Relief,Lozenges,Standard,Menthol,g,25.0,69,55.22,38.89,20.0,730,Ambient,12,False,Available,4.5,Regular
P000262,GAR-FAC-BRI-500,Garnier Face Serum Gel Brightening Vitamin C 50.0 ml,Garnier,Budget,Beauty & Personal Care,Skin Care,Face Serum,Gel,Brightening,Vitamin C,ml,50.0,829,783.82,480.96,5.5,730,Ambient,18,False,Available,4.2,New Arrival
P000263,BRU-COF-GOL-1000-3,Bru Coffee Powder Instant Gold Mocha 100.0 g,Bru,Popular,Beverages,Coffee,Coffee Powder,Instant,Gold,Mocha,g,100.0,179,155.08,112.99,13.4,365,Ambient,18,False,Available,4.5,Regular
P000264,FOR-CHA-SHA-10,Fortune Chakki Atta Maida Sharbati 1.0 kg,Fortune,Popular,Staples & Grocery,Atta,Chakki Atta,Maida,Sharbati,Not Applicable,kg,1.0,65,49.44,36.6,23.9,90,Ambient,0,False,Available,4.4,Regular
P000265,PAT-CHA-SEL-125,Patanjali Chakki Atta Wheat Select 12.5 kg,Patanjali,Budget,Staples & Grocery,Atta,Chakki Atta,Wheat,Select,Not Applicable,kg,12.5,779,710.37,517.05,8.8,90,Ambient,0,False,Available,3.9,Regular
P000266,LIZ-DET-HAN-10-3,Lizol Detergent Powder Hand Wash Fresh Spring 1.0 kg,Lizol,Popular,Household Essentials,Cleaning Essentials,Detergent,Powder,Hand Wash,Fresh Spring,kg,1.0,165,117.86,84.37,28.6,730,Ambient,18,False,Low Stock,4.6,Regular
P000267,WHI-PET-PUP-12,Whiskas Pet Food Dry Kibbles Puppy/Kitten Meat 1.2 kg,Whiskas,Popular,Pet Care,Dog & Cat Food,Pet Food,Dry Kibbles,Puppy/Kitten,Meat,kg,1.2,339,296.89,225.65,12.4,540,Ambient,18,False,Low Stock,4.4,Regular
P000268,BIN-CHI-BAK-300-4,Bingo Potato Chips Baked Cream & Onion 30.0 g,Bingo,Budget,Snacks,Munchies,Chips,Potato Chips,Baked,Cream & Onion,g,30.0,17,16.51,12.93,2.9,180,Ambient,12,False,Available,4.0,Regular
P000269,NAN-MIL-DOU-5000,Nandini Buffalo Milk Double Toned Plain 500.0 ml,Nandini,Budget,"Dairy, Bread & Eggs",Milk,Milk,Buffalo Milk,Double Toned,Plain,ml,500.0,29,27.27,20.41,6.0,2,Refrigerated,0,True,Available,4.1,New Arrival
P000270,MIN-FAC-HYD-500,Minimalist Face Serum Liquid Serum Hydrating Niacinamide 50.0 ml,Minimalist,Premium,Beauty & Personal Care,Skin Care,Face Serum,Liquid Serum,Hydrating,Niacinamide,ml,50.0,905,701.02,441.68,22.5,730,Ambient,18,False,Available,4.8,Regular
P000271,PHI-BAT-9V-40,Philips Batteries Rechargeable 9V 4.0 pack,Philips,Premium,Household Essentials,Electronics,Batteries,Rechargeable,9V,Not Applicable,pack,4.0,155,109.51,80.37,29.3,3650,Ambient,18,False,Available,4.9,Regular
P000272,EVE-BAT-AA-40,Eveready Batteries Alkaline AA 4.0 pack,Eveready,Budget,Household Essentials,Electronics,Batteries,Alkaline,AA,Not Applicable,pack,4.0,89,62.05,48.19,30.3,3650,Ambient,18,False,Available,4.2,Regular
P000273,FAR-APP-REG-40,Farm Fresh Apple Kashmiri Regular 4.0 pc,Farm Fresh,Popular,Fruits & Vegetables,Fresh Fruits,Apple,Kashmiri,Regular,Not Applicable,pc,4.0,95,78.47,64.79,17.4,5,Refrigerated,0,True,Available,4.4,Regular
P000274,NES-COF-GOL-500-2,Nescafé Coffee Powder Roast & Ground Gold Original 50.0 g,Nescafé,Popular,Beverages,Coffee,Coffee Powder,Roast & Ground,Gold,Original,g,50.0,89,80.85,61.19,9.2,365,Ambient,18,False,Available,4.3,Regular
P000275,FAR-TOM-ORG-5000,Farm Fresh Tomato Hybrid Organic 500.0 g,Farm Fresh,Popular,Fruits & Vegetables,Fresh Vegetables,Tomato,Hybrid,Organic,Not Applicable,g,500.0,35,32.72,26.27,6.5,4,Ambient,0,True,Available,4.3,Regular
P000276,MCC-FRI-CHI-4000-1,McCain Fries & Bites Aloo Tikki Chicken Spicy 400.0 g,McCain,Premium,Frozen Foods,Frozen Snacks,Fries & Bites,Aloo Tikki,Chicken,Spicy,g,400.0,195,149.8,107.56,23.2,180,Frozen,18,True,Available,4.8,Regular
P000277,UNB-ONI-PRE-15-1,Unbranded Onion Sambhar Premium Grade 1.5 kg,Unbranded,Budget,Fruits & Vegetables,Fresh Vegetables,Onion,Sambhar,Premium Grade,Not Applicable,kg,1.5,69,57.8,43.39,16.2,4,Ambient,0,True,Available,4.1,Regular
P000278,HAR-DET-HAN-10-1,Harpic Detergent Powder Hand Wash Fresh Spring 1.0 L,Harpic,Popular,Household Essentials,Cleaning Essentials,Detergent,Powder,Hand Wash,Fresh Spring,L,1.0,295,274.7,182.43,6.9,730,Ambient,18,False,Available,4.4,Regular
P000279,MIN-FAC-BRI-500-1,Minimalist Face Serum Gel Brightening Salicylic Acid 50.0 ml,Minimalist,Premium,Beauty & Personal Care,Skin Care,Face Serum,Gel,Brightening,Salicylic Acid,ml,50.0,699,661.95,436.79,5.3,730,Ambient,18,False,Available,4.8,New Arrival
P000280,ARI-DET-FRO-10-1,Ariel Detergent Pods Front Load Lemon 1.0 kg,Ariel,Premium,Household Essentials,Cleaning Essentials,Detergent,Pods,Front Load,Lemon,kg,1.0,149,138.09,90.89,7.3,730,Ambient,18,False,Available,4.5,Regular
P000281,MAM-DIA-ALO-310,MamyPoko Diapers Taped Aloe Vera Enriched 31.0 pack,MamyPoko,Popular,Baby Care,Baby Diapers & Wipes,Diapers,Taped,Aloe Vera Enriched,Not Applicable,pack,31.0,599,579.14,384.01,3.3,1095,Ambient,12,False,Available,4.3,Regular
P000282,AMU-MIL-SKI-10,Amul A2 Milk Skimmed Plain 1.0 L,Amul,Popular,"Dairy, Bread & Eggs",Milk,Milk,A2 Milk,Skimmed,Plain,L,1.0,49,37.05,24.73,24.4,2,Refrigerated,0,True,Available,4.4,Regular
P000283,THE-FAC-BRI-500-1,The Derma Co Face Serum Liquid Serum Brightening Hyaluronic Acid 50.0 ml,The Derma Co,Premium,Beauty & Personal Care,Skin Care,Face Serum,Liquid Serum,Brightening,Hyaluronic Acid,ml,50.0,989,963.85,537.89,2.5,730,Ambient,18,False,Discontinued,4.9,Regular
P000284,BEV-COF-CLA-500,Bevzilla Coffee Powder Instant Classic Original 50.0 g,Bevzilla,Premium,Beverages,Coffee,Coffee Powder,Instant,Classic,Original,g,50.0,115,96.63,76.03,16.0,365,Ambient,18,False,Available,4.6,Regular
P000285,NAT-CHA-SEL-10,Nature Fresh Chakki Atta Maida Select 1.0 kg,Nature Fresh,Popular,Staples & Grocery,Atta,Chakki Atta,Maida,Select,Not Applicable,kg,1.0,79,72.84,50.49,7.8,90,Ambient,0,False,Available,4.2,Regular
P000286,FOR-CHA-GLU-125,Fortune Chakki Atta Besan Gluten Free 12.5 kg,Fortune,Popular,Staples & Grocery,Atta,Chakki Atta,Besan,Gluten Free,Not Applicable,kg,12.5,869,855.75,621.71,1.5,90,Ambient,0,False,Available,4.5,Regular
P000287,AAS-CHA-SEL-15,Aashirvaad Chakki Atta Wheat Select 1.5 kg,Aashirvaad,Premium,Staples & Grocery,Atta,Chakki Atta,Wheat,Select,Not Applicable,kg,1.5,69,57.38,42.85,16.8,90,Ambient,0,False,Available,4.6,Regular
P000288,MAM-FAC-ANT-500,Mamaearth Face Serum Gel Anti-Acne Vitamin C 50.0 ml,Mamaearth,Popular,Beauty & Personal Care,Skin Care,Face Serum,Gel,Anti-Acne,Vitamin C,ml,50.0,995,896.57,578.13,9.9,730,Ambient,18,False,Available,4.2,Regular
P000289,PRI-CHI-BAK-1500-3,Pringles Potato Chips Baked Cheese 150.0 g,Pringles,Premium,Snacks,Munchies,Chips,Potato Chips,Baked,Cheese,g,150.0,69,64.21,41.74,6.9,180,Ambient,12,False,Available,4.9,Regular
P000290,AMU-FRI-CHI-7500-1,Amul Fries & Bites Aloo Tikki Chicken Spicy 750.0 g,Amul,Popular,Frozen Foods,Frozen Snacks,Fries & Bites,Aloo Tikki,Chicken,Spicy,g,750.0,369,351.49,269.3,4.7,180,Frozen,18,True,Available,4.3,New Arrival
P000291,BRU-COF-DEC-500,Bru Coffee Powder Filter Decaf Original 50.0 g,Bru,Popular,Beverages,Coffee,Coffee Powder,Filter,Decaf,Original,g,50.0,105,99.03,68.38,5.7,365,Ambient,18,False,Available,4.4,Regular
P000292,NAT-CHA-SHA-300,Nature Fresh Chakki Atta Besan Sharbati 30.0 kg,Nature Fresh,Popular,Staples & Grocery,Atta,Chakki Atta,Besan,Sharbati,Not Applicable,kg,30.0,1849,1675.87,1168.12,9.4,90,Ambient,0,False,Available,4.4,Regular
P000293,VOL-PAI-AYU-300,Volini Pain Reliever Ointment Ayurvedic 30.0 g,Volini,Popular,Pharmacy,Pain Relief,Pain Reliever,Ointment,Ayurvedic,Not Applicable,g,30.0,119,102.03,81.94,14.3,730,Ambient,12,False,Available,4.4,Regular
P000294,VOL-PAI-AYU-300-1,Volini Pain Reliever Spray Ayurvedic 30.0 g,Volini,Popular,Pharmacy,Pain Relief,Pain Reliever,Spray,Ayurvedic,Not Applicable,g,30.0,109,102.83,77.34,5.7,730,Ambient,12,False,Available,4.4,Regular
P000295,NAT-CHA-GLU-200,Nature Fresh Chakki Atta Wheat Gluten Free 20.0 kg,Nature Fresh,Popular,Staples & Grocery,Atta,Chakki Atta,Wheat,Gluten Free,Not Applicable,kg,20.0,1239,1226.47,955.77,1.0,90,Ambient,0,False,Available,4.5,Regular
P000296,PAM-DIA-PRE-330,Pampers Diapers Taped Premium Care 33.0 pack,Pampers,Premium,Baby Care,Baby Diapers & Wipes,Diapers,Taped,Premium Care,Not Applicable,pack,33.0,1589,1516.74,1115.55,4.5,1095,Ambient,12,False,Available,4.9,Regular
P000297,BIN-CHI-BAK-900-1,Bingo Corn Chips Baked Classic Salted 90.0 g,Bingo,Budget,Snacks,Munchies,Chips,Corn Chips,Baked,Classic Salted,g,90.0,45,43.52,31.13,3.3,180,Ambient,12,False,Available,3.9,Regular
P000298,NAT-CHA-SHA-150,Nature Fresh Chakki Atta Wheat Sharbati 15.0 kg,Nature Fresh,Popular,Staples & Grocery,Atta,Chakki Atta,Wheat,Sharbati,Not Applicable,kg,15.0,629,452.92,313.46,28.0,90,Ambient,0,False,Available,4.3,Regular
P000299,ARI-DET-FRO-10-2,Ariel Detergent Pods Front Load Lavender 1.0 kg,Ariel,Premium,Household Essentials,Cleaning Essentials,Detergent,Pods,Front Load,Lavender,kg,1.0,229,202.77,161.32,11.5,730,Ambient,18,False,Available,4.6,Regular
P000300,HAL-CHI-ROA-300-2,Haldiram's Potato Chips Roasted Tomato 30.0 g,Haldiram's,Popular,Snacks,Munchies,Chips,Potato Chips,Roasted,Tomato,g,30.0,20,13.12,9.9,34.4,180,Ambient,12,False,Available,4.5,Regular
P000301,MIN-FAC-ANT-500,Minimalist Face Serum Liquid Serum Anti-Acne Salicylic Acid 50.0 ml,Minimalist,Premium,Beauty & Personal Care,Skin Care,Face Serum,Liquid Serum,Anti-Acne,Salicylic Acid,ml,50.0,929,852.97,471.12,8.2,730,Ambient,18,False,Available,4.6,Regular
P000302,HAL-CHI-FRI-300,Haldiram's Chips Extruded Snacks Fried Tomato 30.0 g,Haldiram's,Popular,Snacks,Munchies,Chips,Extruded Snacks,Fried,Tomato,g,30.0,12,10.64,8.47,11.3,180,Ambient,12,False,Available,4.6,Regular
P000303,THE-FAC-HYD-500-1,The Derma Co Face Serum Liquid Serum Hydrating Hyaluronic Acid 50.0 ml,The Derma Co,Premium,Beauty & Personal Care,Skin Care,Face Serum,Liquid Serum,Hydrating,Hyaluronic Acid,ml,50.0,845,709.33,409.66,16.1,730,Ambient,18,False,Available,4.7,Regular
P000304,MAM-DIA-ALO-720,MamyPoko Diapers Pant Style Aloe Vera Enriched 72.0 pack,MamyPoko,Popular,Baby Care,Baby Diapers & Wipes,Diapers,Pant Style,Aloe Vera Enriched,Not Applicable,pack,72.0,855,811.13,639.23,5.1,1095,Ambient,12,False,Available,4.5,Regular
P000305,FAR-TOM-REG-5000,Farm Fresh Tomato Hybrid Regular 500.0 g,Farm Fresh,Popular,Fruits & Vegetables,Fresh Vegetables,Tomato,Hybrid,Regular,Not Applicable,g,500.0,18,14.68,11.79,18.5,4,Ambient,0,True,Available,4.5,Regular
P000306,ZES-APP-REG-50,Zespri Apple Kashmiri Regular 5.0 pc,Zespri,Premium,Fruits & Vegetables,Fresh Fruits,Apple,Kashmiri,Regular,Not Applicable,pc,5.0,155,144.25,115.78,6.9,5,Refrigerated,0,True,Available,4.6,New Arrival
P000307,HUG-DIA-PRE-330,Huggies Diapers Pant Style Premium Care 33.0 pack,Huggies,Popular,Baby Care,Baby Diapers & Wipes,Diapers,Pant Style,Premium Care,Not Applicable,pack,33.0,1185,1018.08,666.51,14.1,1095,Ambient,12,False,Available,4.6,Regular
P000308,NAT-CHA-SEL-12,Nature Fresh Chakki Atta Multigrain Select 1.2 kg,Nature Fresh,Popular,Staples & Grocery,Atta,Chakki Atta,Multigrain,Select,Not Applicable,kg,1.2,99,92.95,65.0,6.1,90,Ambient,0,False,Available,4.3,Regular
P000309,ITC-FRI-CHI-7500-2,ITC Master Chef Fries & Bites Cheese Balls Chicken Masala 750.0 g,ITC Master Chef,Popular,Frozen Foods,Frozen Snacks,Fries & Bites,Cheese Balls,Chicken,Masala,g,750.0,249,234.35,153.92,5.9,180,Frozen,18,True,Available,4.4,Regular
P000310,NAT-CHA-GLU-75,Nature Fresh Chakki Atta Multigrain Gluten Free 7.5 kg,Nature Fresh,Popular,Staples & Grocery,Atta,Chakki Atta,Multigrain,Gluten Free,Not Applicable,kg,7.5,469,429.42,287.7,8.4,90,Ambient,0,False,Available,4.6,Regular
P000311,LAY-CHI-BAK-1500-1,Lay's Chips Extruded Snacks Baked Cream & Onion 150.0 g,Lay's,Popular,Snacks,Munchies,Chips,Extruded Snacks,Baked,Cream & Onion,g,150.0,79,75.93,53.82,3.9,180,Ambient,12,False,Available,4.5,Seasonal
P000312,MAM-DIA-PRE-750,MamyPoko Diapers Pant Style Premium Care 75.0 pack,MamyPoko,Popular,Baby Care,Baby Diapers & Wipes,Diapers,Pant Style,Premium Care,Not Applicable,pack,75.0,3219,2994.61,1973.83,7.0,1095,Ambient,12,False,Available,4.4,Regular
P000313,AKS-MIL-TON-10,Akshayakalpa A2 Milk Toned Plain 1.0 L,Akshayakalpa,Premium,"Dairy, Bread & Eggs",Milk,Milk,A2 Milk,Toned,Plain,L,1.0,69,66.79,46.38,3.2,2,Refrigerated,0,True,Available,4.5,Regular
P000314,FOR-CHA-SEL-100,Fortune Chakki Atta Maida Select 10.0 kg,Fortune,Popular,Staples & Grocery,Atta,Chakki Atta,Maida,Select,Not Applicable,kg,10.0,435,371.62,248.37,14.6,90,Ambient,0,False,Available,4.6,Regular
P000315,HAL-CHI-BAK-900-1,Haldiram's Chips Extruded Snacks Baked Tomato 90.0 g,Haldiram's,Popular,Snacks,Munchies,Chips,Extruded Snacks,Baked,Tomato,g,90.0,35,29.62,19.32,15.4,180,Ambient,12,False,Available,4.2,Regular
P000316,GAR-FAC-BRI-500-1,Garnier Face Serum Gel Brightening Hyaluronic Acid 50.0 ml,Garnier,Budget,Beauty & Personal Care,Skin Care,Face Serum,Gel,Brightening,Hyaluronic Acid,ml,50.0,755,726.12,368.49,3.8,730,Ambient,18,False,Available,3.9,New Arrival
P000317,AAS-CHA-SEL-150,Aashirvaad Chakki Atta Besan Select 15.0 kg,Aashirvaad,Premium,Staples & Grocery,Atta,Chakki Atta,Besan,Select,Not Applicable,kg,15.0,809,539.88,369.25,33.3,90,Ambient,0,False,Available,4.6,Regular
P000318,KUR-CHI-BAK-1500-1,Kurkure Chips Extruded Snacks Baked Tomato 150.0 g,Kurkure,Popular,Snacks,Munchies,Chips,Extruded Snacks,Baked,Tomato,g,150.0,59,51.36,34.01,12.9,180,Ambient,12,False,Available,4.5,New Arrival
P000319,MAM-FAC-HYD-300-1,Mamaearth Face Serum Gel Hydrating Hyaluronic Acid 30.0 ml,Mamaearth,Popular,Beauty & Personal Care,Skin Care,Face Serum,Gel,Hydrating,Hyaluronic Acid,ml,30.0,759,703.46,401.52,7.3,730,Ambient,18,False,Available,4.2,Regular
P000320,MIN-FAC-BRI-500-2,Minimalist Face Serum Liquid Serum Brightening Hyaluronic Acid 50.0 ml,Minimalist,Premium,Beauty & Personal Care,Skin Care,Face Serum,Liquid Serum,Brightening,Hyaluronic Acid,ml,50.0,799,791.82,461.56,0.9,730,Ambient,18,False,Available,4.9,Regular
P000321,HUG-DIA-PRE-310,Huggies Diapers Taped Premium Care 31.0 pack,Huggies,Popular,Baby Care,Baby Diapers & Wipes,Diapers,Taped,Premium Care,Not Applicable,pack,31.0,575,563.7,423.61,2.0,1095,Ambient,12,False,Available,4.2,Regular
P000322,HAL-CHI-ROA-300-3,Haldiram's Chips Nachos Roasted Tomato 30.0 g,Haldiram's,Popular,Snacks,Munchies,Chips,Nachos,Roasted,Tomato,g,30.0,15,13.58,9.04,9.5,180,Ambient,12,False,Available,4.6,Regular
P000323,VOL-PAI-AYU-300-2,Volini Pain Reliever Gel Ayurvedic 30.0 g,Volini,Popular,Pharmacy,Pain Relief,Pain Reliever,Gel,Ayurvedic,Not Applicable,g,30.0,85,73.75,55.51,13.2,730,Ambient,12,False,Available,4.5,Regular
P000324,UNB-CHI-WIT-10,Unbranded Chicken Boneless With Skin 1.0 kg,Unbranded,Budget,Meat & Fish,Chicken,Chicken,Boneless,With Skin,Not Applicable,kg,1.0,325,296.83,233.4,8.7,3,Refrigerated,5,True,Available,4.2,New Arrival
P000325,NAT-CHA-GLU-125,Nature Fresh Chakki Atta Wheat Gluten Free 12.5 kg,Nature Fresh,Popular,Staples & Grocery,Atta,Chakki Atta,Wheat,Gluten Free,Not Applicable,kg,12.5,755,673.06,467.04,10.9,90,Ambient,0,False,Available,4.5,Regular
P000326,GAR-FAC-ANT-300,Garnier Face Serum Gel Anti-Acne Vitamin C 30.0 ml,Garnier,Budget,Beauty & Personal Care,Skin Care,Face Serum,Gel,Anti-Acne,Vitamin C,ml,30.0,789,725.4,484.58,8.1,730,Ambient,18,False,Available,4.1,Regular
P000327,PRI-CHI-FRI-1500,Pringles Chips Nachos Fried Cheese 150.0 g,Pringles,Premium,Snacks,Munchies,Chips,Nachos,Fried,Cheese,g,150.0,49,46.13,34.58,5.9,180,Ambient,12,False,Available,4.8,Regular
P000328,NAT-CHA-SEL-125,Nature Fresh Chakki Atta Multigrain Select 12.5 kg,Nature Fresh,Popular,Staples & Grocery,Atta,Chakki Atta,Multigrain,Select,Not Applicable,kg,12.5,845,746.8,581.24,11.6,90,Ambient,0,False,Available,4.5,Regular
P000329,AAS-CHA-GLU-50,Aashirvaad Chakki Atta Multigrain Gluten Free 5.0 kg,Aashirvaad,Premium,Staples & Grocery,Atta,Chakki Atta,Multigrain,Gluten Free,Not Applicable,kg,5.0,219,190.35,131.43,13.1,90,Ambient,0,False,Available,4.9,Regular
P000330,MAM-FAC-HYD-500,Mamaearth Face Serum Gel Hydrating Hyaluronic Acid 50.0 ml,Mamaearth,Popular,Beauty & Personal Care,Skin Care,Face Serum,Gel,Hydrating,Hyaluronic Acid,ml,50.0,715,672.79,350.05,5.9,730,Ambient,18,False,Available,4.6,Regular
P000331,NIV-FAC-HYD-500,Nivea Face Serum Liquid Serum Hydrating Hyaluronic Acid 50.0 ml,Nivea,Popular,Beauty & Personal Care,Skin Care,Face Serum,Liquid Serum,Hydrating,Hyaluronic Acid,ml,50.0,599,493.25,344.07,17.7,730,Ambient,18,False,Available,4.4,Regular
P000332,PRI-CHI-BAK-900-2,Pringles Corn Chips Baked Magic Masala 90.0 g,Pringles,Premium,Snacks,Munchies,Chips,Corn Chips,Baked,Magic Masala,g,90.0,39,31.95,22.65,18.1,180,Ambient,12,False,Available,4.7,Regular
P000333,BIN-CHI-ROA-300,Bingo Chips Nachos Roasted Cheese 30.0 g,Bingo,Budget,Snacks,Munchies,Chips,Nachos,Roasted,Cheese,g,30.0,12,8.41,6.16,29.9,180,Ambient,12,False,Available,4.0,Seasonal
P000334,UNB-CHI-ANT-5000-1,Unbranded Chicken Mince Antibiotic Free 500.0 g,Unbranded,Budget,Meat & Fish,Chicken,Chicken,Mince,Antibiotic Free,Not Applicable,g,500.0,249,236.47,157.89,5.0,3,Refrigerated,5,True,Available,3.9,Regular
P000335,FAR-ONI-PRE-20,Farm Fresh Onion White Premium Grade 2.0 kg,Farm Fresh,Popular,Fruits & Vegetables,Fresh Vegetables,Onion,White,Premium Grade,Not Applicable,kg,2.0,99,67.02,55.58,32.3,4,Ambient,0,True,Available,4.3,Regular
P000336,MOD-BRE-FRU-2000,Modern Bread Loaf White Fruit 200.0 g,Modern,Popular,"Dairy, Bread & Eggs",Bread,Bread Loaf,White,Fruit,Not Applicable,g,200.0,21,18.17,14.14,13.5,5,Ambient,0,False,Available,4.2,Regular
P000337,PAT-CHA-SEL-50-1,Patanjali Chakki Atta Besan Select 5.0 kg,Patanjali,Budget,Staples & Grocery,Atta,Chakki Atta,Besan,Select,Not Applicable,kg,5.0,309,284.23,213.27,8.0,90,Ambient,0,False,Available,3.8,Regular
P000338,FAR-ONI-REG-30-1,Farm Fresh Onion Sambhar Regular 3.0 kg,Farm Fresh,Popular,Fruits & Vegetables,Fresh Vegetables,Onion,Sambhar,Regular,Not Applicable,kg,3.0,99,64.44,53.73,34.9,4,Ambient,0,True,Low Stock,4.3,Regular
P000339,FAR-TOM-REG-625,Farm Fresh Tomato Cherry Regular 625 g,Farm Fresh,Popular,Fruits & Vegetables,Fresh Vegetables,Tomato,Cherry,Regular,Not Applicable,g,625.0,39,32.37,25.66,17.0,4,Ambient,0,True,Low Stock,4.4,Regular
P000340,PAT-CHA-GLU-100,Patanjali Chakki Atta Maida Gluten Free 10.0 kg,Patanjali,Budget,Staples & Grocery,Atta,Chakki Atta,Maida,Gluten Free,Not Applicable,kg,10.0,709,584.97,436.37,17.5,90,Ambient,0,False,Available,3.8,Regular
P000341,BIN-CHI-FRI-900-1,Bingo Potato Chips Fried Classic Salted 90.0 g,Bingo,Budget,Snacks,Munchies,Chips,Potato Chips,Fried,Classic Salted,g,90.0,45,39.05,25.98,13.2,180,Ambient,12,False,Available,4.2,New Arrival
P000342,ARI-DET-TOP-10-2,Ariel Detergent Liquid Top Load Lemon 1.0 kg,Ariel,Premium,Household Essentials,Cleaning Essentials,Detergent,Liquid,Top Load,Lemon,kg,1.0,215,144.8,114.43,32.6,730,Ambient,18,False,Low Stock,4.7,Regular
P000343,MCC-FRI-VEG-4000-1,McCain Fries & Bites Cheese Balls Veg Spicy 400.0 g,McCain,Premium,Frozen Foods,Frozen Snacks,Fries & Bites,Cheese Balls,Veg,Spicy,g,400.0,129,86.57,64.98,32.9,180,Frozen,18,True,Available,4.7,Regular
P000344,NAT-CHA-GLU-100,Nature Fresh Chakki Atta Multigrain Gluten Free 10.0 kg,Nature Fresh,Popular,Staples & Grocery,Atta,Chakki Atta,Multigrain,Gluten Free,Not Applicable,kg,10.0,465,408.78,323.46,12.1,90,Ambient,0,False,Available,4.4,Regular
P000345,BEV-COF-CLA-1000-1,Bevzilla Coffee Powder Roast & Ground Classic Original 100.0 g,Bevzilla,Premium,Beverages,Coffee,Coffee Powder,Roast & Ground,Classic,Original,g,100.0,345,318.63,250.71,7.6,365,Ambient,18,False,Available,4.8,Regular
P000346,AKS-MIL-ORG-5000,Akshayakalpa Buffalo Milk Organic Plain 500.0 ml,Akshayakalpa,Premium,"Dairy, Bread & Eggs",Milk,Milk,Buffalo Milk,Organic,Plain,ml,500.0,35,28.74,19.94,17.9,2,Refrigerated,0,True,Available,4.7,Regular
P000347,PUM-BAS-POL-10,Puma Basic Wear T-Shirts Polyester 1.0 pc,Puma,Premium,Fashion & Lifestyle,Apparel & Accessories,Basic Wear,T-Shirts,Polyester,Not Applicable,pc,1.0,875,863.64,616.4,1.3,3650,Ambient,12,False,Available,4.7,Regular
P000348,BAK-BRE-SAN-2000,Baker's Loaf Bread Loaf Brown Sandwich 200.0 g,Baker's Loaf,Popular,"Dairy, Bread & Eggs",Bread,Bread Loaf,Brown,Sandwich,Not Applicable,g,200.0,35,29.35,21.29,16.1,5,Ambient,0,False,Available,4.5,Regular
P000349,LAY-CHI-FRI-900-1,Lay's Corn Chips Fried Cream & Onion 90.0 g,Lay's,Popular,Snacks,Munchies,Chips,Corn Chips,Fried,Cream & Onion,g,90.0,39,26.47,17.67,32.1,180,Ambient,12,False,Available,4.3,Regular
P000350,MOO-PAI-AYU-300,Moov Pain Reliever Spray Ayurvedic 30.0 g,Moov,Popular,Pharmacy,Pain Relief,Pain Reliever,Spray,Ayurvedic,Not Applicable,g,30.0,99,98.04,81.6,1.0,730,Ambient,12,False,Available,4.4,Regular
P000351,HAL-CHI-FRI-300-1,Haldiram's Potato Chips Fried Cream & Onion 30.0 g,Haldiram's,Popular,Snacks,Munchies,Chips,Potato Chips,Fried,Cream & Onion,g,30.0,18,12.41,9.54,31.1,180,Ambient,12,False,Available,4.4,New Arrival
P000352,HAL-CHI-BAK-900-2,Haldiram's Corn Chips Baked Cheese 90.0 g,Haldiram's,Popular,Snacks,Munchies,Chips,Corn Chips,Baked,Cheese,g,90.0,39,34.92,26.1,10.5,180,Ambient,12,False,Discontinued,4.5,Regular
P000353,BIN-CHI-BAK-1500-1,Bingo Potato Chips Baked Classic Salted 150.0 g,Bingo,Budget,Snacks,Munchies,Chips,Potato Chips,Baked,Classic Salted,g,150.0,65,54.34,37.85,16.4,180,Ambient,12,False,Available,3.9,Regular
P000354,THE-FAC-ANT-300-1,The Derma Co Face Serum Liquid Serum Anti-Acne Niacinamide 30.0 ml,The Derma Co,Premium,Beauty & Personal Care,Skin Care,Face Serum,Liquid Serum,Anti-Acne,Niacinamide,ml,30.0,425,369.74,218.15,13.0,730,Ambient,18,False,Available,4.8,Seasonal
P000355,ZES-APP-WAX-50,Zespri Apple Kashmiri Wax Free 5.0 pc,Zespri,Premium,Fruits & Vegetables,Fresh Fruits,Apple,Kashmiri,Wax Free,Not Applicable,pc,5.0,145,125.67,101.84,13.3,5,Refrigerated,0,True,Available,4.7,Regular
P000356,FOR-CHA-SHA-200,Fortune Chakki Atta Wheat Sharbati 20.0 kg,Fortune,Popular,Staples & Grocery,Atta,Chakki Atta,Wheat,Sharbati,Not Applicable,kg,20.0,1415,1155.77,890.98,18.3,90,Ambient,0,False,Available,4.5,Regular
P000357,EGG-EGG-FRE-60,Eggoz Country Eggs Free Range 6.0 pc,Eggoz,Popular,"Dairy, Bread & Eggs",Eggs,Eggs,Country Eggs,Free Range,Not Applicable,pc,6.0,75,69.45,50.62,7.4,21,Refrigerated,0,True,Available,4.2,Regular
P000358,NES-COF-CLA-1000-1,Nescafé Coffee Powder Instant Classic Vanilla 100.0 g,Nescafé,Popular,Beverages,Coffee,Coffee Powder,Instant,Classic,Vanilla,g,100.0,175,164.89,120.52,5.8,365,Ambient,18,False,Available,4.5,Regular
P000359,FAR-APP-REG-40-1,Farm Fresh Apple Washington Regular 4.0 pc,Farm Fresh,Popular,Fruits & Vegetables,Fresh Fruits,Apple,Washington,Regular,Not Applicable,pc,4.0,149,108.86,83.67,26.9,5,Refrigerated,0,True,Available,4.6,Regular
P000360,LIZ-DET-HAN-10-4,Lizol Detergent Pods Hand Wash Fresh Spring 1.0 L,Lizol,Popular,Household Essentials,Cleaning Essentials,Detergent,Pods,Hand Wash,Fresh Spring,L,1.0,189,160.25,114.62,15.2,730,Ambient,18,False,Available,4.5,New Arrival
P000361,AMU-FRI-CHI-4000-1,Amul Fries & Bites Aloo Tikki Chicken Spicy 400.0 g,Amul,Popular,Frozen Foods,Frozen Snacks,Fries & Bites,Aloo Tikki,Chicken,Spicy,g,400.0,175,157.17,112.12,10.2,180,Frozen,18,True,Available,4.3,Regular
P000362,NES-COF-CLA-500,Nescafé Coffee Powder Filter Classic Original 50.0 g,Nescafé,Popular,Beverages,Coffee,Coffee Powder,Filter,Classic,Original,g,50.0,145,98.69,77.97,31.9,365,Ambient,18,False,Low Stock,4.3,Regular
P000363,AAS-CHA-GLU-62,Aashirvaad Chakki Atta Besan Gluten Free 6.2 kg,Aashirvaad,Premium,Staples & Grocery,Atta,Chakki Atta,Besan,Gluten Free,Not Applicable,kg,6.2,439,380.21,282.77,13.4,90,Ambient,0,False,Available,4.7,Seasonal
P000364,BIN-CHI-BAK-300-5,Bingo Chips Extruded Snacks Baked Cheese 30.0 g,Bingo,Budget,Snacks,Munchies,Chips,Extruded Snacks,Baked,Cheese,g,30.0,12,11.04,8.52,8.0,180,Ambient,12,False,Low Stock,3.9,Regular
P000365,HAL-CHI-FRI-1500,Haldiram's Corn Chips Fried Magic Masala 150.0 g,Haldiram's,Popular,Snacks,Munchies,Chips,Corn Chips,Fried,Magic Masala,g,150.0,105,91.26,61.27,13.1,180,Ambient,12,False,Available,4.5,Regular
P000366,AKS-MIL-TON-5000,Akshayakalpa Buffalo Milk Toned Plain 500.0 ml,Akshayakalpa,Premium,"Dairy, Bread & Eggs",Milk,Milk,Buffalo Milk,Toned,Plain,ml,500.0,30,29.87,19.97,0.4,2,Refrigerated,0,True,Available,4.6,Regular
P000367,MAM-DIA-PRE-300,MamyPoko Diapers Taped Premium Care 30.0 pack,MamyPoko,Popular,Baby Care,Baby Diapers & Wipes,Diapers,Taped,Premium Care,Not Applicable,pack,30.0,515,447.91,323.05,13.0,1095,Ambient,12,False,Available,4.3,Regular
P000368,BEV-COF-DEC-100,Bevzilla Coffee Powder Roast & Ground Decaf Vanilla 100 g,Bevzilla,Premium,Beverages,Coffee,Coffee Powder,Roast & Ground,Decaf,Vanilla,g,100.0,209,166.03,127.79,20.6,365,Ambient,18,False,Available,4.5,New Arrival
P000369,HAL-CHI-FRI-1500-1,Haldiram's Chips Nachos Fried Cream & Onion 150.0 g,Haldiram's,Popular,Snacks,Munchies,Chips,Nachos,Fried,Cream & Onion,g,150.0,85,57.81,38.4,32.0,180,Ambient,12,False,Available,4.3,Regular
P000370,PAM-DIA-STA-730,Pampers Diapers Taped Standard 73.0 pack,Pampers,Premium,Baby Care,Baby Diapers & Wipes,Diapers,Taped,Standard,Not Applicable,pack,73.0,1355,1153.99,771.92,14.8,1095,Ambient,12,False,Available,4.6,Regular
P000371,REL-CHI-SKI-2500,Relish Chicken Drumsticks Skinless 250.0 g,Relish,Popular,Meat & Fish,Chicken,Chicken,Drumsticks,Skinless,Not Applicable,g,250.0,99,81.48,63.98,17.7,3,Refrigerated,5,True,Available,4.6,Regular
P000372,HAL-CHI-FRI-1500-2,Haldiram's Potato Chips Fried Cheese 150.0 g,Haldiram's,Popular,Snacks,Munchies,Chips,Potato Chips,Fried,Cheese,g,150.0,85,76.53,58.87,10.0,180,Ambient,12,False,Available,4.2,Regular
P000373,MAM-DIA-STA-320,MamyPoko Diapers Pant Style Standard 32.0 pack,MamyPoko,Popular,Baby Care,Baby Diapers & Wipes,Diapers,Pant Style,Standard,Not Applicable,pack,32.0,855,818.03,640.21,4.3,1095,Ambient,12,False,Available,4.3,Regular
P000374,PAT-CHA-SEL-150,Patanjali Chakki Atta Besan Select 15.0 kg,Patanjali,Budget,Staples & Grocery,Atta,Chakki Atta,Besan,Select,Not Applicable,kg,15.0,649,621.48,415.91,4.2,90,Ambient,0,False,Available,4.0,Seasonal
P000375,MAM-DIA-STA-750-1,MamyPoko Diapers Pant Style Standard 75.0 pack,MamyPoko,Popular,Baby Care,Baby Diapers & Wipes,Diapers,Pant Style,Standard,Not Applicable,pack,75.0,3449,2705.86,1853.71,21.5,1095,Ambient,12,False,Available,4.5,Regular
P000376,PRI-CHI-BAK-900-3,Pringles Chips Nachos Baked Magic Masala 90.0 g,Pringles,Premium,Snacks,Munchies,Chips,Nachos,Baked,Magic Masala,g,90.0,30,24.72,17.41,17.6,180,Ambient,12,False,Available,4.6,Regular
P000377,PAT-CHA-GLU-100-1,Patanjali Chakki Atta Besan Gluten Free 10.0 kg,Patanjali,Budget,Staples & Grocery,Atta,Chakki Atta,Besan,Gluten Free,Not Applicable,kg,10.0,489,457.54,329.5,6.4,90,Ambient,0,False,Available,4.2,Regular
P000378,BEV-COF-DEC-500-1,Bevzilla Coffee Powder Instant Decaf Hazelnut 50.0 g,Bevzilla,Premium,Beverages,Coffee,Coffee Powder,Instant,Decaf,Hazelnut,g,50.0,125,117.05,90.87,6.4,365,Ambient,18,False,Available,4.5,Regular
P000379,PRI-CHI-BAK-1500-4,Pringles Potato Chips Baked Magic Masala 150.0 g,Pringles,Premium,Snacks,Munchies,Chips,Potato Chips,Baked,Magic Masala,g,150.0,115,97.06,76.16,15.6,180,Ambient,12,False,Available,4.7,Regular
P000380,FAR-TOM-ORG-12,Farm Fresh Tomato Hybrid Organic 1.2 kg,Farm Fresh,Popular,Fruits & Vegetables,Fresh Vegetables,Tomato,Hybrid,Organic,Not Applicable,kg,1.2,65,60.87,46.0,6.4,4,Ambient,0,True,Available,4.5,Regular
P000381,BIN-CHI-BAK-1500-2,Bingo Chips Extruded Snacks Baked Tomato 150.0 g,Bingo,Budget,Snacks,Munchies,Chips,Extruded Snacks,Baked,Tomato,g,150.0,89,78.58,59.19,11.7,180,Ambient,12,False,Available,4.2,Regular
P000382,FOR-CHA-GLU-75,Fortune Chakki Atta Besan Gluten Free 7.5 kg,Fortune,Popular,Staples & Grocery,Atta,Chakki Atta,Besan,Gluten Free,Not Applicable,kg,7.5,449,401.82,319.71,10.5,90,Ambient,0,False,Available,4.6,Regular
P000383,PAT-CHA-SHA-150,Patanjali Chakki Atta Multigrain Sharbati 15.0 kg,Patanjali,Budget,Staples & Grocery,Atta,Chakki Atta,Multigrain,Sharbati,Not Applicable,kg,15.0,625,538.53,423.87,13.8,90,Ambient,0,False,Available,4.0,Regular
P000384,NIV-FAC-ANT-500-3,Nivea Face Serum Gel Anti-Acne Niacinamide 50.0 ml,Nivea,Popular,Beauty & Personal Care,Skin Care,Face Serum,Gel,Anti-Acne,Niacinamide,ml,50.0,879,585.69,336.25,33.4,730,Ambient,18,False,Available,4.5,Regular
P000385,MAM-FAC-BRI-500-1,Mamaearth Face Serum Liquid Serum Brightening Hyaluronic Acid 50.0 ml,Mamaearth,Popular,Beauty & Personal Care,Skin Care,Face Serum,Liquid Serum,Brightening,Hyaluronic Acid,ml,50.0,775,669.94,424.43,13.6,730,Ambient,18,False,Available,4.3,Regular
P000386,ABH-EGG-OME-60,Abhi Eggs Table Eggs Omega-3 Rich 6.0 pc,Abhi Eggs,Budget,"Dairy, Bread & Eggs",Eggs,Eggs,Table Eggs,Omega-3 Rich,Not Applicable,pc,6.0,69,56.52,44.55,18.1,21,Refrigerated,0,True,Available,4.3,Regular
P000387,PAM-DIA-ALO-330-1,Pampers Diapers Pant Style Aloe Vera Enriched 33.0 pack,Pampers,Premium,Baby Care,Baby Diapers & Wipes,Diapers,Pant Style,Aloe Vera Enriched,Not Applicable,pack,33.0,1509,1078.68,847.91,28.5,1095,Ambient,12,False,Available,4.8,Regular
P000388,FAS-BAS-LEA-10-1,Fastrack Basic Wear Caps Leather 1.0 pc,Fastrack,Popular,Fashion & Lifestyle,Apparel & Accessories,Basic Wear,Caps,Leather,Not Applicable,pc,1.0,759,755.31,569.08,0.5,3650,Ambient,12,False,Available,4.5,Regular
P000389,FAS-BAS-CAN-30,Fastrack Basic Wear Belts Canvas 3.0 pack,Fastrack,Popular,Fashion & Lifestyle,Apparel & Accessories,Basic Wear,Belts,Canvas,Not Applicable,pack,3.0,605,590.77,388.66,2.4,3650,Ambient,12,False,Available,4.3,Regular
P000390,SUR-DET-TOP-10,Surf Excel Detergent Pods Top Load Fresh Spring 1.0 L,Surf Excel,Premium,Household Essentials,Cleaning Essentials,Detergent,Pods,Top Load,Fresh Spring,L,1.0,329,308.31,229.84,6.3,730,Ambient,18,False,Available,4.6,Regular
P000391,ITC-FRI-VEG-7500-2,ITC Master Chef Fries & Bites French Fries Veg Spicy 750.0 g,ITC Master Chef,Popular,Frozen Foods,Frozen Snacks,Fries & Bites,French Fries,Veg,Spicy,g,750.0,365,316.44,212.29,13.3,180,Frozen,18,True,Out Of Stock,4.3,Regular
P000392,PRI-CHI-FRI-1500-1,Pringles Chips Extruded Snacks Fried Tomato 150.0 g,Pringles,Premium,Snacks,Munchies,Chips,Extruded Snacks,Fried,Tomato,g,150.0,85,80.47,63.01,5.3,180,Ambient,12,False,Available,4.7,Regular
P000393,MOD-BRE-FRU-4000,Modern Bread Loaf White Fruit 400.0 g,Modern,Popular,"Dairy, Bread & Eggs",Bread,Bread Loaf,White,Fruit,Not Applicable,g,400.0,59,51.43,38.45,12.8,5,Ambient,0,False,Available,4.4,Regular
P000394,THE-BRE-SAN-2000,The Health Factory Bread Loaf Brown Sandwich 200.0 g,The Health Factory,Premium,"Dairy, Bread & Eggs",Bread,Bread Loaf,Brown,Sandwich,Not Applicable,g,200.0,28,26.03,18.04,7.0,5,Ambient,0,False,Low Stock,4.5,Regular
P000395,FAR-ONI-PRE-75,Farm Fresh Onion White Premium Grade 7.5 kg,Farm Fresh,Popular,Fruits & Vegetables,Fresh Vegetables,Onion,White,Premium Grade,Not Applicable,kg,7.5,325,290.19,237.89,10.7,4,Ambient,0,True,Low Stock,4.4,Regular
P000396,NAT-CHA-GLU-12,Nature Fresh Chakki Atta Multigrain Gluten Free 1.2 kg,Nature Fresh,Popular,Staples & Grocery,Atta,Chakki Atta,Multigrain,Gluten Free,Not Applicable,kg,1.2,79,60.37,46.09,23.6,90,Ambient,0,False,Available,4.3,Regular
P000397,BRI-BRE-GAR-2000,Brick Oven Bread Loaf White Garlic 200.0 g,Brick Oven,Premium,"Dairy, Bread & Eggs",Bread,Bread Loaf,White,Garlic,Not Applicable,g,200.0,27,25.56,19.65,5.3,5,Ambient,0,False,Available,4.8,Regular
P000398,PRI-CHI-ROA-900-1,Pringles Corn Chips Roasted Classic Salted 90.0 g,Pringles,Premium,Snacks,Munchies,Chips,Corn Chips,Roasted,Classic Salted,g,90.0,39,31.28,22.36,19.8,180,Ambient,12,False,Available,4.6,Regular
P000399,NES-COF-CLA-500-1,Nescafé Coffee Powder Roast & Ground Classic Original 50.0 g,Nescafé,Popular,Beverages,Coffee,Coffee Powder,Roast & Ground,Classic,Original,g,50.0,129,127.88,89.46,0.9,365,Ambient,18,False,Available,4.5,Seasonal
P000400,THE-FAC-HYD-300-2,The Derma Co Face Serum Liquid Serum Hydrating Hyaluronic Acid 30.0 ml,The Derma Co,Premium,Beauty & Personal Care,Skin Care,Face Serum,Liquid Serum,Hydrating,Hyaluronic Acid,ml,30.0,685,462.02,312.85,32.6,730,Ambient,18,False,Available,4.7,Regular
P000401,ITC-FRI-CHI-7500-3,ITC Master Chef Fries & Bites Cheese Balls Chicken Spicy 750.0 g,ITC Master Chef,Popular,Frozen Foods,Frozen Snacks,Fries & Bites,Cheese Balls,Chicken,Spicy,g,750.0,269,239.47,175.58,11.0,180,Frozen,18,True,Available,4.3,Regular
P000402,HAL-CHI-ROA-1500,Haldiram's Corn Chips Roasted Cream & Onion 150.0 g,Haldiram's,Popular,Snacks,Munchies,Chips,Corn Chips,Roasted,Cream & Onion,g,150.0,79,72.69,50.68,8.0,180,Ambient,12,False,Available,4.4,Regular
P000403,REL-CHI-ANT-10-2,Relish Chicken Boneless Antibiotic Free 1.0 kg,Relish,Popular,Meat & Fish,Chicken,Chicken,Boneless,Antibiotic Free,Not Applicable,kg,1.0,499,432.76,304.34,13.3,3,Refrigerated,5,True,Available,4.2,Regular
P000404,BEV-COF-GOL-500-1,Bevzilla Coffee Powder Instant Gold Hazelnut 50.0 g,Bevzilla,Premium,Beverages,Coffee,Coffee Powder,Instant,Gold,Hazelnut,g,50.0,95,74.02,52.77,22.1,365,Ambient,18,False,Available,4.8,Regular
P000405,BEV-COF-DEC-100-1,Bevzilla Coffee Powder Instant Decaf Original 100 g,Bevzilla,Premium,Beverages,Coffee,Coffee Powder,Instant,Decaf,Original,g,100.0,269,258.82,181.4,3.8,365,Ambient,18,False,Available,4.7,Regular
P000406,BRU-COF-GOL-1000-4,Bru Coffee Powder Filter Gold Mocha 100.0 g,Bru,Popular,Beverages,Coffee,Coffee Powder,Filter,Gold,Mocha,g,100.0,209,192.12,140.81,8.1,365,Ambient,18,False,Available,4.3,Regular
P000407,LAY-CHI-ROA-1500-2,Lay's Chips Extruded Snacks Roasted Cream & Onion 150.0 g,Lay's,Popular,Snacks,Munchies,Chips,Extruded Snacks,Roasted,Cream & Onion,g,150.0,109,94.83,64.56,13.0,180,Ambient,12,False,Available,4.5,Seasonal
P000408,LIZ-DET-HAN-10-5,Lizol Detergent Liquid Hand Wash Lavender 1.0 kg,Lizol,Popular,Household Essentials,Cleaning Essentials,Detergent,Liquid,Hand Wash,Lavender,kg,1.0,239,227.81,157.72,4.7,730,Ambient,18,False,Available,4.6,New Arrival
P000409,UNB-ONI-REG-50,Unbranded Onion White Regular 5.0 kg,Unbranded,Budget,Fruits & Vegetables,Fresh Vegetables,Onion,White,Regular,Not Applicable,kg,5.0,279,256.92,202.67,7.9,4,Ambient,0,True,Available,4.1,Regular
P000410,EGG-EGG-OME-120,Eggoz Table Eggs Omega-3 Rich 12.0 pc,Eggoz,Popular,"Dairy, Bread & Eggs",Eggs,Eggs,Table Eggs,Omega-3 Rich,Not Applicable,pc,12.0,139,126.13,99.72,9.3,21,Refrigerated,0,True,Out Of Stock,4.6,Regular
P000411,UNB-BAS-POL-10,Unbranded Basic Wear Socks Polyester 1.0 pc,Unbranded,Budget,Fashion & Lifestyle,Apparel & Accessories,Basic Wear,Socks,Polyester,Not Applicable,pc,1.0,969,775.08,554.95,20.0,3650,Ambient,12,False,Available,4.3,Regular
P000412,VIM-DET-HAN-10-3,Vim Detergent Liquid Hand Wash Lemon 1.0 kg,Vim,Popular,Household Essentials,Cleaning Essentials,Detergent,Liquid,Hand Wash,Lemon,kg,1.0,125,123.24,98.02,1.4,730,Ambient,18,False,Available,4.4,Regular
P000413,KUR-CHI-BAK-900,Kurkure Chips Extruded Snacks Baked Classic Salted 90.0 g,Kurkure,Popular,Snacks,Munchies,Chips,Extruded Snacks,Baked,Classic Salted,g,90.0,39,27.54,19.09,29.4,180,Ambient,12,False,Available,4.4,Seasonal
P000414,UNB-TOM-ORG-15-1,Unbranded Tomato Cherry Organic 1.5 kg,Unbranded,Budget,Fruits & Vegetables,Fresh Vegetables,Tomato,Cherry,Organic,Not Applicable,kg,1.5,69,68.27,56.85,1.1,4,Ambient,0,True,Available,3.9,Regular
P000415,AKS-MIL-TON-10-1,Akshayakalpa Cow Milk Toned Plain 1.0 L,Akshayakalpa,Premium,"Dairy, Bread & Eggs",Milk,Milk,Cow Milk,Toned,Plain,L,1.0,69,56.28,41.98,18.4,2,Refrigerated,0,True,Available,4.7,Regular
P000416,LAY-CHI-ROA-900-2,Lay's Potato Chips Roasted Magic Masala 90.0 g,Lay's,Popular,Snacks,Munchies,Chips,Potato Chips,Roasted,Magic Masala,g,90.0,35,28.45,22.22,18.7,180,Ambient,12,False,Available,4.2,Regular
P000417,NES-COF-GOL-1000-2,Nescafé Coffee Powder Roast & Ground Gold Hazelnut 100.0 g,Nescafé,Popular,Beverages,Coffee,Coffee Powder,Roast & Ground,Gold,Hazelnut,g,100.0,279,217.17,144.91,22.2,365,Ambient,18,False,Available,4.5,Regular
P000418,NES-COF-GOL-62,Nescafé Coffee Powder Roast & Ground Gold Vanilla 62 g,Nescafé,Popular,Beverages,Coffee,Coffee Powder,Roast & Ground,Gold,Vanilla,g,62.0,185,174.49,136.0,5.7,365,Ambient,18,False,Available,4.5,Regular
P000419,LAY-CHI-FRI-300-2,Lay's Potato Chips Fried Cream & Onion 30.0 g,Lay's,Popular,Snacks,Munchies,Chips,Potato Chips,Fried,Cream & Onion,g,30.0,19,15.4,10.71,18.9,180,Ambient,12,False,Available,4.6,Regular
P000420,LAY-CHI-BAK-1500-2,Lay's Corn Chips Baked Classic Salted 150.0 g,Lay's,Popular,Snacks,Munchies,Chips,Corn Chips,Baked,Classic Salted,g,150.0,95,88.09,64.87,7.3,180,Ambient,12,False,Available,4.5,Regular
P000421,FAR-TOM-ORG-12-1,Farm Fresh Tomato Local Organic 1.2 kg,Farm Fresh,Popular,Fruits & Vegetables,Fresh Vegetables,Tomato,Local,Organic,Not Applicable,kg,1.2,55,51.63,41.69,6.1,4,Ambient,0,True,Available,4.2,Regular
P000422,UNB-CHI-ANT-5000-2,Unbranded Chicken Boneless Antibiotic Free 500.0 g,Unbranded,Budget,Meat & Fish,Chicken,Chicken,Boneless,Antibiotic Free,Not Applicable,g,500.0,235,214.66,148.8,8.7,3,Refrigerated,5,True,Available,3.9,Regular
P000423,NAT-CHA-GLU-150,Nature Fresh Chakki Atta Wheat Gluten Free 15.0 kg,Nature Fresh,Popular,Staples & Grocery,Atta,Chakki Atta,Wheat,Gluten Free,Not Applicable,kg,15.0,1045,962.64,765.28,7.9,90,Ambient,0,False,Available,4.2,Regular
P000424,THE-FAC-HYD-500-2,The Derma Co Face Serum Liquid Serum Hydrating Niacinamide 50.0 ml,The Derma Co,Premium,Beauty & Personal Care,Skin Care,Face Serum,Liquid Serum,Hydrating,Niacinamide,ml,50.0,789,735.01,429.21,6.8,730,Ambient,18,False,Available,4.9,Regular
P000425,GAR-FAC-HYD-500-1,Garnier Face Serum Gel Hydrating Hyaluronic Acid 50.0 ml,Garnier,Budget,Beauty & Personal Care,Skin Care,Face Serum,Gel,Hydrating,Hyaluronic Acid,ml,50.0,629,520.17,309.35,17.3,730,Ambient,18,False,Available,4.2,Regular
P000426,KUR-CHI-FRI-1500,Kurkure Chips Nachos Fried Cream & Onion 150.0 g,Kurkure,Popular,Snacks,Munchies,Chips,Nachos,Fried,Cream & Onion,g,150.0,99,97.62,70.53,1.4,180,Ambient,12,False,Available,4.4,Seasonal
P000427,LIC-CHI-WIT-5000-1,Licious Chicken Mince With Skin 500.0 g,Licious,Premium,Meat & Fish,Chicken,Chicken,Mince,With Skin,Not Applicable,g,500.0,255,251.87,177.67,1.2,3,Refrigerated,5,True,Available,4.8,Regular
P000428,ZES-APP-REG-10,Zespri Apple Royal Gala Regular 1.0 kg,Zespri,Premium,Fruits & Vegetables,Fresh Fruits,Apple,Royal Gala,Regular,Not Applicable,kg,1.0,275,228.69,182.06,16.8,5,Refrigerated,0,True,Available,4.7,Regular
P000429,NAN-MIL-SKI-5000-1,Nandini Buffalo Milk Skimmed Plain 500.0 ml,Nandini,Budget,"Dairy, Bread & Eggs",Milk,Milk,Buffalo Milk,Skimmed,Plain,ml,500.0,35,31.67,22.79,9.5,2,Refrigerated,0,True,Available,3.8,Regular
P000430,HUG-DIA-STA-730-1,Huggies Diapers Taped Standard 73.0 pack,Huggies,Popular,Baby Care,Baby Diapers & Wipes,Diapers,Taped,Standard,Not Applicable,pack,73.0,1189,1075.69,767.94,9.5,1095,Ambient,12,False,Available,4.3,Regular
P000431,PRI-CHI-BAK-300,Pringles Corn Chips Baked Magic Masala 30.0 g,Pringles,Premium,Snacks,Munchies,Chips,Corn Chips,Baked,Magic Masala,g,30.0,14,12.62,9.54,9.9,180,Ambient,12,False,Available,4.6,Regular
P000432,UNB-ONI-REG-10-1,Unbranded Onion Red Regular 1.0 kg,Unbranded,Budget,Fruits & Vegetables,Fresh Vegetables,Onion,Red,Regular,Not Applicable,kg,1.0,49,41.17,33.74,16.0,4,Ambient,0,True,Available,4.2,Regular
P000433,MOD-BRE-SAN-4000,Modern Bread Loaf Multigrain Sandwich 400.0 g,Modern,Popular,"Dairy, Bread & Eggs",Bread,Bread Loaf,Multigrain,Sandwich,Not Applicable,g,400.0,39,37.77,26.94,3.1,5,Ambient,0,False,Available,4.4,Regular
P000434,THE-BRE-FRU-4000,The Health Factory Bread Loaf White Fruit 400.0 g,The Health Factory,Premium,"Dairy, Bread & Eggs",Bread,Bread Loaf,White,Fruit,Not Applicable,g,400.0,55,47.9,33.02,12.9,5,Ambient,0,False,Available,4.5,New Arrival
P000435,LIZ-DET-TOP-10-1,Lizol Detergent Powder Top Load Fresh Spring 1.0 L,Lizol,Popular,Household Essentials,Cleaning Essentials,Detergent,Powder,Top Load,Fresh Spring,L,1.0,259,257.36,202.92,0.6,730,Ambient,18,False,Available,4.5,Regular
P000436,DOT-FAC-HYD-300,Dot & Key Face Serum Liquid Serum Hydrating Niacinamide 30.0 ml,Dot & Key,Premium,Beauty & Personal Care,Skin Care,Face Serum,Liquid Serum,Hydrating,Niacinamide,ml,30.0,499,353.11,227.74,29.2,730,Ambient,18,False,Available,4.6,Regular
P000437,EVE-BAT-AA-40-1,Eveready Batteries Zinc Carbon AA 4.0 pack,Eveready,Budget,Household Essentials,Electronics,Batteries,Zinc Carbon,AA,Not Applicable,pack,4.0,149,137.05,90.93,8.0,3650,Ambient,18,False,Available,4.2,Regular
P000438,BEV-COF-DEC-500-2,Bevzilla Coffee Powder Roast & Ground Decaf Vanilla 50.0 g,Bevzilla,Premium,Beverages,Coffee,Coffee Powder,Roast & Ground,Decaf,Vanilla,g,50.0,125,93.07,72.01,25.5,365,Ambient,18,False,Available,4.8,Regular
P000439,PRI-CHI-FRI-1500-2,Pringles Potato Chips Fried Classic Salted 150.0 g,Pringles,Premium,Snacks,Munchies,Chips,Potato Chips,Fried,Classic Salted,g,150.0,65,61.16,44.09,5.9,180,Ambient,12,False,Available,4.5,Regular
P000440,REL-CHI-ANT-2500,Relish Chicken Boneless Antibiotic Free 250.0 g,Relish,Popular,Meat & Fish,Chicken,Chicken,Boneless,Antibiotic Free,Not Applicable,g,250.0,149,119.69,85.06,19.7,3,Refrigerated,5,True,Available,4.5,Regular
P000441,LIZ-DET-FRO-10-3,Lizol Detergent Pods Front Load Fresh Spring 1.0 L,Lizol,Popular,Household Essentials,Cleaning Essentials,Detergent,Pods,Front Load,Fresh Spring,L,1.0,319,291.04,214.8,8.8,730,Ambient,18,False,Available,4.4,Regular
P000442,DOT-FAC-HYD-500-1,Dot & Key Face Serum Liquid Serum Hydrating Vitamin C 50.0 ml,Dot & Key,Premium,Beauty & Personal Care,Skin Care,Face Serum,Liquid Serum,Hydrating,Vitamin C,ml,50.0,859,784.87,523.15,8.6,730,Ambient,18,False,Out Of Stock,4.7,Regular
P000443,HAR-DET-HAN-10-2,Harpic Detergent Powder Hand Wash Lavender 1.0 kg,Harpic,Popular,Household Essentials,Cleaning Essentials,Detergent,Powder,Hand Wash,Lavender,kg,1.0,229,228.38,173.65,0.3,730,Ambient,18,False,Available,4.5,Regular
P000444,MAM-DIA-STA-310,MamyPoko Diapers Taped Standard 31.0 pack,MamyPoko,Popular,Baby Care,Baby Diapers & Wipes,Diapers,Taped,Standard,Not Applicable,pack,31.0,449,416.13,303.18,7.3,1095,Ambient,12,False,Available,4.4,Regular
P000445,BIN-CHI-FRI-1500-1,Bingo Chips Nachos Fried Cheese 150.0 g,Bingo,Budget,Snacks,Munchies,Chips,Nachos,Fried,Cheese,g,150.0,115,103.95,79.52,9.6,180,Ambient,12,False,Discontinued,4.1,Seasonal
P000446,MAM-FAC-ANT-300-2,Mamaearth Face Serum Liquid Serum Anti-Acne Salicylic Acid 30.0 ml,Mamaearth,Popular,Beauty & Personal Care,Skin Care,Face Serum,Liquid Serum,Anti-Acne,Salicylic Acid,ml,30.0,555,484.92,288.0,12.6,730,Ambient,18,False,Available,4.4,Regular
P000447,ITC-FRI-CHI-4000-1,ITC Master Chef Fries & Bites Nuggets Chicken Classic 400.0 g,ITC Master Chef,Popular,Frozen Foods,Frozen Snacks,Fries & Bites,Nuggets,Chicken,Classic,g,400.0,149,143.06,106.25,4.0,180,Frozen,18,True,Available,4.3,Regular
P000448,BEN-COL-STA-250,Benadryl Cold Relief Vaporub Standard Honey 25.0 g,Benadryl,Popular,Pharmacy,Cold & Flu,Cold Relief,Vaporub,Standard,Honey,g,25.0,65,58.64,48.99,9.8,730,Ambient,12,False,Available,4.4,Regular
P000449,PAT-CHA-GLU-12,Patanjali Chakki Atta Wheat Gluten Free 1.2 kg,Patanjali,Budget,Staples & Grocery,Atta,Chakki Atta,Wheat,Gluten Free,Not Applicable,kg,1.2,69,56.27,39.86,18.4,90,Ambient,0,False,Available,4.1,Regular
P000450,BRU-COF-GOL-1000-5,Bru Coffee Powder Roast & Ground Gold Vanilla 100.0 g,Bru,Popular,Beverages,Coffee,Coffee Powder,Roast & Ground,Gold,Vanilla,g,100.0,205,191.98,130.48,6.4,365,Ambient,18,False,Out Of Stock,4.3,Regular
P000451,ITC-FRI-CHI-7500-4,ITC Master Chef Fries & Bites Cheese Balls Chicken Classic 750.0 g,ITC Master Chef,Popular,Frozen Foods,Frozen Snacks,Fries & Bites,Cheese Balls,Chicken,Classic,g,750.0,309,225.83,157.79,26.9,180,Frozen,18,True,Available,4.3,Regular
P000452,HAL-CHI-BAK-1500-2,Haldiram's Corn Chips Baked Cheese 150.0 g,Haldiram's,Popular,Snacks,Munchies,Chips,Corn Chips,Baked,Cheese,g,150.0,95,78.18,56.45,17.7,180,Ambient,12,False,Available,4.5,Regular
P000453,DOT-FAC-BRI-500-2,Dot & Key Face Serum Gel Brightening Niacinamide 50.0 ml,Dot & Key,Premium,Beauty & Personal Care,Skin Care,Face Serum,Gel,Brightening,Niacinamide,ml,50.0,995,749.24,522.88,24.7,730,Ambient,18,False,Available,4.5,Regular
P000454,FOR-CHA-SHA-300,Fortune Chakki Atta Besan Sharbati 30.0 kg,Fortune,Popular,Staples & Grocery,Atta,Chakki Atta,Besan,Sharbati,Not Applicable,kg,30.0,1265,1086.48,783.58,14.1,90,Ambient,0,False,Available,4.5,Regular
P000455,KUR-CHI-BAK-1500-2,Kurkure Chips Nachos Baked Tomato 150.0 g,Kurkure,Popular,Snacks,Munchies,Chips,Nachos,Baked,Tomato,g,150.0,75,62.06,47.3,17.3,180,Ambient,12,False,Available,4.2,Regular
P000456,AAS-CHA-GLU-125,Aashirvaad Chakki Atta Multigrain Gluten Free 12.5 kg,Aashirvaad,Premium,Staples & Grocery,Atta,Chakki Atta,Multigrain,Gluten Free,Not Applicable,kg,12.5,749,746.87,530.93,0.3,90,Ambient,0,False,Available,4.9,New Arrival
P000457,VIM-DET-TOP-10,Vim Detergent Liquid Top Load Lavender 1.0 kg,Vim,Popular,Household Essentials,Cleaning Essentials,Detergent,Liquid,Top Load,Lavender,kg,1.0,139,134.83,105.4,3.0,730,Ambient,18,False,Available,4.6,Seasonal
P000458,PRI-CHI-FRI-1500-3,Pringles Potato Chips Fried Cheese 150.0 g,Pringles,Premium,Snacks,Munchies,Chips,Potato Chips,Fried,Cheese,g,150.0,55,53.34,39.66,3.0,180,Ambient,12,False,Available,4.8,Regular
P000459,GAR-FAC-BRI-300-1,Garnier Face Serum Liquid Serum Brightening Vitamin C 30.0 ml,Garnier,Budget,Beauty & Personal Care,Skin Care,Face Serum,Liquid Serum,Brightening,Vitamin C,ml,30.0,659,599.58,397.55,9.0,730,Ambient,18,False,Available,3.9,Regular
P000460,HUG-DIA-STA-740,Huggies Diapers Taped Standard 74.0 pack,Huggies,Popular,Baby Care,Baby Diapers & Wipes,Diapers,Taped,Standard,Not Applicable,pack,74.0,1665,1557.23,1091.51,6.5,1095,Ambient,12,False,Available,4.2,Regular
P000461,LIC-CHI-SKI-2500,Licious Chicken Drumsticks Skinless 250.0 g,Licious,Premium,Meat & Fish,Chicken,Chicken,Drumsticks,Skinless,Not Applicable,g,250.0,109,103.58,70.91,5.0,3,Refrigerated,5,True,Available,4.8,Seasonal
P000462,NAT-CHA-GLU-50,Nature Fresh Chakki Atta Multigrain Gluten Free 5.0 kg,Nature Fresh,Popular,Staples & Grocery,Atta,Chakki Atta,Multigrain,Gluten Free,Not Applicable,kg,5.0,319,290.77,221.39,8.9,90,Ambient,0,False,Available,4.5,Regular
P000463,BIN-CHI-ROA-900-1,Bingo Chips Extruded Snacks Roasted Classic Salted 90.0 g,Bingo,Budget,Snacks,Munchies,Chips,Extruded Snacks,Roasted,Classic Salted,g,90.0,35,31.28,23.2,10.6,180,Ambient,12,False,Available,4.3,Seasonal
P000464,BIN-CHI-BAK-900-2,Bingo Chips Nachos Baked Classic Salted 90.0 g,Bingo,Budget,Snacks,Munchies,Chips,Nachos,Baked,Classic Salted,g,90.0,35,31.83,24.61,9.1,180,Ambient,12,False,Available,3.8,Regular
P000465,KUR-CHI-FRI-1500-1,Kurkure Corn Chips Fried Cheese 150.0 g,Kurkure,Popular,Snacks,Munchies,Chips,Corn Chips,Fried,Cheese,g,150.0,119,117.81,87.31,1.0,180,Ambient,12,False,Available,4.5,Regular
P000466,NAT-CHA-SHA-150-1,Nature Fresh Chakki Atta Maida Sharbati 15.0 kg,Nature Fresh,Popular,Staples & Grocery,Atta,Chakki Atta,Maida,Sharbati,Not Applicable,kg,15.0,685,579.47,426.09,15.4,90,Ambient,0,False,Available,4.4,Regular
P000467,VIC-COL-NON-1000,Vicks Cold Relief Lozenges Non-Drowsy Ginger 100.0 ml,Vicks,Popular,Pharmacy,Cold & Flu,Cold Relief,Lozenges,Non-Drowsy,Ginger,ml,100.0,95,81.3,65.95,14.4,730,Ambient,12,False,Available,4.2,Regular
P000468,AAS-CHA-SEL-300,Aashirvaad Chakki Atta Maida Select 30.0 kg,Aashirvaad,Premium,Staples & Grocery,Atta,Chakki Atta,Maida,Select,Not Applicable,kg,30.0,1269,1222.84,835.71,3.6,90,Ambient,0,False,Available,4.5,Regular
P000469,HAL-CHI-BAK-1500-3,Haldiram's Chips Nachos Baked Magic Masala 150.0 g,Haldiram's,Popular,Snacks,Munchies,Chips,Nachos,Baked,Magic Masala,g,150.0,85,70.95,56.75,16.5,180,Ambient,12,False,Available,4.2,Regular
P000470,BEV-COF-GOL-62,Bevzilla Coffee Powder Filter Gold Mocha 62 g,Bevzilla,Premium,Beverages,Coffee,Coffee Powder,Filter,Gold,Mocha,g,62.0,135,119.45,89.65,11.5,365,Ambient,18,False,Available,4.7,Regular
P000471,BEV-COF-GOL-500-2,Bevzilla Coffee Powder Instant Gold Mocha 50.0 g,Bevzilla,Premium,Beverages,Coffee,Coffee Powder,Instant,Gold,Mocha,g,50.0,79,72.25,49.44,8.5,365,Ambient,18,False,Available,4.7,Regular
P000472,AMU-FRI-CHI-7500-2,Amul Fries & Bites French Fries Chicken Masala 750.0 g,Amul,Popular,Frozen Foods,Frozen Snacks,Fries & Bites,French Fries,Chicken,Masala,g,750.0,285,274.63,186.24,3.6,180,Frozen,18,True,Available,4.2,New Arrival
P000473,LIC-CHI-WIT-2500-1,Licious Chicken Mince With Skin 250.0 g,Licious,Premium,Meat & Fish,Chicken,Chicken,Mince,With Skin,Not Applicable,g,250.0,95,93.17,64.9,1.9,3,Refrigerated,5,True,Available,4.8,Regular
P000474,THE-FAC-HYD-500-3,The Derma Co Face Serum Gel Hydrating Vitamin C 50.0 ml,The Derma Co,Premium,Beauty & Personal Care,Skin Care,Face Serum,Gel,Hydrating,Vitamin C,ml,50.0,645,464.21,232.88,28.0,730,Ambient,18,False,Available,4.6,Regular
P000475,MEI-CHI-WIT-10-1,Meister Chicken Wings With Skin 1.0 kg,Meister,Popular,Meat & Fish,Chicken,Chicken,Wings,With Skin,Not Applicable,kg,1.0,359,358.01,232.87,0.3,3,Refrigerated,5,True,Available,4.5,Seasonal
P000476,REL-CHI-ANT-5000,Relish Chicken Boneless Antibiotic Free 500.0 g,Relish,Popular,Meat & Fish,Chicken,Chicken,Boneless,Antibiotic Free,Not Applicable,g,500.0,209,140.45,105.2,32.8,3,Refrigerated,5,True,Available,4.5,Seasonal
P000477,DOT-FAC-ANT-500,Dot & Key Face Serum Gel Anti-Acne Niacinamide 50.0 ml,Dot & Key,Premium,Beauty & Personal Care,Skin Care,Face Serum,Gel,Anti-Acne,Niacinamide,ml,50.0,899,783.03,516.31,12.9,730,Ambient,18,False,Available,4.7,Regular
P000478,GAR-FAC-ANT-300-1,Garnier Face Serum Liquid Serum Anti-Acne Salicylic Acid 30.0 ml,Garnier,Budget,Beauty & Personal Care,Skin Care,Face Serum,Liquid Serum,Anti-Acne,Salicylic Acid,ml,30.0,785,719.82,460.85,8.3,730,Ambient,18,False,Available,4.0,Regular
P000479,BEN-COL-STA-1000-2,Benadryl Cold Relief Syrup Standard Honey 100.0 ml,Benadryl,Popular,Pharmacy,Cold & Flu,Cold Relief,Syrup,Standard,Honey,ml,100.0,95,91.73,71.28,3.4,730,Ambient,12,False,Available,4.6,Regular
P000480,REL-CHI-WIT-5000,Relish Chicken Drumsticks With Skin 500.0 g,Relish,Popular,Meat & Fish,Chicken,Chicken,Drumsticks,With Skin,Not Applicable,g,500.0,225,198.24,157.53,11.9,3,Refrigerated,5,True,Available,4.2,Regular
P000481,BRU-COF-CLA-500-1,Bru Coffee Powder Filter Classic Original 50.0 g,Bru,Popular,Beverages,Coffee,Coffee Powder,Filter,Classic,Original,g,50.0,149,113.87,84.46,23.6,365,Ambient,18,False,Available,4.5,Regular
P000482,PRI-CHI-FRI-300,Pringles Potato Chips Fried Magic Masala 30.0 g,Pringles,Premium,Snacks,Munchies,Chips,Potato Chips,Fried,Magic Masala,g,30.0,16,14.8,9.7,7.5,180,Ambient,12,False,Available,4.8,Regular
P000483,UNB-CHI-ANT-5000-3,Unbranded Chicken Wings Antibiotic Free 500.0 g,Unbranded,Budget,Meat & Fish,Chicken,Chicken,Wings,Antibiotic Free,Not Applicable,g,500.0,315,282.98,211.98,10.2,3,Refrigerated,5,True,Available,4.0,New Arrival
P000484,NES-COF-CLA-1000-2,Nescafé Coffee Powder Roast & Ground Classic Hazelnut 100.0 g,Nescafé,Popular,Beverages,Coffee,Coffee Powder,Roast & Ground,Classic,Hazelnut,g,100.0,295,253.54,194.78,14.1,365,Ambient,18,False,Available,4.5,Regular
P000485,NES-COF-GOL-75,Nescafé Coffee Powder Instant Gold Hazelnut 75 g,Nescafé,Popular,Beverages,Coffee,Coffee Powder,Instant,Gold,Hazelnut,g,75.0,175,115.32,77.2,34.1,365,Ambient,18,False,Available,4.4,Regular
P000486,AMU-MIL-SKI-10-1,Amul Cow Milk Skimmed Plain 1.0 L,Amul,Popular,"Dairy, Bread & Eggs",Milk,Milk,Cow Milk,Skimmed,Plain,L,1.0,79,60.44,47.7,23.5,2,Refrigerated,0,True,Available,4.5,Regular
P000487,PAM-DIA-ALO-750,Pampers Diapers Pant Style Aloe Vera Enriched 75.0 pack,Pampers,Premium,Baby Care,Baby Diapers & Wipes,Diapers,Pant Style,Aloe Vera Enriched,Not Applicable,pack,75.0,2909,2760.78,1832.95,5.1,1095,Ambient,12,False,Available,4.7,Regular
P000488,NES-COF-DEC-1000-2,Nescafé Coffee Powder Roast & Ground Decaf Mocha 100.0 g,Nescafé,Popular,Beverages,Coffee,Coffee Powder,Roast & Ground,Decaf,Mocha,g,100.0,199,166.19,132.59,16.5,365,Ambient,18,False,Available,4.5,Regular
P000489,NAN-MIL-TON-5000,Nandini Buffalo Milk Toned Plain 500.0 ml,Nandini,Budget,"Dairy, Bread & Eggs",Milk,Milk,Buffalo Milk,Toned,Plain,ml,500.0,39,26.4,20.73,32.3,2,Refrigerated,0,True,Available,4.1,Seasonal
P000490,MIN-FAC-HYD-300-3,Minimalist Face Serum Gel Hydrating Hyaluronic Acid 30.0 ml,Minimalist,Premium,Beauty & Personal Care,Skin Care,Face Serum,Gel,Hydrating,Hyaluronic Acid,ml,30.0,729,690.22,370.31,5.3,730,Ambient,18,False,Available,4.5,Regular
P000491,UNB-TOM-REG-20,Unbranded Tomato Hybrid Regular 2.0 kg,Unbranded,Budget,Fruits & Vegetables,Fresh Vegetables,Tomato,Hybrid,Regular,Not Applicable,kg,2.0,109,91.39,77.1,16.2,4,Ambient,0,True,Available,3.9,Regular
P000492,REL-CHI-SKI-5000-1,Relish Chicken Drumsticks Skinless 500.0 g,Relish,Popular,Meat & Fish,Chicken,Chicken,Drumsticks,Skinless,Not Applicable,g,500.0,205,186.18,128.34,9.2,3,Refrigerated,5,True,Available,4.4,Regular
P000493,HAL-CHI-FRI-900-1,Haldiram's Chips Extruded Snacks Fried Magic Masala 90.0 g,Haldiram's,Popular,Snacks,Munchies,Chips,Extruded Snacks,Fried,Magic Masala,g,90.0,29,24.12,17.32,16.8,180,Ambient,12,False,Available,4.3,Regular
P000494,ENG-BRE-SAN-2000,English Oven Bread Loaf White Sandwich 200.0 g,English Oven,Popular,"Dairy, Bread & Eggs",Bread,Bread Loaf,White,Sandwich,Not Applicable,g,200.0,35,32.88,26.08,6.1,5,Ambient,0,False,Available,4.3,Regular
P000495,AAS-CHA-SEL-100,Aashirvaad Chakki Atta Multigrain Select 10.0 kg,Aashirvaad,Premium,Staples & Grocery,Atta,Chakki Atta,Multigrain,Select,Not Applicable,kg,10.0,439,411.04,282.12,6.4,90,Ambient,0,False,Available,4.6,Regular
P000496,FAR-ONI-PRE-10,Farm Fresh Onion White Premium Grade 1.0 kg,Farm Fresh,Popular,Fruits & Vegetables,Fresh Vegetables,Onion,White,Premium Grade,Not Applicable,kg,1.0,39,36.73,30.33,5.8,4,Ambient,0,True,Available,4.4,Regular
P000497,PAM-DIA-PRE-320,Pampers Diapers Pant Style Premium Care 32.0 pack,Pampers,Premium,Baby Care,Baby Diapers & Wipes,Diapers,Pant Style,Premium Care,Not Applicable,pack,32.0,749,681.93,480.88,9.0,1095,Ambient,12,False,Available,4.7,Regular
P000498,HAR-DET-TOP-10-2,Harpic Detergent Powder Top Load Lemon 1.0 L,Harpic,Popular,Household Essentials,Cleaning Essentials,Detergent,Powder,Top Load,Lemon,L,1.0,205,185.73,146.34,9.4,730,Ambient,18,False,Available,4.2,Regular
P000499,VIC-COL-NON-1000-1,Vicks Cold Relief Inhaler Non-Drowsy Ginger 100.0 ml,Vicks,Popular,Pharmacy,Cold & Flu,Cold Relief,Inhaler,Non-Drowsy,Ginger,ml,100.0,125,103.67,78.89,17.1,730,Ambient,12,False,Available,4.3,Regular
P000500,NAT-CHA-SHA-200-1,Nature Fresh Chakki Atta Besan Sharbati 20.0 kg,Nature Fresh,Popular,Staples & Grocery,Atta,Chakki Atta,Besan,Sharbati,Not Applicable,kg,20.0,1245,1133.43,825.81,9.0,90,Ambient,0,False,Available,4.3,Regular
P000501,LIC-CHI-SKI-5000,Licious Chicken Drumsticks Skinless 500.0 g,Licious,Premium,Meat & Fish,Chicken,Chicken,Drumsticks,Skinless,Not Applicable,g,500.0,175,163.88,120.03,6.4,3,Refrigerated,5,True,Available,4.6,Regular
P000502,BRU-COF-DEC-1000,Bru Coffee Powder Filter Decaf Mocha 100.0 g,Bru,Popular,Beverages,Coffee,Coffee Powder,Filter,Decaf,Mocha,g,100.0,185,169.35,120.33,8.5,365,Ambient,18,False,Available,4.5,Regular
P000503,MOD-BRE-GAR-2000,Modern Bread Loaf White Garlic 200.0 g,Modern,Popular,"Dairy, Bread & Eggs",Bread,Bread Loaf,White,Garlic,Not Applicable,g,200.0,29,25.84,17.47,10.9,5,Ambient,0,False,Available,4.3,Regular
P000504,REL-CHI-ANT-2500-1,Relish Chicken Mince Antibiotic Free 250.0 g,Relish,Popular,Meat & Fish,Chicken,Chicken,Mince,Antibiotic Free,Not Applicable,g,250.0,109,92.02,70.97,15.6,3,Refrigerated,5,True,Available,4.6,Regular
P000505,MCC-FRI-VEG-4000-2,McCain Fries & Bites Nuggets Veg Masala 400.0 g,McCain,Premium,Frozen Foods,Frozen Snacks,Fries & Bites,Nuggets,Veg,Masala,g,400.0,219,154.87,103.85,29.3,180,Frozen,18,True,Available,4.9,Regular
P000506,PAT-CHA-SHA-62-1,Patanjali Chakki Atta Maida Sharbati 6.2 kg,Patanjali,Budget,Staples & Grocery,Atta,Chakki Atta,Maida,Sharbati,Not Applicable,kg,6.2,369,360.44,254.48,2.3,90,Ambient,0,False,Available,3.9,Regular
P000507,WHI-PET-WEI-4000,Whiskas Pet Food Treats Weight Management Chicken 400.0 g,Whiskas,Popular,Pet Care,Dog & Cat Food,Pet Food,Treats,Weight Management,Chicken,g,400.0,85,80.27,62.42,5.6,540,Ambient,18,False,Low Stock,4.5,Regular
P000508,FAR-APP-WAX-40,Farm Fresh Apple Kashmiri Wax Free 4.0 pc,Farm Fresh,Popular,Fruits & Vegetables,Fresh Fruits,Apple,Kashmiri,Wax Free,Not Applicable,pc,4.0,155,112.43,93.77,27.5,5,Refrigerated,0,True,Available,4.6,Regular
P000509,PAM-DIA-STA-300,Pampers Diapers Pant Style Standard 30.0 pack,Pampers,Premium,Baby Care,Baby Diapers & Wipes,Diapers,Pant Style,Standard,Not Applicable,pack,30.0,359,334.51,257.09,6.8,1095,Ambient,12,False,Available,4.6,Regular
P000510,GAR-FAC-ANT-300-2,Garnier Face Serum Liquid Serum Anti-Acne Niacinamide 30.0 ml,Garnier,Budget,Beauty & Personal Care,Skin Care,Face Serum,Liquid Serum,Anti-Acne,Niacinamide,ml,30.0,645,584.04,355.9,9.5,730,Ambient,18,False,Available,3.9,Regular
P000511,BRU-COF-DEC-150,Bru Coffee Powder Filter Decaf Mocha 150 g,Bru,Popular,Beverages,Coffee,Coffee Powder,Filter,Decaf,Mocha,g,150.0,249,229.86,178.44,7.7,365,Ambient,18,False,Available,4.2,Regular
P000512,LAY-CHI-FRI-1500-1,Lay's Potato Chips Fried Classic Salted 150.0 g,Lay's,Popular,Snacks,Munchies,Chips,Potato Chips,Fried,Classic Salted,g,150.0,85,80.45,61.52,5.4,180,Ambient,12,False,Available,4.4,Regular
P000513,PAT-CHA-GLU-12-1,Patanjali Chakki Atta Maida Gluten Free 1.2 kg,Patanjali,Budget,Staples & Grocery,Atta,Chakki Atta,Maida,Gluten Free,Not Applicable,kg,1.2,79,77.34,53.21,2.1,90,Ambient,0,False,Available,4.2,Regular
P000514,HAL-CHI-BAK-300-2,Haldiram's Chips Extruded Snacks Baked Tomato 30.0 g,Haldiram's,Popular,Snacks,Munchies,Chips,Extruded Snacks,Baked,Tomato,g,30.0,12,11.33,8.68,5.6,180,Ambient,12,False,Available,4.3,Regular
P000515,AKS-EGG-WHI-120,Akshayakalpa Country Eggs White 12.0 pc,Akshayakalpa,Premium,"Dairy, Bread & Eggs",Eggs,Eggs,Country Eggs,White,Not Applicable,pc,12.0,109,95.92,63.91,12.0,21,Refrigerated,0,True,Available,4.5,Seasonal
P000516,EGG-EGG-FRE-120,Eggoz Country Eggs Free Range 12.0 pc,Eggoz,Popular,"Dairy, Bread & Eggs",Eggs,Eggs,Country Eggs,Free Range,Not Applicable,pc,12.0,119,112.73,82.81,5.3,21,Refrigerated,0,True,Available,4.3,Regular
P000517,HAL-CHI-BAK-1500-4,Haldiram's Corn Chips Baked Magic Masala 150.0 g,Haldiram's,Popular,Snacks,Munchies,Chips,Corn Chips,Baked,Magic Masala,g,150.0,89,88.21,65.63,0.9,180,Ambient,12,False,Available,4.4,Seasonal
P000518,ZES-APP-REG-10-1,Zespri Apple Washington Regular 1.0 kg,Zespri,Premium,Fruits & Vegetables,Fresh Fruits,Apple,Washington,Regular,Not Applicable,kg,1.0,205,177.15,145.8,13.6,5,Refrigerated,0,True,Available,4.6,Regular
P000519,THE-FAC-BRI-300-1,The Derma Co Face Serum Liquid Serum Brightening Hyaluronic Acid 30.0 ml,The Derma Co,Premium,Beauty & Personal Care,Skin Care,Face Serum,Liquid Serum,Brightening,Hyaluronic Acid,ml,30.0,409,376.92,242.69,7.8,730,Ambient,18,False,Available,4.5,Regular
P000520,FOR-CHA-SEL-15-1,Fortune Chakki Atta Multigrain Select 1.5 kg,Fortune,Popular,Staples & Grocery,Atta,Chakki Atta,Multigrain,Select,Not Applicable,kg,1.5,89,82.69,56.72,7.1,90,Ambient,0,False,Available,4.3,New Arrival
P000521,MIL-MIL-LAC-10,Milky Mist Cow Milk Lactose Free Plain 1.0 L,Milky Mist,Popular,"Dairy, Bread & Eggs",Milk,Milk,Cow Milk,Lactose Free,Plain,L,1.0,59,55.59,37.85,5.8,2,Refrigerated,0,True,Available,4.6,Regular
P000522,ITC-FRI-VEG-4000,ITC Master Chef Fries & Bites Aloo Tikki Veg Spicy 400.0 g,ITC Master Chef,Popular,Frozen Foods,Frozen Snacks,Fries & Bites,Aloo Tikki,Veg,Spicy,g,400.0,209,192.51,138.05,7.9,180,Frozen,18,True,Available,4.3,Regular
P000523,HAL-CHI-FRI-300-2,Haldiram's Chips Nachos Fried Classic Salted 30.0 g,Haldiram's,Popular,Snacks,Munchies,Chips,Nachos,Fried,Classic Salted,g,30.0,14,11.87,7.96,15.2,180,Ambient,12,False,Available,4.3,Regular
P000524,REL-CHI-ANT-2500-2,Relish Chicken Wings Antibiotic Free 250.0 g,Relish,Popular,Meat & Fish,Chicken,Chicken,Wings,Antibiotic Free,Not Applicable,g,250.0,109,101.03,80.6,7.3,3,Refrigerated,5,True,Available,4.4,Regular
P000525,FAR-TOM-ORG-10,Farm Fresh Tomato Hybrid Organic 1.0 kg,Farm Fresh,Popular,Fruits & Vegetables,Fresh Vegetables,Tomato,Hybrid,Organic,Not Applicable,kg,1.0,69,60.39,48.71,12.5,4,Ambient,0,True,Available,4.3,Regular
P000526,FAR-TOM-REG-15,Farm Fresh Tomato Cherry Regular 1.5 kg,Farm Fresh,Popular,Fruits & Vegetables,Fresh Vegetables,Tomato,Cherry,Regular,Not Applicable,kg,1.5,105,100.03,75.89,4.7,4,Ambient,0,True,Available,4.6,Regular
P000527,AAS-CHA-GLU-100-1,Aashirvaad Chakki Atta Wheat Gluten Free 10.0 kg,Aashirvaad,Premium,Staples & Grocery,Atta,Chakki Atta,Wheat,Gluten Free,Not Applicable,kg,10.0,535,479.13,312.06,10.4,90,Ambient,0,False,Available,4.8,Regular
P000528,HAL-CHI-BAK-300-3,Haldiram's Potato Chips Baked Magic Masala 30.0 g,Haldiram's,Popular,Snacks,Munchies,Chips,Potato Chips,Baked,Magic Masala,g,30.0,15,13.93,10.32,7.1,180,Ambient,12,False,Available,4.5,Regular
P000529,BEN-COL-STA-1000-3,Benadryl Cold Relief Inhaler Standard Honey 100.0 ml,Benadryl,Popular,Pharmacy,Cold & Flu,Cold Relief,Inhaler,Standard,Honey,ml,100.0,119,93.45,72.49,21.5,730,Ambient,12,False,Available,4.2,Regular
P000530,LAY-CHI-ROA-900-3,Lay's Corn Chips Roasted Cream & Onion 90.0 g,Lay's,Popular,Snacks,Munchies,Chips,Corn Chips,Roasted,Cream & Onion,g,90.0,45,41.19,30.44,8.5,180,Ambient,12,False,Available,4.3,Regular
P000531,DOT-FAC-HYD-500-2,Dot & Key Face Serum Liquid Serum Hydrating Hyaluronic Acid 50.0 ml,Dot & Key,Premium,Beauty & Personal Care,Skin Care,Face Serum,Liquid Serum,Hydrating,Hyaluronic Acid,ml,50.0,739,647.43,323.85,12.4,730,Ambient,18,False,Discontinued,4.5,Regular
P000532,UNB-CHI-WIT-5000,Unbranded Chicken Curry Cut With Skin 500.0 g,Unbranded,Budget,Meat & Fish,Chicken,Chicken,Curry Cut,With Skin,Not Applicable,g,500.0,265,262.86,192.18,0.8,3,Refrigerated,5,True,Available,4.1,Regular
P000533,MIN-FAC-ANT-300,Minimalist Face Serum Liquid Serum Anti-Acne Vitamin C 30.0 ml,Minimalist,Premium,Beauty & Personal Care,Skin Care,Face Serum,Liquid Serum,Anti-Acne,Vitamin C,ml,30.0,629,566.84,344.21,9.9,730,Ambient,18,False,Available,4.6,Regular
P000534,MIL-MIL-ORG-10,Milky Mist Buffalo Milk Organic Plain 1.0 L,Milky Mist,Popular,"Dairy, Bread & Eggs",Milk,Milk,Buffalo Milk,Organic,Plain,L,1.0,79,61.01,40.83,22.8,2,Refrigerated,0,True,Available,4.5,Regular
P000535,FOR-CHA-GLU-300,Fortune Chakki Atta Maida Gluten Free 30.0 kg,Fortune,Popular,Staples & Grocery,Atta,Chakki Atta,Maida,Gluten Free,Not Applicable,kg,30.0,1875,1781.12,1257.3,5.0,90,Ambient,0,False,Available,4.4,Regular
P000536,PRI-CHI-ROA-900-2,Pringles Chips Extruded Snacks Roasted Cheese 90.0 g,Pringles,Premium,Snacks,Munchies,Chips,Extruded Snacks,Roasted,Cheese,g,90.0,45,41.56,31.4,7.7,180,Ambient,12,False,Available,4.8,Regular
P000537,BIN-CHI-ROA-300-1,Bingo Chips Extruded Snacks Roasted Magic Masala 30.0 g,Bingo,Budget,Snacks,Munchies,Chips,Extruded Snacks,Roasted,Magic Masala,g,30.0,17,15.63,11.16,8.1,180,Ambient,12,False,Available,3.9,Regular
P000538,MIL-MIL-SKI-10,Milky Mist Cow Milk Skimmed Plain 1.0 L,Milky Mist,Popular,"Dairy, Bread & Eggs",Milk,Milk,Cow Milk,Skimmed,Plain,L,1.0,75,62.85,47.12,16.2,2,Refrigerated,0,True,Available,4.6,Regular
P000539,DUR-BAT-AAA-40,Duracell Batteries Zinc Carbon AAA 4.0 pack,Duracell,Premium,Household Essentials,Electronics,Batteries,Zinc Carbon,AAA,Not Applicable,pack,4.0,119,107.64,80.24,9.6,3650,Ambient,18,False,Available,4.5,Seasonal
P000540,FAR-TOM-REG-5000-1,Farm Fresh Tomato Cherry Regular 500.0 g,Farm Fresh,Popular,Fruits & Vegetables,Fresh Vegetables,Tomato,Cherry,Regular,Not Applicable,g,500.0,25,21.34,18.05,14.7,4,Ambient,0,True,Available,4.3,Regular
P000541,NAT-CHA-SHA-10,Nature Fresh Chakki Atta Maida Sharbati 1.0 kg,Nature Fresh,Popular,Staples & Grocery,Atta,Chakki Atta,Maida,Sharbati,Not Applicable,kg,1.0,69,63.12,45.19,8.5,90,Ambient,0,False,Available,4.5,Regular
P000542,MAM-FAC-ANT-300-3,Mamaearth Face Serum Liquid Serum Anti-Acne Hyaluronic Acid 30.0 ml,Mamaearth,Popular,Beauty & Personal Care,Skin Care,Face Serum,Liquid Serum,Anti-Acne,Hyaluronic Acid,ml,30.0,455,341.14,201.98,25.0,730,Ambient,18,False,Available,4.5,Regular
P000543,MCC-FRI-CHI-7500-1,McCain Fries & Bites Nuggets Chicken Masala 750.0 g,McCain,Premium,Frozen Foods,Frozen Snacks,Fries & Bites,Nuggets,Chicken,Masala,g,750.0,339,309.3,207.02,8.8,180,Frozen,18,True,Available,4.8,Regular
P000544,THE-FAC-HYD-300-3,The Derma Co Face Serum Liquid Serum Hydrating Vitamin C 30.0 ml,The Derma Co,Premium,Beauty & Personal Care,Skin Care,Face Serum,Liquid Serum,Hydrating,Vitamin C,ml,30.0,699,637.46,405.37,8.8,730,Ambient,18,False,Available,4.9,Regular
P000545,AAS-CHA-SHA-10-1,Aashirvaad Chakki Atta Wheat Sharbati 1.0 kg,Aashirvaad,Premium,Staples & Grocery,Atta,Chakki Atta,Wheat,Sharbati,Not Applicable,kg,1.0,59,50.6,40.07,14.2,90,Ambient,0,False,Available,4.6,New Arrival
P000546,NIV-FAC-HYD-500-1,Nivea Face Serum Gel Hydrating Hyaluronic Acid 50.0 ml,Nivea,Popular,Beauty & Personal Care,Skin Care,Face Serum,Gel,Hydrating,Hyaluronic Acid,ml,50.0,779,720.52,384.82,7.5,730,Ambient,18,False,Available,4.4,Regular
P000547,ITC-FRI-CHI-7500-5,ITC Master Chef Fries & Bites French Fries Chicken Classic 750.0 g,ITC Master Chef,Popular,Frozen Foods,Frozen Snacks,Fries & Bites,French Fries,Chicken,Classic,g,750.0,305,206.24,137.17,32.4,180,Frozen,18,True,Low Stock,4.4,Regular
P000548,AAS-CHA-SHA-200,Aashirvaad Chakki Atta Multigrain Sharbati 20.0 kg,Aashirvaad,Premium,Staples & Grocery,Atta,Chakki Atta,Multigrain,Sharbati,Not Applicable,kg,20.0,1035,861.81,599.83,16.7,90,Ambient,0,False,Available,4.9,Regular
P000549,NAT-CHA-GLU-12-1,Nature Fresh Chakki Atta Maida Gluten Free 1.2 kg,Nature Fresh,Popular,Staples & Grocery,Atta,Chakki Atta,Maida,Gluten Free,Not Applicable,kg,1.2,95,94.11,62.81,0.9,90,Ambient,0,False,Available,4.2,Regular
P000550,NIV-FAC-ANT-62,Nivea Face Serum Gel Anti-Acne Salicylic Acid 62 ml,Nivea,Popular,Beauty & Personal Care,Skin Care,Face Serum,Gel,Anti-Acne,Salicylic Acid,ml,62.0,945,833.6,423.76,11.8,730,Ambient,18,False,Available,4.2,Regular
P000551,NIV-FAC-BRI-500,Nivea Face Serum Liquid Serum Brightening Hyaluronic Acid 50.0 ml,Nivea,Popular,Beauty & Personal Care,Skin Care,Face Serum,Liquid Serum,Brightening,Hyaluronic Acid,ml,50.0,665,661.28,443.33,0.6,730,Ambient,18,False,Available,4.3,Regular
P000552,FOR-CHA-SEL-100-1,Fortune Chakki Atta Wheat Select 10.0 kg,Fortune,Popular,Staples & Grocery,Atta,Chakki Atta,Wheat,Select,Not Applicable,kg,10.0,489,441.27,351.51,9.8,90,Ambient,0,False,Available,4.4,New Arrival
P000553,NAT-CHA-GLU-125-1,Nature Fresh Chakki Atta Multigrain Gluten Free 12.5 kg,Nature Fresh,Popular,Staples & Grocery,Atta,Chakki Atta,Multigrain,Gluten Free,Not Applicable,kg,12.5,769,620.45,452.25,19.3,90,Ambient,0,False,Available,4.4,Regular
P000554,NAT-CHA-SHA-300-1,Nature Fresh Chakki Atta Maida Sharbati 30.0 kg,Nature Fresh,Popular,Staples & Grocery,Atta,Chakki Atta,Maida,Sharbati,Not Applicable,kg,30.0,1909,1811.5,1397.83,5.1,90,Ambient,0,False,Available,4.2,Regular
P000555,PHI-BAT-AAA-40,Philips Batteries Zinc Carbon AAA 4.0 pack,Philips,Premium,Household Essentials,Electronics,Batteries,Zinc Carbon,AAA,Not Applicable,pack,4.0,155,104.59,75.52,32.5,3650,Ambient,18,False,Available,4.6,Seasonal
P000556,LAY-CHI-BAK-1500-3,Lay's Potato Chips Baked Cheese 150.0 g,Lay's,Popular,Snacks,Munchies,Chips,Potato Chips,Baked,Cheese,g,150.0,89,62.45,42.59,29.8,180,Ambient,12,False,Available,4.4,New Arrival
P000557,LAY-CHI-FRI-300-3,Lay's Chips Extruded Snacks Fried Tomato 30.0 g,Lay's,Popular,Snacks,Munchies,Chips,Extruded Snacks,Fried,Tomato,g,30.0,17,16.55,11.88,2.7,180,Ambient,12,False,Available,4.4,Regular
P000558,FAR-ONI-REG-30-2,Farm Fresh Onion Red Regular 3.0 kg,Farm Fresh,Popular,Fruits & Vegetables,Fresh Vegetables,Onion,Red,Regular,Not Applicable,kg,3.0,139,92.47,75.77,33.5,4,Ambient,0,True,Available,4.5,Regular
P000559,LAY-CHI-FRI-1500-2,Lay's Corn Chips Fried Tomato 150.0 g,Lay's,Popular,Snacks,Munchies,Chips,Corn Chips,Fried,Tomato,g,150.0,65,56.08,42.44,13.7,180,Ambient,12,False,Available,4.5,Regular
P000560,ARI-DET-TOP-10-3,Ariel Detergent Powder Top Load Fresh Spring 1.0 kg,Ariel,Premium,Household Essentials,Cleaning Essentials,Detergent,Powder,Top Load,Fresh Spring,kg,1.0,129,120.72,79.26,6.4,730,Ambient,18,False,Available,4.7,Regular
P000561,FOR-CHA-SEL-10,Fortune Chakki Atta Wheat Select 1.0 kg,Fortune,Popular,Staples & Grocery,Atta,Chakki Atta,Wheat,Select,Not Applicable,kg,1.0,49,45.24,34.96,7.7,90,Ambient,0,False,Out Of Stock,4.3,Regular
P000562,VIM-DET-FRO-10-1,Vim Detergent Pods Front Load Lavender 1.0 kg,Vim,Popular,Household Essentials,Cleaning Essentials,Detergent,Pods,Front Load,Lavender,kg,1.0,209,169.19,115.19,19.0,730,Ambient,18,False,Available,4.3,Regular
P000563,FOR-CHA-GLU-200,Fortune Chakki Atta Besan Gluten Free 20.0 kg,Fortune,Popular,Staples & Grocery,Atta,Chakki Atta,Besan,Gluten Free,Not Applicable,kg,20.0,875,569.57,406.57,34.9,90,Ambient,0,False,Available,4.4,Regular
P000564,HAL-CHI-ROA-900,Haldiram's Chips Extruded Snacks Roasted Magic Masala 90.0 g,Haldiram's,Popular,Snacks,Munchies,Chips,Extruded Snacks,Roasted,Magic Masala,g,90.0,35,30.78,21.36,12.1,180,Ambient,12,False,Available,4.5,Regular
P000565,PAT-CHA-GLU-10,Patanjali Chakki Atta Maida Gluten Free 1.0 kg,Patanjali,Budget,Staples & Grocery,Atta,Chakki Atta,Maida,Gluten Free,Not Applicable,kg,1.0,79,74.47,54.57,5.7,90,Ambient,0,False,Available,4.3,Regular
P000566,HAL-CHI-BAK-300-4,Haldiram's Chips Extruded Snacks Baked Classic Salted 30.0 g,Haldiram's,Popular,Snacks,Munchies,Chips,Extruded Snacks,Baked,Classic Salted,g,30.0,15,14.91,11.87,0.6,180,Ambient,12,False,Available,4.6,Regular
P000567,FOR-CHA-GLU-300-1,Fortune Chakki Atta Wheat Gluten Free 30.0 kg,Fortune,Popular,Staples & Grocery,Atta,Chakki Atta,Wheat,Gluten Free,Not Applicable,kg,30.0,1939,1275.54,842.91,34.2,90,Ambient,0,False,Available,4.3,Seasonal
P000568,LAY-CHI-BAK-900-4,Lay's Chips Nachos Baked Cream & Onion 90.0 g,Lay's,Popular,Snacks,Munchies,Chips,Nachos,Baked,Cream & Onion,g,90.0,49,45.21,32.73,7.7,180,Ambient,12,False,Available,4.5,Regular
P000569,MAM-FAC-HYD-500-1,Mamaearth Face Serum Liquid Serum Hydrating Niacinamide 50.0 ml,Mamaearth,Popular,Beauty & Personal Care,Skin Care,Face Serum,Liquid Serum,Hydrating,Niacinamide,ml,50.0,715,647.22,327.54,9.5,730,Ambient,18,False,Available,4.5,Regular
P000570,DOT-FAC-BRI-300-1,Dot & Key Face Serum Gel Brightening Niacinamide 30.0 ml,Dot & Key,Premium,Beauty & Personal Care,Skin Care,Face Serum,Gel,Brightening,Niacinamide,ml,30.0,795,728.74,393.58,8.3,730,Ambient,18,False,Available,4.8,Regular
P000571,LIC-CHI-ANT-10,Licious Chicken Boneless Antibiotic Free 1.0 kg,Licious,Premium,Meat & Fish,Chicken,Chicken,Boneless,Antibiotic Free,Not Applicable,kg,1.0,529,520.04,407.27,1.7,3,Refrigerated,5,True,Available,4.7,Regular
P000572,ITC-FRI-CHI-4000-2,ITC Master Chef Fries & Bites Nuggets Chicken Spicy 400.0 g,ITC Master Chef,Popular,Frozen Foods,Frozen Snacks,Fries & Bites,Nuggets,Chicken,Spicy,g,400.0,125,114.51,89.6,8.4,180,Frozen,18,True,Available,4.2,Seasonal
P000573,NES-COF-CLA-500-2,Nescafé Coffee Powder Roast & Ground Classic Mocha 50.0 g,Nescafé,Popular,Beverages,Coffee,Coffee Powder,Roast & Ground,Classic,Mocha,g,50.0,119,117.69,87.84,1.1,365,Ambient,18,False,Available,4.3,Seasonal
P000574,BRU-COF-DEC-500-1,Bru Coffee Powder Filter Decaf Vanilla 50.0 g,Bru,Popular,Beverages,Coffee,Coffee Powder,Filter,Decaf,Vanilla,g,50.0,119,111.89,80.68,6.0,365,Ambient,18,False,Available,4.5,Regular
P000575,FAR-APP-WAX-10,Farm Fresh Apple Royal Gala Wax Free 1.0 kg,Farm Fresh,Popular,Fruits & Vegetables,Fresh Fruits,Apple,Royal Gala,Wax Free,Not Applicable,kg,1.0,285,267.96,225.53,6.0,5,Refrigerated,0,True,Available,4.5,Regular
P000576,NES-COF-CLA-1000-3,Nescafé Coffee Powder Instant Classic Mocha 100.0 g,Nescafé,Popular,Beverages,Coffee,Coffee Powder,Instant,Classic,Mocha,g,100.0,285,271.35,177.36,4.8,365,Ambient,18,False,Available,4.4,Seasonal
P000577,KUR-CHI-BAK-300-3,Kurkure Chips Nachos Baked Tomato 30.0 g,Kurkure,Popular,Snacks,Munchies,Chips,Nachos,Baked,Tomato,g,30.0,15,12.6,9.11,16.0,180,Ambient,12,False,Available,4.2,Regular
P000578,BIN-CHI-BAK-1500-3,Bingo Chips Nachos Baked Magic Masala 150.0 g,Bingo,Budget,Snacks,Munchies,Chips,Nachos,Baked,Magic Masala,g,150.0,95,81.72,56.6,14.0,180,Ambient,12,False,Available,4.0,Regular
P000579,MCC-FRI-VEG-4000-3,McCain Fries & Bites Cheese Balls Veg Masala 400.0 g,McCain,Premium,Frozen Foods,Frozen Snacks,Fries & Bites,Cheese Balls,Veg,Masala,g,400.0,159,158.9,118.9,0.1,180,Frozen,18,True,Available,4.6,Regular
P000580,HAL-CHI-FRI-300-3,Haldiram's Corn Chips Fried Cheese 30.0 g,Haldiram's,Popular,Snacks,Munchies,Chips,Corn Chips,Fried,Cheese,g,30.0,14,13.61,10.45,2.8,180,Ambient,12,False,Available,4.6,Regular
P000581,DUR-BAT-9V-20,Duracell Batteries Alkaline 9V 2.0 pack,Duracell,Premium,Household Essentials,Electronics,Batteries,Alkaline,9V,Not Applicable,pack,2.0,75,64.38,47.23,14.2,3650,Ambient,18,False,Available,4.6,Regular
P000582,AAS-CHA-GLU-75,Aashirvaad Chakki Atta Wheat Gluten Free 7.5 kg,Aashirvaad,Premium,Staples & Grocery,Atta,Chakki Atta,Wheat,Gluten Free,Not Applicable,kg,7.5,499,476.6,329.19,4.5,90,Ambient,0,False,Available,4.7,Regular
P000583,UNB-TOM-REG-10,Unbranded Tomato Hybrid Regular 1.0 kg,Unbranded,Budget,Fruits & Vegetables,Fresh Vegetables,Tomato,Hybrid,Regular,Not Applicable,kg,1.0,65,63.06,52.7,3.0,4,Ambient,0,True,Available,4.0,Regular
P000584,FOR-CHA-SEL-10-1,Fortune Chakki Atta Besan Select 1.0 kg,Fortune,Popular,Staples & Grocery,Atta,Chakki Atta,Besan,Select,Not Applicable,kg,1.0,79,76.93,57.67,2.6,90,Ambient,0,False,Available,4.6,Regular
P000585,THE-FAC-ANT-500-1,The Derma Co Face Serum Gel Anti-Acne Vitamin C 50.0 ml,The Derma Co,Premium,Beauty & Personal Care,Skin Care,Face Serum,Gel,Anti-Acne,Vitamin C,ml,50.0,835,819.31,572.43,1.9,730,Ambient,18,False,Available,4.8,Seasonal
P000586,PRI-CHI-BAK-300-1,Pringles Chips Nachos Baked Cheese 30.0 g,Pringles,Premium,Snacks,Munchies,Chips,Nachos,Baked,Cheese,g,30.0,13,11.47,8.38,11.7,180,Ambient,12,False,Low Stock,4.7,Regular
P000587,LIC-CHI-ANT-10-1,Licious Chicken Mince Antibiotic Free 1.0 kg,Licious,Premium,Meat & Fish,Chicken,Chicken,Mince,Antibiotic Free,Not Applicable,kg,1.0,525,519.77,350.93,1.0,3,Refrigerated,5,True,Available,4.6,Regular
P000588,AMU-FRI-CHI-7500-3,Amul Fries & Bites French Fries Chicken Spicy 750.0 g,Amul,Popular,Frozen Foods,Frozen Snacks,Fries & Bites,French Fries,Chicken,Spicy,g,750.0,299,244.5,184.52,18.2,180,Frozen,18,True,Available,4.4,Regular
P000589,ZES-APP-WAX-10-1,Zespri Apple Washington Wax Free 1.0 kg,Zespri,Premium,Fruits & Vegetables,Fresh Fruits,Apple,Washington,Wax Free,Not Applicable,kg,1.0,249,239.79,198.44,3.7,5,Refrigerated,0,True,Available,4.8,Regular
P000590,UNB-TOM-ORG-30-1,Unbranded Tomato Cherry Organic 3.0 kg,Unbranded,Budget,Fruits & Vegetables,Fresh Vegetables,Tomato,Cherry,Organic,Not Applicable,kg,3.0,99,92.56,72.75,6.5,4,Ambient,0,True,Available,4.1,Regular
P000591,LAY-CHI-ROA-1500-3,Lay's Corn Chips Roasted Classic Salted 150.0 g,Lay's,Popular,Snacks,Munchies,Chips,Corn Chips,Roasted,Classic Salted,g,150.0,59,54.09,40.94,8.3,180,Ambient,12,False,Available,4.3,Regular
P000592,BEV-COF-GOL-300,Bevzilla Coffee Powder Filter Gold Vanilla 300 g,Bevzilla,Premium,Beverages,Coffee,Coffee Powder,Filter,Gold,Vanilla,g,300.0,995,699.77,556.83,29.7,365,Ambient,18,False,Available,4.8,Regular
P000593,AAS-CHA-SEL-10,Aashirvaad Chakki Atta Wheat Select 1.0 kg,Aashirvaad,Premium,Staples & Grocery,Atta,Chakki Atta,Wheat,Select,Not Applicable,kg,1.0,59,47.37,33.64,19.7,90,Ambient,0,False,Available,4.6,Regular
P000594,PRI-CHI-BAK-900-4,Pringles Corn Chips Baked Cheese 90.0 g,Pringles,Premium,Snacks,Munchies,Chips,Corn Chips,Baked,Cheese,g,90.0,39,33.4,25.43,14.4,180,Ambient,12,False,Available,4.8,New Arrival
P000595,AMU-FRI-VEG-7500-1,Amul Fries & Bites Aloo Tikki Veg Masala 750.0 g,Amul,Popular,Frozen Foods,Frozen Snacks,Fries & Bites,Aloo Tikki,Veg,Masala,g,750.0,375,340.91,253.64,9.1,180,Frozen,18,True,Available,4.5,Regular
P000596,PAT-CHA-GLU-150-1,Patanjali Chakki Atta Multigrain Gluten Free 15.0 kg,Patanjali,Budget,Staples & Grocery,Atta,Chakki Atta,Multigrain,Gluten Free,Not Applicable,kg,15.0,609,463.49,330.35,23.9,90,Ambient,0,False,Available,3.9,Regular
P000597,THE-FAC-ANT-500-2,The Derma Co Face Serum Liquid Serum Anti-Acne Hyaluronic Acid 50.0 ml,The Derma Co,Premium,Beauty & Personal Care,Skin Care,Face Serum,Liquid Serum,Anti-Acne,Hyaluronic Acid,ml,50.0,779,752.0,472.65,3.5,730,Ambient,18,False,Available,4.5,Regular
P000598,HAL-CHI-ROA-1500-1,Haldiram's Corn Chips Roasted Cheese 150.0 g,Haldiram's,Popular,Snacks,Munchies,Chips,Corn Chips,Roasted,Cheese,g,150.0,75,62.73,41.2,16.4,180,Ambient,12,False,Available,4.2,Regular
P000599,MIN-FAC-HYD-500-1,Minimalist Face Serum Liquid Serum Hydrating Hyaluronic Acid 50.0 ml,Minimalist,Premium,Beauty & Personal Care,Skin Care,Face Serum,Liquid Serum,Hydrating,Hyaluronic Acid,ml,50.0,715,692.16,473.88,3.2,730,Ambient,18,False,Available,4.6,Regular
P000600,REL-CHI-SKI-2500-1,Relish Chicken Boneless Skinless 250.0 g,Relish,Popular,Meat & Fish,Chicken,Chicken,Boneless,Skinless,Not Applicable,g,250.0,125,120.22,85.38,3.8,3,Refrigerated,5,True,Available,4.3,Regular
P000601,MAM-FAC-BRI-500-2,Mamaearth Face Serum Liquid Serum Brightening Vitamin C 50.0 ml,Mamaearth,Popular,Beauty & Personal Care,Skin Care,Face Serum,Liquid Serum,Brightening,Vitamin C,ml,50.0,729,548.62,291.32,24.7,730,Ambient,18,False,Available,4.5,Regular
P000602,MAM-DIA-ALO-300,MamyPoko Diapers Taped Aloe Vera Enriched 30.0 pack,MamyPoko,Popular,Baby Care,Baby Diapers & Wipes,Diapers,Taped,Aloe Vera Enriched,Not Applicable,pack,30.0,405,370.62,276.34,8.5,1095,Ambient,12,False,Available,4.4,Regular
P000603,REL-CHI-SKI-10,Relish Chicken Wings Skinless 1.0 kg,Relish,Popular,Meat & Fish,Chicken,Chicken,Wings,Skinless,Not Applicable,kg,1.0,375,332.11,258.87,11.4,3,Refrigerated,5,True,Available,4.3,Regular
P000604,BIN-CHI-ROA-300-2,Bingo Chips Nachos Roasted Tomato 30.0 g,Bingo,Budget,Snacks,Munchies,Chips,Nachos,Roasted,Tomato,g,30.0,18,17.63,11.67,2.1,180,Ambient,12,False,Available,3.9,Regular
P000605,MIN-FAC-BRI-500-3,Minimalist Face Serum Gel Brightening Vitamin C 50.0 ml,Minimalist,Premium,Beauty & Personal Care,Skin Care,Face Serum,Gel,Brightening,Vitamin C,ml,50.0,685,633.51,338.09,7.5,730,Ambient,18,False,Available,4.8,Regular
P000606,BEV-COF-GOL-300-1,Bevzilla Coffee Powder Instant Gold Vanilla 300 g,Bevzilla,Premium,Beverages,Coffee,Coffee Powder,Instant,Gold,Vanilla,g,300.0,785,546.79,359.31,30.3,365,Ambient,18,False,Available,4.8,Regular
P000607,BRU-COF-DEC-125,Bru Coffee Powder Filter Decaf Hazelnut 125 g,Bru,Popular,Beverages,Coffee,Coffee Powder,Filter,Decaf,Hazelnut,g,125.0,365,302.87,205.83,17.0,365,Ambient,18,False,Available,4.4,Regular
P000608,DUR-BAT-AAA-20,Duracell Batteries Alkaline AAA 2.0 pack,Duracell,Premium,Household Essentials,Electronics,Batteries,Alkaline,AAA,Not Applicable,pack,2.0,85,84.5,65.94,0.6,3650,Ambient,18,False,Available,4.5,Regular
P000609,MIN-FAC-BRI-300,Minimalist Face Serum Liquid Serum Brightening Vitamin C 30.0 ml,Minimalist,Premium,Beauty & Personal Care,Skin Care,Face Serum,Liquid Serum,Brightening,Vitamin C,ml,30.0,539,447.85,301.04,16.9,730,Ambient,18,False,Available,4.7,Regular
P000610,LAY-CHI-ROA-300-1,Lay's Corn Chips Roasted Classic Salted 30.0 g,Lay's,Popular,Snacks,Munchies,Chips,Corn Chips,Roasted,Classic Salted,g,30.0,20,14.43,9.44,27.8,180,Ambient,12,False,Available,4.3,Regular
P000611,THE-FAC-ANT-300-2,The Derma Co Face Serum Gel Anti-Acne Niacinamide 30.0 ml,The Derma Co,Premium,Beauty & Personal Care,Skin Care,Face Serum,Gel,Anti-Acne,Niacinamide,ml,30.0,519,357.24,241.59,31.2,730,Ambient,18,False,Available,4.6,Regular
P000612,AKS-MIL-LAC-5000,Akshayakalpa Buffalo Milk Lactose Free Plain 500.0 ml,Akshayakalpa,Premium,"Dairy, Bread & Eggs",Milk,Milk,Buffalo Milk,Lactose Free,Plain,ml,500.0,39,32.42,24.44,16.9,2,Refrigerated,0,True,Available,4.6,Regular
P000613,NAT-CHA-SHA-150-2,Nature Fresh Chakki Atta Besan Sharbati 15.0 kg,Nature Fresh,Popular,Staples & Grocery,Atta,Chakki Atta,Besan,Sharbati,Not Applicable,kg,15.0,1129,1105.02,757.54,2.1,90,Ambient,0,False,Available,4.2,New Arrival
P000614,HUG-DIA-ALO-300,Huggies Diapers Pant Style Aloe Vera Enriched 30.0 pack,Huggies,Popular,Baby Care,Baby Diapers & Wipes,Diapers,Pant Style,Aloe Vera Enriched,Not Applicable,pack,30.0,355,328.65,241.66,7.4,1095,Ambient,12,False,Available,4.3,Regular
P000615,BEV-COF-DEC-500-3,Bevzilla Coffee Powder Filter Decaf Original 50.0 g,Bevzilla,Premium,Beverages,Coffee,Coffee Powder,Filter,Decaf,Original,g,50.0,79,72.44,51.51,8.3,365,Ambient,18,False,Available,4.7,New Arrival
P000616,PAT-CHA-SHA-20,Patanjali Chakki Atta Besan Sharbati 2.0 kg,Patanjali,Budget,Staples & Grocery,Atta,Chakki Atta,Besan,Sharbati,Not Applicable,kg,2.0,155,146.91,110.88,5.2,90,Ambient,0,False,Available,3.8,Regular
P000617,LAY-CHI-BAK-300,Lay's Potato Chips Baked Cream & Onion 30.0 g,Lay's,Popular,Snacks,Munchies,Chips,Potato Chips,Baked,Cream & Onion,g,30.0,11,8.6,6.1,21.9,180,Ambient,12,False,Available,4.4,Regular
P000618,PRI-CHI-FRI-1500-4,Pringles Chips Nachos Fried Magic Masala 150.0 g,Pringles,Premium,Snacks,Munchies,Chips,Nachos,Fried,Magic Masala,g,150.0,65,54.14,43.07,16.7,180,Ambient,12,False,Available,4.6,Regular
P000619,PHI-BAT-AA-40,Philips Batteries Alkaline AA 4.0 pack,Philips,Premium,Household Essentials,Electronics,Batteries,Alkaline,AA,Not Applicable,pack,4.0,149,113.0,80.57,24.2,3650,Ambient,18,False,Available,4.6,Regular
P000620,HAL-CHI-FRI-300-4,Haldiram's Chips Extruded Snacks Fried Magic Masala 30.0 g,Haldiram's,Popular,Snacks,Munchies,Chips,Extruded Snacks,Fried,Magic Masala,g,30.0,19,17.31,12.26,8.9,180,Ambient,12,False,Available,4.4,Regular
P000621,HAL-CHI-BAK-1500-5,Haldiram's Chips Extruded Snacks Baked Cheese 150.0 g,Haldiram's,Popular,Snacks,Munchies,Chips,Extruded Snacks,Baked,Cheese,g,150.0,55,44.99,30.84,18.2,180,Ambient,12,False,Available,4.4,Regular
P000622,MAM-FAC-BRI-300,Mamaearth Face Serum Gel Brightening Hyaluronic Acid 30.0 ml,Mamaearth,Popular,Beauty & Personal Care,Skin Care,Face Serum,Gel,Brightening,Hyaluronic Acid,ml,30.0,685,617.72,411.18,9.8,730,Ambient,18,False,Out Of Stock,4.5,New Arrival
P000623,NAT-CHA-SEL-100,Nature Fresh Chakki Atta Multigrain Select 10.0 kg,Nature Fresh,Popular,Staples & Grocery,Atta,Chakki Atta,Multigrain,Select,Not Applicable,kg,10.0,399,384.53,254.31,3.6,90,Ambient,0,False,Available,4.6,Regular
P000624,BRU-COF-DEC-1000-1,Bru Coffee Powder Filter Decaf Hazelnut 100.0 g,Bru,Popular,Beverages,Coffee,Coffee Powder,Filter,Decaf,Hazelnut,g,100.0,319,271.96,189.09,14.7,365,Ambient,18,False,Available,4.3,Regular
P000625,REL-CHI-WIT-10,Relish Chicken Drumsticks With Skin 1.0 kg,Relish,Popular,Meat & Fish,Chicken,Chicken,Drumsticks,With Skin,Not Applicable,kg,1.0,459,433.59,292.58,5.5,3,Refrigerated,5,True,Available,4.6,Regular
P000626,MAM-FAC-HYD-300-2,Mamaearth Face Serum Gel Hydrating Salicylic Acid 30.0 ml,Mamaearth,Popular,Beauty & Personal Care,Skin Care,Face Serum,Gel,Hydrating,Salicylic Acid,ml,30.0,569,525.92,325.27,7.6,730,Ambient,18,False,Available,4.5,Regular
P000627,DOT-FAC-ANT-500-1,Dot & Key Face Serum Liquid Serum Anti-Acne Niacinamide 50.0 ml,Dot & Key,Premium,Beauty & Personal Care,Skin Care,Face Serum,Liquid Serum,Anti-Acne,Niacinamide,ml,50.0,725,671.86,400.47,7.3,730,Ambient,18,False,Available,4.7,Regular
P000628,HAL-CHI-FRI-900-2,Haldiram's Corn Chips Fried Cream & Onion 90.0 g,Haldiram's,Popular,Snacks,Munchies,Chips,Corn Chips,Fried,Cream & Onion,g,90.0,35,26.49,18.32,24.3,180,Ambient,12,False,Available,4.2,Regular
P000629,NAT-CHA-SHA-75,Nature Fresh Chakki Atta Maida Sharbati 7.5 kg,Nature Fresh,Popular,Staples & Grocery,Atta,Chakki Atta,Maida,Sharbati,Not Applicable,kg,7.5,439,430.55,314.93,1.9,90,Ambient,0,False,Available,4.5,Regular
P000630,BRU-COF-CLA-1000-1,Bru Coffee Powder Roast & Ground Classic Vanilla 100.0 g,Bru,Popular,Beverages,Coffee,Coffee Powder,Roast & Ground,Classic,Vanilla,g,100.0,285,258.76,198.24,9.2,365,Ambient,18,False,Available,4.4,Seasonal
P000631,MIN-FAC-HYD-500-2,Minimalist Face Serum Liquid Serum Hydrating Vitamin C 50.0 ml,Minimalist,Premium,Beauty & Personal Care,Skin Care,Face Serum,Liquid Serum,Hydrating,Vitamin C,ml,50.0,989,967.84,511.64,2.1,730,Ambient,18,False,Available,4.9,Regular
P000632,NIV-FAC-HYD-300-1,Nivea Face Serum Gel Hydrating Vitamin C 30.0 ml,Nivea,Popular,Beauty & Personal Care,Skin Care,Face Serum,Gel,Hydrating,Vitamin C,ml,30.0,719,649.29,406.79,9.7,730,Ambient,18,False,Available,4.2,Regular
P000633,COU-MIL-TON-10-1,Country Delight A2 Milk Toned Plain 1.0 L,Country Delight,Premium,"Dairy, Bread & Eggs",Milk,Milk,A2 Milk,Toned,Plain,L,1.0,75,62.46,46.25,16.7,2,Refrigerated,0,True,Available,4.7,Regular
P000634,DOT-FAC-BRI-300-2,Dot & Key Face Serum Liquid Serum Brightening Hyaluronic Acid 30.0 ml,Dot & Key,Premium,Beauty & Personal Care,Skin Care,Face Serum,Liquid Serum,Brightening,Hyaluronic Acid,ml,30.0,669,594.12,368.97,11.2,730,Ambient,18,False,Available,4.8,Regular
P000635,ACC-HEA-SMA-10,Accu-Chek Health Monitor Glucometer Smart Bluetooth 1.0 pc,Accu-Chek,Premium,Pharmacy,Medical Devices,Health Monitor,Glucometer,Smart Bluetooth,Not Applicable,pc,1.0,3425,2828.56,2025.63,17.4,1825,Ambient,18,False,Available,4.6,Regular
P000636,PAT-CHA-SEL-30,Patanjali Chakki Atta Multigrain Select 3.0 kg,Patanjali,Budget,Staples & Grocery,Atta,Chakki Atta,Multigrain,Select,Not Applicable,kg,3.0,169,158.87,122.32,6.0,90,Ambient,0,False,Low Stock,4.2,Regular
P000637,NES-COF-CLA-1000-4,Nescafé Coffee Powder Roast & Ground Classic Original 100.0 g,Nescafé,Popular,Beverages,Coffee,Coffee Powder,Roast & Ground,Classic,Original,g,100.0,229,214.88,158.21,6.2,365,Ambient,18,False,Available,4.4,Regular
P000638,PAT-CHA-SEL-100,Patanjali Chakki Atta Maida Select 10.0 kg,Patanjali,Budget,Staples & Grocery,Atta,Chakki Atta,Maida,Select,Not Applicable,kg,10.0,679,465.19,330.73,31.5,90,Ambient,0,False,Discontinued,4.2,Regular
P000639,ARI-DET-HAN-10,Ariel Detergent Powder Hand Wash Lemon 1.0 kg,Ariel,Premium,Household Essentials,Cleaning Essentials,Detergent,Powder,Hand Wash,Lemon,kg,1.0,219,197.72,147.61,9.7,730,Ambient,18,False,Available,4.8,Regular
P000640,ZES-APP-WAX-15,Zespri Apple Kashmiri Wax Free 1.5 kg,Zespri,Premium,Fruits & Vegetables,Fresh Fruits,Apple,Kashmiri,Wax Free,Not Applicable,kg,1.5,469,375.79,300.2,19.9,5,Refrigerated,0,True,Available,4.6,Regular
P000641,UNB-ONI-PRE-100,Unbranded Onion Sambhar Premium Grade 10.0 kg,Unbranded,Budget,Fruits & Vegetables,Fresh Vegetables,Onion,Sambhar,Premium Grade,Not Applicable,kg,10.0,405,359.55,288.02,11.2,4,Ambient,0,True,Available,3.9,Regular
P000642,DOT-FAC-HYD-500-3,Dot & Key Face Serum Gel Hydrating Vitamin C 50.0 ml,Dot & Key,Premium,Beauty & Personal Care,Skin Care,Face Serum,Gel,Hydrating,Vitamin C,ml,50.0,975,924.8,510.9,5.1,730,Ambient,18,False,Available,4.8,Regular
P000643,PAT-CHA-SEL-100-1,Patanjali Chakki Atta Wheat Select 10.0 kg,Patanjali,Budget,Staples & Grocery,Atta,Chakki Atta,Wheat,Select,Not Applicable,kg,10.0,559,501.6,387.8,10.3,90,Ambient,0,False,Available,4.1,Regular
P000644,BRU-COF-CLA-1000-2,Bru Coffee Powder Roast & Ground Classic Mocha 100.0 g,Bru,Popular,Beverages,Coffee,Coffee Powder,Roast & Ground,Classic,Mocha,g,100.0,215,211.75,149.6,1.5,365,Ambient,18,False,Available,4.5,Regular
P000645,MAM-FAC-HYD-300-3,Mamaearth Face Serum Gel Hydrating Niacinamide 30.0 ml,Mamaearth,Popular,Beauty & Personal Care,Skin Care,Face Serum,Gel,Hydrating,Niacinamide,ml,30.0,659,558.84,336.18,15.2,730,Ambient,18,False,Available,4.4,Regular
P000646,BIN-CHI-BAK-900-3,Bingo Corn Chips Baked Tomato 90.0 g,Bingo,Budget,Snacks,Munchies,Chips,Corn Chips,Baked,Tomato,g,90.0,35,29.76,21.55,15.0,180,Ambient,12,False,Available,4.1,Regular
P000647,MEI-CHI-WIT-10-2,Meister Chicken Mince With Skin 1.0 kg,Meister,Popular,Meat & Fish,Chicken,Chicken,Mince,With Skin,Not Applicable,kg,1.0,499,460.56,367.23,7.7,3,Refrigerated,5,True,Available,4.5,Regular
P000648,FAR-APP-WAX-70,Farm Fresh Apple Royal Gala Wax Free 7.0 pc,Farm Fresh,Popular,Fruits & Vegetables,Fresh Fruits,Apple,Royal Gala,Wax Free,Not Applicable,pc,7.0,479,433.97,363.7,9.4,5,Refrigerated,0,True,Available,4.4,Regular
P000649,AAS-CHA-SHA-20,Aashirvaad Chakki Atta Wheat Sharbati 2.0 kg,Aashirvaad,Premium,Staples & Grocery,Atta,Chakki Atta,Wheat,Sharbati,Not Applicable,kg,2.0,149,127.51,101.32,14.4,90,Ambient,0,False,Available,4.6,Regular
P000650,NIV-FAC-HYD-500-2,Nivea Face Serum Liquid Serum Hydrating Salicylic Acid 50.0 ml,Nivea,Popular,Beauty & Personal Care,Skin Care,Face Serum,Liquid Serum,Hydrating,Salicylic Acid,ml,50.0,859,825.53,431.8,3.9,730,Ambient,18,False,Available,4.3,Regular
P000651,PAT-CHA-SEL-50-2,Patanjali Chakki Atta Wheat Select 5.0 kg,Patanjali,Budget,Staples & Grocery,Atta,Chakki Atta,Wheat,Select,Not Applicable,kg,5.0,279,274.64,203.68,1.6,90,Ambient,0,False,Available,4.2,Regular
P000652,MAM-FAC-HYD-500-2,Mamaearth Face Serum Gel Hydrating Salicylic Acid 50.0 ml,Mamaearth,Popular,Beauty & Personal Care,Skin Care,Face Serum,Gel,Hydrating,Salicylic Acid,ml,50.0,825,702.03,413.67,14.9,730,Ambient,18,False,Discontinued,4.4,New Arrival
P000653,HUG-DIA-PRE-740,Huggies Diapers Taped Premium Care 74.0 pack,Huggies,Popular,Baby Care,Baby Diapers & Wipes,Diapers,Taped,Premium Care,Not Applicable,pack,74.0,1919,1619.2,1257.4,15.6,1095,Ambient,12,False,Available,4.2,Regular
P000654,REL-CHI-WIT-10-1,Relish Chicken Boneless With Skin 1.0 kg,Relish,Popular,Meat & Fish,Chicken,Chicken,Boneless,With Skin,Not Applicable,kg,1.0,349,293.47,218.15,15.9,3,Refrigerated,5,True,Available,4.5,Regular
P000655,LAY-CHI-FRI-1500-3,Lay's Corn Chips Fried Cream & Onion 150.0 g,Lay's,Popular,Snacks,Munchies,Chips,Corn Chips,Fried,Cream & Onion,g,150.0,105,91.51,72.36,12.8,180,Ambient,12,False,Available,4.4,Regular
P000656,AMU-FRI-VEG-7500-2,Amul Fries & Bites French Fries Veg Classic 750.0 g,Amul,Popular,Frozen Foods,Frozen Snacks,Fries & Bites,French Fries,Veg,Classic,g,750.0,239,206.34,140.02,13.7,180,Frozen,18,True,Available,4.4,Regular
P000657,AMU-MIL-SKI-5000,Amul Cow Milk Skimmed Plain 500.0 ml,Amul,Popular,"Dairy, Bread & Eggs",Milk,Milk,Cow Milk,Skimmed,Plain,ml,500.0,39,35.83,26.62,8.1,2,Refrigerated,0,True,Available,4.4,Regular
P000658,NIV-FAC-BRI-300-1,Nivea Face Serum Gel Brightening Vitamin C 30.0 ml,Nivea,Popular,Beauty & Personal Care,Skin Care,Face Serum,Gel,Brightening,Vitamin C,ml,30.0,795,682.75,470.22,14.1,730,Ambient,18,False,Available,4.3,Regular
P000659,MEI-CHI-ANT-10,Meister Chicken Boneless Antibiotic Free 1.0 kg,Meister,Popular,Meat & Fish,Chicken,Chicken,Boneless,Antibiotic Free,Not Applicable,kg,1.0,339,316.76,249.37,6.6,3,Refrigerated,5,True,Low Stock,4.5,Regular
P000660,BEV-COF-CLA-500-1,Bevzilla Coffee Powder Instant Classic Mocha 50.0 g,Bevzilla,Premium,Beverages,Coffee,Coffee Powder,Instant,Classic,Mocha,g,50.0,139,131.25,101.66,5.6,365,Ambient,18,False,Available,4.7,Regular
P000661,NIV-FAC-BRI-500-1,Nivea Face Serum Gel Brightening Salicylic Acid 50.0 ml,Nivea,Popular,Beauty & Personal Care,Skin Care,Face Serum,Gel,Brightening,Salicylic Acid,ml,50.0,615,594.77,366.08,3.3,730,Ambient,18,False,Available,4.4,Regular
P000662,DOT-FAC-HYD-300-1,Dot & Key Face Serum Liquid Serum Hydrating Salicylic Acid 30.0 ml,Dot & Key,Premium,Beauty & Personal Care,Skin Care,Face Serum,Liquid Serum,Hydrating,Salicylic Acid,ml,30.0,565,536.17,324.95,5.1,730,Ambient,18,False,Available,4.5,Regular
P000663,SUR-DET-FRO-10-1,Surf Excel Detergent Pods Front Load Lemon 1.0 L,Surf Excel,Premium,Household Essentials,Cleaning Essentials,Detergent,Pods,Front Load,Lemon,L,1.0,235,198.1,148.9,15.7,730,Ambient,18,False,Available,4.5,Regular
P000664,BIN-CHI-BAK-300-6,Bingo Chips Nachos Baked Cheese 30.0 g,Bingo,Budget,Snacks,Munchies,Chips,Nachos,Baked,Cheese,g,30.0,15,12.46,9.58,16.9,180,Ambient,12,False,Available,4.0,Regular
P000665,AKS-EGG-FRE-60,Akshayakalpa Table Eggs Free Range 6.0 pc,Akshayakalpa,Premium,"Dairy, Bread & Eggs",Eggs,Eggs,Table Eggs,Free Range,Not Applicable,pc,6.0,69,57.5,44.56,16.7,21,Refrigerated,0,True,Available,4.6,Regular
P000666,NES-COF-CLA-75,Nescafé Coffee Powder Roast & Ground Classic Hazelnut 75 g,Nescafé,Popular,Beverages,Coffee,Coffee Powder,Roast & Ground,Classic,Hazelnut,g,75.0,219,192.68,135.78,12.0,365,Ambient,18,False,Low Stock,4.6,Regular
P000667,BRU-COF-GOL-75,Bru Coffee Powder Roast & Ground Gold Original 75 g,Bru,Popular,Beverages,Coffee,Coffee Powder,Roast & Ground,Gold,Original,g,75.0,129,123.52,94.85,4.3,365,Ambient,18,False,Available,4.3,Regular
P000668,NAT-CHA-SHA-10-1,Nature Fresh Chakki Atta Multigrain Sharbati 1.0 kg,Nature Fresh,Popular,Staples & Grocery,Atta,Chakki Atta,Multigrain,Sharbati,Not Applicable,kg,1.0,55,50.67,34.42,7.9,90,Ambient,0,False,Available,4.4,Regular
P000669,KUR-CHI-FRI-300-1,Kurkure Chips Nachos Fried Tomato 30.0 g,Kurkure,Popular,Snacks,Munchies,Chips,Nachos,Fried,Tomato,g,30.0,20,18.28,13.04,8.6,180,Ambient,12,False,Available,4.4,Regular
P000670,MEI-CHI-ANT-10-1,Meister Chicken Mince Antibiotic Free 1.0 kg,Meister,Popular,Meat & Fish,Chicken,Chicken,Mince,Antibiotic Free,Not Applicable,kg,1.0,355,299.39,215.66,15.7,3,Refrigerated,5,True,Available,4.4,Regular
P000671,HUG-DIA-PRE-330-1,Huggies Diapers Taped Premium Care 33.0 pack,Huggies,Popular,Baby Care,Baby Diapers & Wipes,Diapers,Taped,Premium Care,Not Applicable,pack,33.0,1259,1254.17,848.37,0.4,1095,Ambient,12,False,Available,4.4,New Arrival
P000672,UNB-ONI-PRE-50-1,Unbranded Onion White Premium Grade 5.0 kg,Unbranded,Budget,Fruits & Vegetables,Fresh Vegetables,Onion,White,Premium Grade,Not Applicable,kg,5.0,179,173.06,141.68,3.3,4,Ambient,0,True,Available,4.0,Regular
P000673,BRU-COF-DEC-500-2,Bru Coffee Powder Roast & Ground Decaf Original 50.0 g,Bru,Popular,Beverages,Coffee,Coffee Powder,Roast & Ground,Decaf,Original,g,50.0,99,91.5,63.98,7.6,365,Ambient,18,False,Available,4.4,Regular
P000674,FAR-ONI-PRE-62,Farm Fresh Onion Sambhar Premium Grade 6.2 kg,Farm Fresh,Popular,Fruits & Vegetables,Fresh Vegetables,Onion,Sambhar,Premium Grade,Not Applicable,kg,6.2,329,275.44,219.91,16.3,4,Ambient,0,True,Low Stock,4.3,Regular
P000675,HAL-CHI-BAK-900-3,Haldiram's Potato Chips Baked Cheese 90.0 g,Haldiram's,Popular,Snacks,Munchies,Chips,Potato Chips,Baked,Cheese,g,90.0,39,27.33,18.49,29.9,180,Ambient,12,False,Available,4.6,Regular
P000676,PAT-CHA-SHA-75,Patanjali Chakki Atta Wheat Sharbati 7.5 kg,Patanjali,Budget,Staples & Grocery,Atta,Chakki Atta,Wheat,Sharbati,Not Applicable,kg,7.5,379,347.96,236.15,8.2,90,Ambient,0,False,Available,4.2,Seasonal
P000677,SUR-DET-FRO-10-2,Surf Excel Detergent Liquid Front Load Lavender 1.0 L,Surf Excel,Premium,Household Essentials,Cleaning Essentials,Detergent,Liquid,Front Load,Lavender,L,1.0,335,302.59,209.09,9.7,730,Ambient,18,False,Available,4.5,Regular
P000678,KUR-CHI-FRI-1500-2,Kurkure Potato Chips Fried Magic Masala 150.0 g,Kurkure,Popular,Snacks,Munchies,Chips,Potato Chips,Fried,Magic Masala,g,150.0,65,55.49,42.39,14.6,180,Ambient,12,False,Available,4.5,Seasonal
P000679,AMU-FRI-CHI-4000-2,Amul Fries & Bites Aloo Tikki Chicken Classic 400.0 g,Amul,Popular,Frozen Foods,Frozen Snacks,Fries & Bites,Aloo Tikki,Chicken,Classic,g,400.0,195,159.04,117.44,18.4,180,Frozen,18,True,Available,4.5,Regular
P000680,GAR-FAC-HYD-300-4,Garnier Face Serum Gel Hydrating Hyaluronic Acid 30.0 ml,Garnier,Budget,Beauty & Personal Care,Skin Care,Face Serum,Gel,Hydrating,Hyaluronic Acid,ml,30.0,759,734.94,390.11,3.2,730,Ambient,18,False,Available,3.9,Regular
P000681,LAY-CHI-FRI-300-4,Lay's Potato Chips Fried Tomato 30.0 g,Lay's,Popular,Snacks,Munchies,Chips,Potato Chips,Fried,Tomato,g,30.0,13,10.09,7.03,22.4,180,Ambient,12,False,Available,4.3,Regular
P000682,SUR-DET-TOP-10-1,Surf Excel Detergent Liquid Top Load Lavender 1.0 L,Surf Excel,Premium,Household Essentials,Cleaning Essentials,Detergent,Liquid,Top Load,Lavender,L,1.0,219,217.36,172.98,0.7,730,Ambient,18,False,Available,4.8,Regular
P000683,PAM-DIA-PRE-740,Pampers Diapers Pant Style Premium Care 74.0 pack,Pampers,Premium,Baby Care,Baby Diapers & Wipes,Diapers,Pant Style,Premium Care,Not Applicable,pack,74.0,1779,1735.83,1130.56,2.4,1095,Ambient,12,False,Available,4.7,Regular
P000684,FOR-CHA-SEL-100-2,Fortune Chakki Atta Besan Select 10.0 kg,Fortune,Popular,Staples & Grocery,Atta,Chakki Atta,Besan,Select,Not Applicable,kg,10.0,689,682.04,517.73,1.0,90,Ambient,0,False,Available,4.2,Regular
P000685,MEI-CHI-ANT-2500,Meister Chicken Wings Antibiotic Free 250.0 g,Meister,Popular,Meat & Fish,Chicken,Chicken,Wings,Antibiotic Free,Not Applicable,g,250.0,135,133.13,95.51,1.4,3,Refrigerated,5,True,Low Stock,4.5,Regular
P000686,UNB-TOM-ORG-10,Unbranded Tomato Cherry Organic 1.0 kg,Unbranded,Budget,Fruits & Vegetables,Fresh Vegetables,Tomato,Cherry,Organic,Not Applicable,kg,1.0,27,22.35,17.25,17.2,4,Ambient,0,True,Available,3.8,Regular
P000687,NES-COF-GOL-500-3,Nescafé Coffee Powder Instant Gold Mocha 50.0 g,Nescafé,Popular,Beverages,Coffee,Coffee Powder,Instant,Gold,Mocha,g,50.0,139,120.74,91.2,13.1,365,Ambient,18,False,Available,4.2,Regular
P000688,MIL-MIL-SKI-5000,Milky Mist Buffalo Milk Skimmed Plain 500.0 ml,Milky Mist,Popular,"Dairy, Bread & Eggs",Milk,Milk,Buffalo Milk,Skimmed,Plain,ml,500.0,45,40.73,28.48,9.5,2,Refrigerated,0,True,Available,4.6,Regular
P000689,SYS-BAT-AA-20,Syska Batteries Rechargeable AA 2.0 pack,Syska,Popular,Household Essentials,Electronics,Batteries,Rechargeable,AA,Not Applicable,pack,2.0,55,52.69,35.49,4.2,3650,Ambient,18,False,Available,4.3,Regular
P000690,DOT-FAC-BRI-90,Dot & Key Face Serum Gel Brightening Vitamin C 90 ml,Dot & Key,Premium,Beauty & Personal Care,Skin Care,Face Serum,Gel,Brightening,Vitamin C,ml,90.0,1879,1738.05,1174.7,7.5,730,Ambient,18,False,Available,4.8,Regular
P000691,KUR-CHI-ROA-900-2,Kurkure Potato Chips Roasted Cheese 90.0 g,Kurkure,Popular,Snacks,Munchies,Chips,Potato Chips,Roasted,Cheese,g,90.0,39,32.08,23.14,17.8,180,Ambient,12,False,Available,4.4,Regular
P000692,MEI-CHI-SKI-10,Meister Chicken Curry Cut Skinless 1.0 kg,Meister,Popular,Meat & Fish,Chicken,Chicken,Curry Cut,Skinless,Not Applicable,kg,1.0,305,216.56,148.13,29.0,3,Refrigerated,5,True,Available,4.3,Regular
P000693,MIN-FAC-ANT-500-1,Minimalist Face Serum Gel Anti-Acne Salicylic Acid 50.0 ml,Minimalist,Premium,Beauty & Personal Care,Skin Care,Face Serum,Gel,Anti-Acne,Salicylic Acid,ml,50.0,929,848.31,457.1,8.7,730,Ambient,18,False,Available,4.8,Seasonal
P000694,NES-COF-DEC-125,Nescafé Coffee Powder Instant Decaf Hazelnut 125 g,Nescafé,Popular,Beverages,Coffee,Coffee Powder,Instant,Decaf,Hazelnut,g,125.0,419,367.97,288.48,12.2,365,Ambient,18,False,Available,4.3,Regular
P000695,MEI-CHI-WIT-5000-1,Meister Chicken Drumsticks With Skin 500.0 g,Meister,Popular,Meat & Fish,Chicken,Chicken,Drumsticks,With Skin,Not Applicable,g,500.0,195,181.27,121.55,7.0,3,Refrigerated,5,True,Available,4.2,Regular
P000696,AAS-CHA-SHA-50-1,Aashirvaad Chakki Atta Multigrain Sharbati 5.0 kg,Aashirvaad,Premium,Staples & Grocery,Atta,Chakki Atta,Multigrain,Sharbati,Not Applicable,kg,5.0,299,273.59,214.24,8.5,90,Ambient,0,False,Available,4.7,Regular
P000697,THE-FAC-HYD-300-4,The Derma Co Face Serum Gel Hydrating Niacinamide 30.0 ml,The Derma Co,Premium,Beauty & Personal Care,Skin Care,Face Serum,Gel,Hydrating,Niacinamide,ml,30.0,589,515.59,332.27,12.5,730,Ambient,18,False,Available,4.8,Regular
P000698,ARI-DET-TOP-10-4,Ariel Detergent Powder Top Load Lavender 1.0 L,Ariel,Premium,Household Essentials,Cleaning Essentials,Detergent,Powder,Top Load,Lavender,L,1.0,205,149.39,111.27,27.1,730,Ambient,18,False,Available,4.6,Regular
P000699,ABH-EGG-FRE-60,Abhi Eggs Country Eggs Free Range 6.0 pc,Abhi Eggs,Budget,"Dairy, Bread & Eggs",Eggs,Eggs,Country Eggs,Free Range,Not Applicable,pc,6.0,69,62.43,49.62,9.5,21,Refrigerated,0,True,Available,4.2,Regular
P000700,KUR-CHI-ROA-1500-2,Kurkure Potato Chips Roasted Tomato 150.0 g,Kurkure,Popular,Snacks,Munchies,Chips,Potato Chips,Roasted,Tomato,g,150.0,105,93.93,62.22,10.5,180,Ambient,12,False,Available,4.5,Regular
P000701,EVE-BAT-BUT-20-1,Eveready Batteries Rechargeable Button Cell 2.0 pack,Eveready,Budget,Household Essentials,Electronics,Batteries,Rechargeable,Button Cell,Not Applicable,pack,2.0,45,33.4,23.52,25.8,3650,Ambient,18,False,Available,4.2,Regular
P000702,HUG-DIA-ALO-720,Huggies Diapers Pant Style Aloe Vera Enriched 72.0 pack,Huggies,Popular,Baby Care,Baby Diapers & Wipes,Diapers,Pant Style,Aloe Vera Enriched,Not Applicable,pack,72.0,1155,960.35,691.22,16.9,1095,Ambient,12,False,Available,4.3,Regular
P000703,AMU-MIL-DOU-10,Amul A2 Milk Double Toned Plain 1.0 L,Amul,Popular,"Dairy, Bread & Eggs",Milk,Milk,A2 Milk,Double Toned,Plain,L,1.0,65,51.92,34.05,20.1,2,Refrigerated,0,True,Available,4.6,Regular
P000704,AAS-CHA-GLU-150-1,Aashirvaad Chakki Atta Maida Gluten Free 15.0 kg,Aashirvaad,Premium,Staples & Grocery,Atta,Chakki Atta,Maida,Gluten Free,Not Applicable,kg,15.0,1099,829.6,547.16,24.5,90,Ambient,0,False,Available,4.8,Regular
P000705,KUR-CHI-ROA-300,Kurkure Potato Chips Roasted Classic Salted 30.0 g,Kurkure,Popular,Snacks,Munchies,Chips,Potato Chips,Roasted,Classic Salted,g,30.0,13,12.44,9.65,4.3,180,Ambient,12,False,Available,4.4,Regular
P000706,PAT-CHA-GLU-15,Patanjali Chakki Atta Multigrain Gluten Free 1.5 kg,Patanjali,Budget,Staples & Grocery,Atta,Chakki Atta,Multigrain,Gluten Free,Not Applicable,kg,1.5,85,81.55,57.36,4.1,90,Ambient,0,False,Available,4.2,Regular
P000707,AAS-CHA-SEL-30-1,Aashirvaad Chakki Atta Besan Select 3.0 kg,Aashirvaad,Premium,Staples & Grocery,Atta,Chakki Atta,Besan,Select,Not Applicable,kg,3.0,165,164.34,112.26,0.4,90,Ambient,0,False,Available,4.7,Regular
P000708,FOR-CHA-SHA-12,Fortune Chakki Atta Wheat Sharbati 1.2 kg,Fortune,Popular,Staples & Grocery,Atta,Chakki Atta,Wheat,Sharbati,Not Applicable,kg,1.2,89,80.43,60.33,9.6,90,Ambient,0,False,Low Stock,4.4,Regular
P000709,MAM-FAC-HYD-500-3,Mamaearth Face Serum Liquid Serum Hydrating Hyaluronic Acid 50.0 ml,Mamaearth,Popular,Beauty & Personal Care,Skin Care,Face Serum,Liquid Serum,Hydrating,Hyaluronic Acid,ml,50.0,965,757.47,505.94,21.5,730,Ambient,18,False,Available,4.3,Regular
P000710,BIN-CHI-BAK-1500-4,Bingo Chips Extruded Snacks Baked Cheese 150.0 g,Bingo,Budget,Snacks,Munchies,Chips,Extruded Snacks,Baked,Cheese,g,150.0,55,53.84,37.18,2.1,180,Ambient,12,False,Available,4.1,Regular
P000711,SUR-DET-HAN-10-2,Surf Excel Detergent Pods Hand Wash Lemon 1.0 kg,Surf Excel,Premium,Household Essentials,Cleaning Essentials,Detergent,Pods,Hand Wash,Lemon,kg,1.0,155,149.61,102.59,3.5,730,Ambient,18,False,Available,4.8,Regular
P000712,BRU-COF-DEC-150-1,Bru Coffee Powder Filter Decaf Hazelnut 150 g,Bru,Popular,Beverages,Coffee,Coffee Powder,Filter,Decaf,Hazelnut,g,150.0,279,258.86,182.19,7.2,365,Ambient,18,False,Available,4.2,Regular
P000713,PUM-BAS-CAN-30,Puma Basic Wear T-Shirts Canvas 3.0 pack,Puma,Premium,Fashion & Lifestyle,Apparel & Accessories,Basic Wear,T-Shirts,Canvas,Not Applicable,pack,3.0,379,373.21,266.33,1.5,3650,Ambient,12,False,Available,4.5,Regular
P000714,BIN-CHI-ROA-900-2,Bingo Chips Nachos Roasted Tomato 90.0 g,Bingo,Budget,Snacks,Munchies,Chips,Nachos,Roasted,Tomato,g,90.0,35,24.25,16.61,30.7,180,Ambient,12,False,Available,4.1,Regular
P000715,MEI-CHI-WIT-2500-1,Meister Chicken Boneless With Skin 250.0 g,Meister,Popular,Meat & Fish,Chicken,Chicken,Boneless,With Skin,Not Applicable,g,250.0,89,74.81,55.24,15.9,3,Refrigerated,5,True,Available,4.6,Regular
P000716,AMU-MIL-FUL-5000,Amul A2 Milk Full Cream Plain 500.0 ml,Amul,Popular,"Dairy, Bread & Eggs",Milk,Milk,A2 Milk,Full Cream,Plain,ml,500.0,29,23.57,18.38,18.7,2,Refrigerated,0,True,Available,4.3,Regular
P000717,UNB-ONI-REG-50-1,Unbranded Onion Sambhar Regular 5.0 kg,Unbranded,Budget,Fruits & Vegetables,Fresh Vegetables,Onion,Sambhar,Regular,Not Applicable,kg,5.0,219,204.46,168.03,6.6,4,Ambient,0,True,Available,3.8,Regular
P000718,MEI-CHI-ANT-2500-1,Meister Chicken Mince Antibiotic Free 250.0 g,Meister,Popular,Meat & Fish,Chicken,Chicken,Mince,Antibiotic Free,Not Applicable,g,250.0,105,102.93,76.52,2.0,3,Refrigerated,5,True,Available,4.5,Regular
P000719,BRU-COF-CLA-1000-3,Bru Coffee Powder Filter Classic Hazelnut 100.0 g,Bru,Popular,Beverages,Coffee,Coffee Powder,Filter,Classic,Hazelnut,g,100.0,265,264.73,210.87,0.1,365,Ambient,18,False,Available,4.4,Regular
P000720,SUR-DET-TOP-10-2,Surf Excel Detergent Powder Top Load Lemon 1.0 kg,Surf Excel,Premium,Household Essentials,Cleaning Essentials,Detergent,Powder,Top Load,Lemon,kg,1.0,195,183.02,143.97,6.1,730,Ambient,18,False,Available,4.7,Regular
P000721,ARI-DET-TOP-10-5,Ariel Detergent Pods Top Load Lemon 1.0 kg,Ariel,Premium,Household Essentials,Cleaning Essentials,Detergent,Pods,Top Load,Lemon,kg,1.0,145,118.15,93.64,18.5,730,Ambient,18,False,Available,4.7,Regular
P000722,EGG-EGG-OME-300,Eggoz Table Eggs Omega-3 Rich 30.0 pc,Eggoz,Popular,"Dairy, Bread & Eggs",Eggs,Eggs,Table Eggs,Omega-3 Rich,Not Applicable,pc,30.0,289,255.79,167.87,11.5,21,Refrigerated,0,True,Available,4.3,Seasonal
P000723,FAR-APP-WAX-70-1,Farm Fresh Apple Washington Wax Free 7.0 pc,Farm Fresh,Popular,Fruits & Vegetables,Fresh Fruits,Apple,Washington,Wax Free,Not Applicable,pc,7.0,389,349.55,278.74,10.1,5,Refrigerated,0,True,Available,4.5,Regular
P000724,BAK-BRE-GAR-2000,Baker's Loaf Bread Loaf Whole Wheat Garlic 200.0 g,Baker's Loaf,Popular,"Dairy, Bread & Eggs",Bread,Bread Loaf,Whole Wheat,Garlic,Not Applicable,g,200.0,35,31.8,23.08,9.1,5,Ambient,0,False,Available,4.3,Regular
P000725,VIM-DET-FRO-10-2,Vim Detergent Powder Front Load Lavender 1.0 L,Vim,Popular,Household Essentials,Cleaning Essentials,Detergent,Powder,Front Load,Lavender,L,1.0,215,204.83,138.87,4.7,730,Ambient,18,False,Available,4.3,Regular
P000726,NAT-CHA-GLU-10-1,Nature Fresh Chakki Atta Besan Gluten Free 1.0 kg,Nature Fresh,Popular,Staples & Grocery,Atta,Chakki Atta,Besan,Gluten Free,Not Applicable,kg,1.0,69,59.46,43.72,13.8,90,Ambient,0,False,Available,4.3,Regular
P000727,PAM-DIA-ALO-300,Pampers Diapers Taped Aloe Vera Enriched 30.0 pack,Pampers,Premium,Baby Care,Baby Diapers & Wipes,Diapers,Taped,Aloe Vera Enriched,Not Applicable,pack,30.0,389,318.04,219.76,18.2,1095,Ambient,12,False,Available,4.6,Regular
P000728,GAR-FAC-BRI-500-2,Garnier Face Serum Liquid Serum Brightening Niacinamide 50.0 ml,Garnier,Budget,Beauty & Personal Care,Skin Care,Face Serum,Liquid Serum,Brightening,Niacinamide,ml,50.0,669,609.04,422.82,9.0,730,Ambient,18,False,Available,4.3,Regular
P000729,PAT-CHA-SHA-100,Patanjali Chakki Atta Wheat Sharbati 10.0 kg,Patanjali,Budget,Staples & Grocery,Atta,Chakki Atta,Wheat,Sharbati,Not Applicable,kg,10.0,499,426.6,325.39,14.5,90,Ambient,0,False,Low Stock,4.1,Regular
P000730,HAL-CHI-BAK-900-4,Haldiram's Chips Nachos Baked Cream & Onion 90.0 g,Haldiram's,Popular,Snacks,Munchies,Chips,Nachos,Baked,Cream & Onion,g,90.0,39,34.77,25.37,10.9,180,Ambient,12,False,Available,4.5,Regular
P000731,LIC-CHI-WIT-5000-2,Licious Chicken Wings With Skin 500.0 g,Licious,Premium,Meat & Fish,Chicken,Chicken,Wings,With Skin,Not Applicable,g,500.0,315,292.99,225.07,7.0,3,Refrigerated,5,True,Available,4.7,Regular
P000732,UNB-CHI-ANT-10,Unbranded Chicken Drumsticks Antibiotic Free 1.0 kg,Unbranded,Budget,Meat & Fish,Chicken,Chicken,Drumsticks,Antibiotic Free,Not Applicable,kg,1.0,395,331.91,261.89,16.0,3,Refrigerated,5,True,Available,4.1,Regular
P000733,NIV-FAC-HYD-500-3,Nivea Face Serum Gel Hydrating Niacinamide 50.0 ml,Nivea,Popular,Beauty & Personal Care,Skin Care,Face Serum,Gel,Hydrating,Niacinamide,ml,50.0,619,559.23,338.79,9.7,730,Ambient,18,False,Available,4.3,Regular
P000734,HAL-CHI-ROA-300-4,Haldiram's Potato Chips Roasted Classic Salted 30.0 g,Haldiram's,Popular,Snacks,Munchies,Chips,Potato Chips,Roasted,Classic Salted,g,30.0,16,14.66,9.96,8.4,180,Ambient,12,False,Out Of Stock,4.5,Regular
P000735,HAL-CHI-FRI-900-3,Haldiram's Potato Chips Fried Cream & Onion 90.0 g,Haldiram's,Popular,Snacks,Munchies,Chips,Potato Chips,Fried,Cream & Onion,g,90.0,45,42.74,30.96,5.0,180,Ambient,12,False,Available,4.4,Regular
P000736,UNB-TOM-ORG-12,Unbranded Tomato Cherry Organic 1.2 kg,Unbranded,Budget,Fruits & Vegetables,Fresh Vegetables,Tomato,Cherry,Organic,Not Applicable,kg,1.2,89,62.24,52.08,30.1,4,Ambient,0,True,Available,4.2,Regular
P000737,NIV-FAC-BRI-300-2,Nivea Face Serum Gel Brightening Salicylic Acid 30.0 ml,Nivea,Popular,Beauty & Personal Care,Skin Care,Face Serum,Gel,Brightening,Salicylic Acid,ml,30.0,415,390.53,260.1,5.9,730,Ambient,18,False,Available,4.4,Regular
P000738,BEV-COF-GOL-200,Bevzilla Coffee Powder Roast & Ground Gold Hazelnut 200 g,Bevzilla,Premium,Beverages,Coffee,Coffee Powder,Roast & Ground,Gold,Hazelnut,g,200.0,435,371.14,291.92,14.7,365,Ambient,18,False,Available,4.8,Seasonal
P000739,WHI-PET-SEN-4000,Whiskas Pet Food Wet Gravy Senior Ocean Fish 400.0 g,Whiskas,Popular,Pet Care,Dog & Cat Food,Pet Food,Wet Gravy,Senior,Ocean Fish,g,400.0,115,100.51,75.68,12.6,540,Ambient,18,False,Available,4.6,Regular
P000740,PHI-BAT-9V-20,Philips Batteries Alkaline 9V 2.0 pack,Philips,Premium,Household Essentials,Electronics,Batteries,Alkaline,9V,Not Applicable,pack,2.0,59,53.18,40.3,9.9,3650,Ambient,18,False,Available,4.6,Regular
P000741,VIM-DET-FRO-10-3,Vim Detergent Pods Front Load Lemon 1.0 kg,Vim,Popular,Household Essentials,Cleaning Essentials,Detergent,Pods,Front Load,Lemon,kg,1.0,169,136.84,104.07,19.0,730,Ambient,18,False,Available,4.5,Regular
P000742,BRU-COF-DEC-500-3,Bru Coffee Powder Filter Decaf Mocha 50.0 g,Bru,Popular,Beverages,Coffee,Coffee Powder,Filter,Decaf,Mocha,g,50.0,145,134.0,98.44,7.6,365,Ambient,18,False,Available,4.3,Regular
P000743,AMU-MIL-ORG-5000,Amul Buffalo Milk Organic Plain 500.0 ml,Amul,Popular,"Dairy, Bread & Eggs",Milk,Milk,Buffalo Milk,Organic,Plain,ml,500.0,39,36.09,23.73,7.5,2,Refrigerated,0,True,Available,4.4,Regular
P000744,LIC-CHI-SKI-10-1,Licious Chicken Mince Skinless 1.0 kg,Licious,Premium,Meat & Fish,Chicken,Chicken,Mince,Skinless,Not Applicable,kg,1.0,529,485.71,356.51,8.2,3,Refrigerated,5,True,Available,4.6,Regular
P000745,SUR-DET-HAN-10-3,Surf Excel Detergent Liquid Hand Wash Fresh Spring 1.0 kg,Surf Excel,Premium,Household Essentials,Cleaning Essentials,Detergent,Liquid,Hand Wash,Fresh Spring,kg,1.0,119,91.93,67.06,22.7,730,Ambient,18,False,Available,4.6,Regular
P000746,NAT-CHA-GLU-50-1,Nature Fresh Chakki Atta Wheat Gluten Free 5.0 kg,Nature Fresh,Popular,Staples & Grocery,Atta,Chakki Atta,Wheat,Gluten Free,Not Applicable,kg,5.0,289,256.75,170.92,11.2,90,Ambient,0,False,Available,4.4,Regular
P000747,MIN-FAC-BRI-500-4,Minimalist Face Serum Liquid Serum Brightening Salicylic Acid 50.0 ml,Minimalist,Premium,Beauty & Personal Care,Skin Care,Face Serum,Liquid Serum,Brightening,Salicylic Acid,ml,50.0,775,736.68,433.04,4.9,730,Ambient,18,False,Available,4.7,Regular
P000748,PRI-CHI-BAK-300-2,Pringles Chips Extruded Snacks Baked Magic Masala 30.0 g,Pringles,Premium,Snacks,Munchies,Chips,Extruded Snacks,Baked,Magic Masala,g,30.0,11,10.6,8.24,3.6,180,Ambient,12,False,Available,4.6,Seasonal
P000749,BEV-COF-CLA-1000-2,Bevzilla Coffee Powder Roast & Ground Classic Hazelnut 100.0 g,Bevzilla,Premium,Beverages,Coffee,Coffee Powder,Roast & Ground,Classic,Hazelnut,g,100.0,189,143.15,96.59,24.3,365,Ambient,18,False,Available,4.8,Regular
P000750,BRU-COF-CLA-1000-4,Bru Coffee Powder Instant Classic Mocha 100.0 g,Bru,Popular,Beverages,Coffee,Coffee Powder,Instant,Classic,Mocha,g,100.0,315,265.76,186.17,15.6,365,Ambient,18,False,Available,4.3,Regular
P000751,FAR-TOM-ORG-10-1,Farm Fresh Tomato Local Organic 1.0 kg,Farm Fresh,Popular,Fruits & Vegetables,Fresh Vegetables,Tomato,Local,Organic,Not Applicable,kg,1.0,75,74.98,57.98,0.0,4,Ambient,0,True,Available,4.3,Regular
P000752,MIL-MIL-FUL-5000,Milky Mist A2 Milk Full Cream Plain 500.0 ml,Milky Mist,Popular,"Dairy, Bread & Eggs",Milk,Milk,A2 Milk,Full Cream,Plain,ml,500.0,39,34.14,24.76,12.5,2,Refrigerated,0,True,Available,4.2,Regular
P000753,MAM-FAC-BRI-300-1,Mamaearth Face Serum Liquid Serum Brightening Vitamin C 30.0 ml,Mamaearth,Popular,Beauty & Personal Care,Skin Care,Face Serum,Liquid Serum,Brightening,Vitamin C,ml,30.0,529,495.03,249.36,6.4,730,Ambient,18,False,Available,4.2,Regular
P000754,MCC-FRI-CHI-7500-2,McCain Fries & Bites Cheese Balls Chicken Masala 750.0 g,McCain,Premium,Frozen Foods,Frozen Snacks,Fries & Bites,Cheese Balls,Chicken,Masala,g,750.0,279,252.09,197.66,9.6,180,Frozen,18,True,Available,4.6,Regular
P000755,MIN-FAC-ANT-300-1,Minimalist Face Serum Gel Anti-Acne Vitamin C 30.0 ml,Minimalist,Premium,Beauty & Personal Care,Skin Care,Face Serum,Gel,Anti-Acne,Vitamin C,ml,30.0,409,298.96,166.96,26.9,730,Ambient,18,False,Available,4.7,Regular
P000756,NIV-FAC-HYD-300-2,Nivea Face Serum Liquid Serum Hydrating Salicylic Acid 30.0 ml,Nivea,Popular,Beauty & Personal Care,Skin Care,Face Serum,Liquid Serum,Hydrating,Salicylic Acid,ml,30.0,649,566.62,322.07,12.7,730,Ambient,18,False,Available,4.3,Regular
P000757,FOR-CHA-GLU-10-1,Fortune Chakki Atta Besan Gluten Free 1.0 kg,Fortune,Popular,Staples & Grocery,Atta,Chakki Atta,Besan,Gluten Free,Not Applicable,kg,1.0,45,41.35,30.27,8.1,90,Ambient,0,False,Available,4.6,Regular
P000758,REL-CHI-WIT-2500,Relish Chicken Drumsticks With Skin 250.0 g,Relish,Popular,Meat & Fish,Chicken,Chicken,Drumsticks,With Skin,Not Applicable,g,250.0,149,134.79,91.72,9.5,3,Refrigerated,5,True,Available,4.3,Regular
P000759,THE-FAC-BRI-500-2,The Derma Co Face Serum Liquid Serum Brightening Niacinamide 50.0 ml,The Derma Co,Premium,Beauty & Personal Care,Skin Care,Face Serum,Liquid Serum,Brightening,Niacinamide,ml,50.0,945,642.38,413.31,32.0,730,Ambient,18,False,Available,4.8,Regular
P000760,FAR-TOM-ORG-750,Farm Fresh Tomato Cherry Organic 750 g,Farm Fresh,Popular,Fruits & Vegetables,Fresh Vegetables,Tomato,Cherry,Organic,Not Applicable,g,750.0,49,45.21,35.71,7.7,4,Ambient,0,True,Available,4.2,Regular
P000761,NAT-CHA-SEL-150,Nature Fresh Chakki Atta Wheat Select 15.0 kg,Nature Fresh,Popular,Staples & Grocery,Atta,Chakki Atta,Wheat,Select,Not Applicable,kg,15.0,719,674.42,461.55,6.2,90,Ambient,0,False,Available,4.4,Regular
P000762,THE-FAC-HYD-300-5,The Derma Co Face Serum Liquid Serum Hydrating Salicylic Acid 30.0 ml,The Derma Co,Premium,Beauty & Personal Care,Skin Care,Face Serum,Liquid Serum,Hydrating,Salicylic Acid,ml,30.0,405,400.78,249.41,1.0,730,Ambient,18,False,Available,4.7,Regular
P000763,AMU-MIL-SKI-5000-1,Amul Buffalo Milk Skimmed Plain 500.0 ml,Amul,Popular,"Dairy, Bread & Eggs",Milk,Milk,Buffalo Milk,Skimmed,Plain,ml,500.0,39,25.62,19.9,34.3,2,Refrigerated,0,True,Available,4.3,Regular
P000764,FOR-CHA-GLU-30,Fortune Chakki Atta Maida Gluten Free 3.0 kg,Fortune,Popular,Staples & Grocery,Atta,Chakki Atta,Maida,Gluten Free,Not Applicable,kg,3.0,219,210.94,139.59,3.7,90,Ambient,0,False,Available,4.6,Regular
P000765,BIN-CHI-BAK-1500-5,Bingo Corn Chips Baked Cheese 150.0 g,Bingo,Budget,Snacks,Munchies,Chips,Corn Chips,Baked,Cheese,g,150.0,89,82.95,65.16,6.8,180,Ambient,12,False,Available,4.0,Regular
P000766,HAL-CHI-BAK-300-5,Haldiram's Potato Chips Baked Tomato 30.0 g,Haldiram's,Popular,Snacks,Munchies,Chips,Potato Chips,Baked,Tomato,g,30.0,12,11.73,8.7,2.2,180,Ambient,12,False,Available,4.3,Regular
P000767,FAS-BAS-LEA-30-1,Fastrack Basic Wear Caps Leather 3.0 pack,Fastrack,Popular,Fashion & Lifestyle,Apparel & Accessories,Basic Wear,Caps,Leather,Not Applicable,pack,3.0,539,536.57,395.25,0.5,3650,Ambient,12,False,Available,4.3,Regular
P000768,BIN-CHI-BAK-300-7,Bingo Potato Chips Baked Classic Salted 30.0 g,Bingo,Budget,Snacks,Munchies,Chips,Potato Chips,Baked,Classic Salted,g,30.0,12,10.04,7.89,16.3,180,Ambient,12,False,Available,4.1,Regular
P000769,NES-COF-DEC-1000-3,Nescafé Coffee Powder Instant Decaf Vanilla 100.0 g,Nescafé,Popular,Beverages,Coffee,Coffee Powder,Instant,Decaf,Vanilla,g,100.0,345,240.99,169.38,30.1,365,Ambient,18,False,Available,4.5,Regular
P000770,BEV-COF-DEC-1000-3,Bevzilla Coffee Powder Roast & Ground Decaf Mocha 100.0 g,Bevzilla,Premium,Beverages,Coffee,Coffee Powder,Roast & Ground,Decaf,Mocha,g,100.0,335,283.84,199.52,15.3,365,Ambient,18,False,Available,4.5,Regular
P000771,MEI-CHI-SKI-10-1,Meister Chicken Mince Skinless 1.0 kg,Meister,Popular,Meat & Fish,Chicken,Chicken,Mince,Skinless,Not Applicable,kg,1.0,405,383.15,260.45,5.4,3,Refrigerated,5,True,Available,4.3,Regular
P000772,BRU-COF-GOL-1000-6,Bru Coffee Powder Instant Gold Original 100.0 g,Bru,Popular,Beverages,Coffee,Coffee Powder,Instant,Gold,Original,g,100.0,345,286.89,216.58,16.8,365,Ambient,18,False,Discontinued,4.3,Regular
P000773,HAL-CHI-ROA-900-1,Haldiram's Corn Chips Roasted Magic Masala 90.0 g,Haldiram's,Popular,Snacks,Munchies,Chips,Corn Chips,Roasted,Magic Masala,g,90.0,39,35.94,25.78,7.8,180,Ambient,12,False,Available,4.6,Regular
P000774,AAS-CHA-SEL-200,Aashirvaad Chakki Atta Multigrain Select 20.0 kg,Aashirvaad,Premium,Staples & Grocery,Atta,Chakki Atta,Multigrain,Select,Not Applicable,kg,20.0,1129,1043.72,770.31,7.6,90,Ambient,0,False,Available,4.7,Regular
P000775,PAT-CHA-GLU-150-2,Patanjali Chakki Atta Maida Gluten Free 15.0 kg,Patanjali,Budget,Staples & Grocery,Atta,Chakki Atta,Maida,Gluten Free,Not Applicable,kg,15.0,995,814.62,608.26,18.1,90,Ambient,0,False,Available,4.1,Regular
P000776,NES-COF-GOL-500-4,Nescafé Coffee Powder Instant Gold Vanilla 50.0 g,Nescafé,Popular,Beverages,Coffee,Coffee Powder,Instant,Gold,Vanilla,g,50.0,135,107.67,74.18,20.2,365,Ambient,18,False,Available,4.4,Regular
P000777,FAR-TOM-REG-1000,Farm Fresh Tomato Hybrid Regular 1000 g,Farm Fresh,Popular,Fruits & Vegetables,Fresh Vegetables,Tomato,Hybrid,Regular,Not Applicable,g,1000.0,69,56.28,47.58,18.4,4,Ambient,0,True,Available,4.4,Regular
P000778,NES-COF-GOL-1000-3,Nescafé Coffee Powder Filter Gold Original 100.0 g,Nescafé,Popular,Beverages,Coffee,Coffee Powder,Filter,Gold,Original,g,100.0,289,284.46,196.67,1.6,365,Ambient,18,False,Available,4.5,Regular
P000779,PAT-CHA-GLU-10-1,Patanjali Chakki Atta Besan Gluten Free 1.0 kg,Patanjali,Budget,Staples & Grocery,Atta,Chakki Atta,Besan,Gluten Free,Not Applicable,kg,1.0,59,56.62,42.4,4.0,90,Ambient,0,False,Available,4.3,Regular
P000780,BIN-CHI-ROA-300-3,Bingo Corn Chips Roasted Magic Masala 30.0 g,Bingo,Budget,Snacks,Munchies,Chips,Corn Chips,Roasted,Magic Masala,g,30.0,18,16.91,13.33,6.1,180,Ambient,12,False,Available,4.3,Regular
P000781,GAR-FAC-ANT-500,Garnier Face Serum Gel Anti-Acne Hyaluronic Acid 50.0 ml,Garnier,Budget,Beauty & Personal Care,Skin Care,Face Serum,Gel,Anti-Acne,Hyaluronic Acid,ml,50.0,699,582.03,356.92,16.7,730,Ambient,18,False,Available,3.8,Regular
P000782,SUR-DET-FRO-10-3,Surf Excel Detergent Pods Front Load Fresh Spring 1.0 L,Surf Excel,Premium,Household Essentials,Cleaning Essentials,Detergent,Pods,Front Load,Fresh Spring,L,1.0,245,232.59,163.19,5.1,730,Ambient,18,False,Low Stock,4.7,Regular
P000783,UNB-TOM-ORG-10-1,Unbranded Tomato Hybrid Organic 1.0 kg,Unbranded,Budget,Fruits & Vegetables,Fresh Vegetables,Tomato,Hybrid,Organic,Not Applicable,kg,1.0,45,37.54,29.12,16.6,4,Ambient,0,True,Available,4.2,Regular
P000784,BIN-CHI-FRI-900-2,Bingo Corn Chips Fried Cheese 90.0 g,Bingo,Budget,Snacks,Munchies,Chips,Corn Chips,Fried,Cheese,g,90.0,35,33.58,23.76,4.1,180,Ambient,12,False,Available,4.1,New Arrival
P000785,LIC-CHI-ANT-2500-1,Licious Chicken Drumsticks Antibiotic Free 250.0 g,Licious,Premium,Meat & Fish,Chicken,Chicken,Drumsticks,Antibiotic Free,Not Applicable,g,250.0,145,120.71,82.0,16.8,3,Refrigerated,5,True,Available,4.5,Regular
P000786,MAM-FAC-HYD-300-4,Mamaearth Face Serum Liquid Serum Hydrating Hyaluronic Acid 30.0 ml,Mamaearth,Popular,Beauty & Personal Care,Skin Care,Face Serum,Liquid Serum,Hydrating,Hyaluronic Acid,ml,30.0,449,444.72,238.73,1.0,730,Ambient,18,False,Available,4.5,Regular
P000787,PAT-CHA-SHA-100-1,Patanjali Chakki Atta Multigrain Sharbati 10.0 kg,Patanjali,Budget,Staples & Grocery,Atta,Chakki Atta,Multigrain,Sharbati,Not Applicable,kg,10.0,459,435.43,316.92,5.1,90,Ambient,0,False,Available,3.9,Regular
P000788,BRI-BRE-SAN-4000,Brick Oven Bread Loaf Multigrain Sandwich 400.0 g,Brick Oven,Premium,"Dairy, Bread & Eggs",Bread,Bread Loaf,Multigrain,Sandwich,Not Applicable,g,400.0,39,35.41,23.77,9.2,5,Ambient,0,False,Available,4.7,Regular
P000789,AAS-CHA-GLU-100-2,Aashirvaad Chakki Atta Maida Gluten Free 10.0 kg,Aashirvaad,Premium,Staples & Grocery,Atta,Chakki Atta,Maida,Gluten Free,Not Applicable,kg,10.0,429,353.08,274.62,17.7,90,Ambient,0,False,Available,4.7,Regular
P000790,FAR-APP-WAX-50,Farm Fresh Apple Washington Wax Free 5.0 pc,Farm Fresh,Popular,Fruits & Vegetables,Fresh Fruits,Apple,Washington,Wax Free,Not Applicable,pc,5.0,119,96.36,74.79,19.0,5,Refrigerated,0,True,Available,4.4,Regular
P000791,ZES-APP-REG-50-1,Zespri Apple Royal Gala Regular 5.0 pc,Zespri,Premium,Fruits & Vegetables,Fresh Fruits,Apple,Royal Gala,Regular,Not Applicable,pc,5.0,185,166.14,133.75,10.2,5,Refrigerated,0,True,Available,4.6,Regular
P000792,BIN-CHI-BAK-1500-6,Bingo Potato Chips Baked Cheese 150.0 g,Bingo,Budget,Snacks,Munchies,Chips,Potato Chips,Baked,Cheese,g,150.0,69,62.69,46.47,9.1,180,Ambient,12,False,Available,4.0,Regular
P000793,THE-FAC-HYD-500-4,The Derma Co Face Serum Gel Hydrating Hyaluronic Acid 50.0 ml,The Derma Co,Premium,Beauty & Personal Care,Skin Care,Face Serum,Gel,Hydrating,Hyaluronic Acid,ml,50.0,639,579.97,355.89,9.2,730,Ambient,18,False,Available,4.7,Regular
P000794,AKS-EGG-WHI-300,Akshayakalpa Table Eggs White 30.0 pc,Akshayakalpa,Premium,"Dairy, Bread & Eggs",Eggs,Eggs,Table Eggs,White,Not Applicable,pc,30.0,275,231.59,159.88,15.8,21,Refrigerated,0,True,Available,4.9,Regular
P000795,FOR-CHA-SEL-300,Fortune Chakki Atta Besan Select 30.0 kg,Fortune,Popular,Staples & Grocery,Atta,Chakki Atta,Besan,Select,Not Applicable,kg,30.0,1235,913.96,660.79,26.0,90,Ambient,0,False,Available,4.5,Regular
P000796,BEV-COF-CLA-1000-3,Bevzilla Coffee Powder Filter Classic Mocha 100.0 g,Bevzilla,Premium,Beverages,Coffee,Coffee Powder,Filter,Classic,Mocha,g,100.0,335,271.18,181.65,19.1,365,Ambient,18,False,Available,4.6,Regular
P000797,BRU-COF-GOL-1000-7,Bru Coffee Powder Roast & Ground Gold Mocha 100.0 g,Bru,Popular,Beverages,Coffee,Coffee Powder,Roast & Ground,Gold,Mocha,g,100.0,159,142.8,101.89,10.2,365,Ambient,18,False,Available,4.4,Regular
P000798,LAY-CHI-FRI-300-5,Lay's Chips Extruded Snacks Fried Magic Masala 30.0 g,Lay's,Popular,Snacks,Munchies,Chips,Extruded Snacks,Fried,Magic Masala,g,30.0,13,12.58,8.39,3.2,180,Ambient,12,False,Available,4.2,Regular
P000799,KUR-CHI-ROA-900-3,Kurkure Chips Extruded Snacks Roasted Classic Salted 90.0 g,Kurkure,Popular,Snacks,Munchies,Chips,Extruded Snacks,Roasted,Classic Salted,g,90.0,39,27.42,20.09,29.7,180,Ambient,12,False,Available,4.4,Regular
P000800,BEV-COF-GOL-1000-1,Bevzilla Coffee Powder Filter Gold Vanilla 100.0 g,Bevzilla,Premium,Beverages,Coffee,Coffee Powder,Filter,Gold,Vanilla,g,100.0,179,172.5,125.86,3.6,365,Ambient,18,False,Available,4.7,Regular
P000801,SUR-DET-FRO-10-4,Surf Excel Detergent Liquid Front Load Fresh Spring 1.0 kg,Surf Excel,Premium,Household Essentials,Cleaning Essentials,Detergent,Liquid,Front Load,Fresh Spring,kg,1.0,179,164.79,114.9,7.9,730,Ambient,18,False,Available,4.9,Regular
P000802,THE-FAC-ANT-300-3,The Derma Co Face Serum Gel Anti-Acne Vitamin C 30.0 ml,The Derma Co,Premium,Beauty & Personal Care,Skin Care,Face Serum,Gel,Anti-Acne,Vitamin C,ml,30.0,739,675.62,409.63,8.6,730,Ambient,18,False,Available,4.9,Regular
P000803,SUR-DET-HAN-10-4,Surf Excel Detergent Pods Hand Wash Lavender 1.0 L,Surf Excel,Premium,Household Essentials,Cleaning Essentials,Detergent,Pods,Hand Wash,Lavender,L,1.0,299,278.21,205.17,7.0,730,Ambient,18,False,Available,4.9,Seasonal
P000804,LIZ-DET-TOP-10-2,Lizol Detergent Pods Top Load Lemon 1.0 kg,Lizol,Popular,Household Essentials,Cleaning Essentials,Detergent,Pods,Top Load,Lemon,kg,1.0,199,185.47,135.24,6.8,730,Ambient,18,False,Available,4.6,Regular
P000805,UNB-TOM-REG-625,Unbranded Tomato Local Regular 625 g,Unbranded,Budget,Fruits & Vegetables,Fresh Vegetables,Tomato,Local,Regular,Not Applicable,g,625.0,24,22.55,17.61,6.0,4,Ambient,0,True,Available,3.8,Regular
P000806,HAL-CHI-FRI-300-5,Haldiram's Corn Chips Fried Cream & Onion 30.0 g,Haldiram's,Popular,Snacks,Munchies,Chips,Corn Chips,Fried,Cream & Onion,g,30.0,15,11.61,9.02,22.6,180,Ambient,12,False,Available,4.4,Regular
P000807,DOT-FAC-ANT-500-2,Dot & Key Face Serum Gel Anti-Acne Hyaluronic Acid 50.0 ml,Dot & Key,Premium,Beauty & Personal Care,Skin Care,Face Serum,Gel,Anti-Acne,Hyaluronic Acid,ml,50.0,915,871.86,524.21,4.7,730,Ambient,18,False,Available,4.6,Regular
P000808,PAT-CHA-SEL-150-1,Patanjali Chakki Atta Wheat Select 15.0 kg,Patanjali,Budget,Staples & Grocery,Atta,Chakki Atta,Wheat,Select,Not Applicable,kg,15.0,915,869.28,648.64,5.0,90,Ambient,0,False,Available,3.9,Regular
P000809,NAT-CHA-GLU-10-2,Nature Fresh Chakki Atta Maida Gluten Free 1.0 kg,Nature Fresh,Popular,Staples & Grocery,Atta,Chakki Atta,Maida,Gluten Free,Not Applicable,kg,1.0,69,64.95,43.59,5.9,90,Ambient,0,False,Available,4.4,Regular
P000810,BRU-COF-DEC-200,Bru Coffee Powder Instant Decaf Vanilla 200 g,Bru,Popular,Beverages,Coffee,Coffee Powder,Instant,Decaf,Vanilla,g,200.0,619,463.84,363.14,25.1,365,Ambient,18,False,Available,4.3,Regular
P000811,MCC-FRI-VEG-4000-4,McCain Fries & Bites Nuggets Veg Classic 400.0 g,McCain,Premium,Frozen Foods,Frozen Snacks,Fries & Bites,Nuggets,Veg,Classic,g,400.0,175,148.99,96.99,14.9,180,Frozen,18,True,Available,4.8,Seasonal
P000812,FAS-BAS-LEA-30-2,Fastrack Basic Wear T-Shirts Leather 3.0 pack,Fastrack,Popular,Fashion & Lifestyle,Apparel & Accessories,Basic Wear,T-Shirts,Leather,Not Applicable,pack,3.0,605,551.45,395.08,8.9,3650,Ambient,12,False,Low Stock,4.6,Regular
P000813,BEV-COF-CLA-1000-4,Bevzilla Coffee Powder Instant Classic Hazelnut 100.0 g,Bevzilla,Premium,Beverages,Coffee,Coffee Powder,Instant,Classic,Hazelnut,g,100.0,319,289.11,205.08,9.4,365,Ambient,18,False,Available,4.5,Regular
P000814,NAN-MIL-FUL-5000,Nandini Buffalo Milk Full Cream Plain 500.0 ml,Nandini,Budget,"Dairy, Bread & Eggs",Milk,Milk,Buffalo Milk,Full Cream,Plain,ml,500.0,25,23.82,16.2,4.7,2,Refrigerated,0,True,Available,4.3,Regular
P000815,SUR-DET-TOP-10-3,Surf Excel Detergent Powder Top Load Lavender 1.0 kg,Surf Excel,Premium,Household Essentials,Cleaning Essentials,Detergent,Powder,Top Load,Lavender,kg,1.0,215,172.54,117.8,19.7,730,Ambient,18,False,Available,4.7,Regular
P000816,BRU-COF-DEC-500-4,Bru Coffee Powder Instant Decaf Original 50.0 g,Bru,Popular,Beverages,Coffee,Coffee Powder,Instant,Decaf,Original,g,50.0,139,131.34,93.99,5.5,365,Ambient,18,False,Available,4.4,Regular
P000817,EVE-BAT-BUT-20-2,Eveready Batteries Alkaline Button Cell 2.0 pack,Eveready,Budget,Household Essentials,Electronics,Batteries,Alkaline,Button Cell,Not Applicable,pack,2.0,39,38.77,29.82,0.6,3650,Ambient,18,False,Available,4.0,Regular
P000818,PRI-CHI-FRI-900-1,Pringles Corn Chips Fried Classic Salted 90.0 g,Pringles,Premium,Snacks,Munchies,Chips,Corn Chips,Fried,Classic Salted,g,90.0,45,31.22,21.41,30.6,180,Ambient,12,False,Available,4.7,Regular
P000819,BEV-COF-CLA-1000-5,Bevzilla Coffee Powder Roast & Ground Classic Vanilla 100.0 g,Bevzilla,Premium,Beverages,Coffee,Coffee Powder,Roast & Ground,Classic,Vanilla,g,100.0,325,287.49,214.31,11.5,365,Ambient,18,False,Available,4.8,Regular
P000820,FAR-TOM-ORG-625,Farm Fresh Tomato Hybrid Organic 625 g,Farm Fresh,Popular,Fruits & Vegetables,Fresh Vegetables,Tomato,Hybrid,Organic,Not Applicable,g,625.0,23,20.24,15.24,12.0,4,Ambient,0,True,Available,4.5,Regular
P000821,BEV-COF-DEC-500-4,Bevzilla Coffee Powder Roast & Ground Decaf Hazelnut 50.0 g,Bevzilla,Premium,Beverages,Coffee,Coffee Powder,Roast & Ground,Decaf,Hazelnut,g,50.0,79,53.31,38.86,32.5,365,Ambient,18,False,Available,4.6,Regular
P000822,BIN-CHI-FRI-900-3,Bingo Potato Chips Fried Cheese 90.0 g,Bingo,Budget,Snacks,Munchies,Chips,Potato Chips,Fried,Cheese,g,90.0,29,25.33,17.55,12.7,180,Ambient,12,False,Available,4.0,Regular
P000823,AKS-MIL-ORG-10,Akshayakalpa Buffalo Milk Organic Plain 1.0 L,Akshayakalpa,Premium,"Dairy, Bread & Eggs",Milk,Milk,Buffalo Milk,Organic,Plain,L,1.0,75,70.33,48.32,6.2,2,Refrigerated,0,True,Available,4.7,Regular
P000824,FAR-APP-REG-10,Farm Fresh Apple Royal Gala Regular 1.0 kg,Farm Fresh,Popular,Fruits & Vegetables,Fresh Fruits,Apple,Royal Gala,Regular,Not Applicable,kg,1.0,289,272.56,219.99,5.7,5,Refrigerated,0,True,Available,4.6,Seasonal
P000825,MIN-FAC-BRI-300-1,Minimalist Face Serum Gel Brightening Hyaluronic Acid 30.0 ml,Minimalist,Premium,Beauty & Personal Care,Skin Care,Face Serum,Gel,Brightening,Hyaluronic Acid,ml,30.0,759,498.83,297.69,34.3,730,Ambient,18,False,Available,4.8,Regular
P000826,BEV-COF-GOL-1000-2,Bevzilla Coffee Powder Instant Gold Mocha 100.0 g,Bevzilla,Premium,Beverages,Coffee,Coffee Powder,Instant,Gold,Mocha,g,100.0,339,248.69,170.22,26.6,365,Ambient,18,False,Available,4.8,Regular
P000827,UNB-TOM-REG-12,Unbranded Tomato Hybrid Regular 1.2 kg,Unbranded,Budget,Fruits & Vegetables,Fresh Vegetables,Tomato,Hybrid,Regular,Not Applicable,kg,1.2,65,64.77,52.86,0.3,4,Ambient,0,True,Available,4.0,Regular
P000828,THE-FAC-ANT-300-4,The Derma Co Face Serum Liquid Serum Anti-Acne Hyaluronic Acid 30.0 ml,The Derma Co,Premium,Beauty & Personal Care,Skin Care,Face Serum,Liquid Serum,Anti-Acne,Hyaluronic Acid,ml,30.0,709,521.04,323.75,26.5,730,Ambient,18,False,Low Stock,4.5,Regular
P000829,MIL-MIL-LAC-10-1,Milky Mist A2 Milk Lactose Free Plain 1.0 L,Milky Mist,Popular,"Dairy, Bread & Eggs",Milk,Milk,A2 Milk,Lactose Free,Plain,L,1.0,85,80.11,57.18,5.8,2,Refrigerated,0,True,Out Of Stock,4.6,Regular
P000830,AMU-MIL-FUL-10,Amul A2 Milk Full Cream Plain 1.0 L,Amul,Popular,"Dairy, Bread & Eggs",Milk,Milk,A2 Milk,Full Cream,Plain,L,1.0,89,60.53,40.47,32.0,2,Refrigerated,0,True,Available,4.6,Regular
P000831,ZES-APP-REG-10-2,Zespri Apple Kashmiri Regular 1.0 kg,Zespri,Premium,Fruits & Vegetables,Fresh Fruits,Apple,Kashmiri,Regular,Not Applicable,kg,1.0,239,216.46,168.82,9.4,5,Refrigerated,0,True,Available,4.8,Regular
P000832,BRU-COF-CLA-500-2,Bru Coffee Powder Roast & Ground Classic Vanilla 50.0 g,Bru,Popular,Beverages,Coffee,Coffee Powder,Roast & Ground,Classic,Vanilla,g,50.0,129,120.53,90.2,6.6,365,Ambient,18,False,Available,4.5,Regular
P000833,NAN-MIL-LAC-10,Nandini Buffalo Milk Lactose Free Plain 1.0 L,Nandini,Budget,"Dairy, Bread & Eggs",Milk,Milk,Buffalo Milk,Lactose Free,Plain,L,1.0,85,71.31,55.48,16.1,2,Refrigerated,0,True,Available,4.0,Seasonal
P000834,THE-FAC-BRI-500-3,The Derma Co Face Serum Liquid Serum Brightening Vitamin C 50.0 ml,The Derma Co,Premium,Beauty & Personal Care,Skin Care,Face Serum,Liquid Serum,Brightening,Vitamin C,ml,50.0,855,774.31,445.33,9.4,730,Ambient,18,False,Available,4.7,Regular
P000835,MIN-FAC-BRI-300-2,Minimalist Face Serum Gel Brightening Salicylic Acid 30.0 ml,Minimalist,Premium,Beauty & Personal Care,Skin Care,Face Serum,Gel,Brightening,Salicylic Acid,ml,30.0,575,497.65,267.55,13.5,730,Ambient,18,False,Low Stock,4.8,Regular
P000836,FAR-TOM-ORG-10-2,Farm Fresh Tomato Cherry Organic 1.0 kg,Farm Fresh,Popular,Fruits & Vegetables,Fresh Vegetables,Tomato,Cherry,Organic,Not Applicable,kg,1.0,65,62.14,52.3,4.4,4,Ambient,0,True,Available,4.4,Regular
P000837,HAL-CHI-FRI-1500-3,Haldiram's Chips Nachos Fried Cheese 150.0 g,Haldiram's,Popular,Snacks,Munchies,Chips,Nachos,Fried,Cheese,g,150.0,75,62.11,41.49,17.2,180,Ambient,12,False,Available,4.4,Regular
P000838,BRI-BRE-GAR-4000,Brick Oven Bread Loaf Whole Wheat Garlic 400.0 g,Brick Oven,Premium,"Dairy, Bread & Eggs",Bread,Bread Loaf,Whole Wheat,Garlic,Not Applicable,g,400.0,49,37.63,27.22,23.2,5,Ambient,0,False,Available,4.6,Regular
P000839,PAT-CHA-SHA-100-2,Patanjali Chakki Atta Besan Sharbati 10.0 kg,Patanjali,Budget,Staples & Grocery,Atta,Chakki Atta,Besan,Sharbati,Not Applicable,kg,10.0,535,447.49,356.42,16.4,90,Ambient,0,False,Low Stock,4.2,Regular
P000840,FOR-CHA-GLU-125-1,Fortune Chakki Atta Wheat Gluten Free 12.5 kg,Fortune,Popular,Staples & Grocery,Atta,Chakki Atta,Wheat,Gluten Free,Not Applicable,kg,12.5,715,670.0,452.36,6.3,90,Ambient,0,False,Available,4.3,Regular
P000841,LAY-CHI-ROA-300-2,Lay's Corn Chips Roasted Cheese 30.0 g,Lay's,Popular,Snacks,Munchies,Chips,Corn Chips,Roasted,Cheese,g,30.0,14,11.89,8.21,15.1,180,Ambient,12,False,Available,4.5,Regular
P000842,FOR-CHA-GLU-300-2,Fortune Chakki Atta Besan Gluten Free 30.0 kg,Fortune,Popular,Staples & Grocery,Atta,Chakki Atta,Besan,Gluten Free,Not Applicable,kg,30.0,1449,1339.78,1046.94,7.5,90,Ambient,0,False,Available,4.5,Regular
P000843,HUG-DIA-ALO-730,Huggies Diapers Pant Style Aloe Vera Enriched 73.0 pack,Huggies,Popular,Baby Care,Baby Diapers & Wipes,Diapers,Pant Style,Aloe Vera Enriched,Not Applicable,pack,73.0,1759,1631.58,1165.17,7.2,1095,Ambient,12,False,Low Stock,4.2,Regular
P000844,LIZ-DET-FRO-10-4,Lizol Detergent Powder Front Load Lemon 1.0 kg,Lizol,Popular,Household Essentials,Cleaning Essentials,Detergent,Powder,Front Load,Lemon,kg,1.0,155,118.51,81.55,23.5,730,Ambient,18,False,Available,4.4,Regular
P000845,MIN-FAC-BRI-300-3,Minimalist Face Serum Liquid Serum Brightening Salicylic Acid 30.0 ml,Minimalist,Premium,Beauty & Personal Care,Skin Care,Face Serum,Liquid Serum,Brightening,Salicylic Acid,ml,30.0,685,618.64,350.7,9.7,730,Ambient,18,False,Available,4.8,Regular
P000846,PAM-DIA-STA-720,Pampers Diapers Taped Standard 72.0 pack,Pampers,Premium,Baby Care,Baby Diapers & Wipes,Diapers,Taped,Standard,Not Applicable,pack,72.0,855,743.92,520.72,13.0,1095,Ambient,12,False,Available,4.8,Regular
P000847,MIN-FAC-BRI-300-4,Minimalist Face Serum Liquid Serum Brightening Hyaluronic Acid 30.0 ml,Minimalist,Premium,Beauty & Personal Care,Skin Care,Face Serum,Liquid Serum,Brightening,Hyaluronic Acid,ml,30.0,629,557.3,348.02,11.4,730,Ambient,18,False,Available,4.8,Regular
P000848,UNB-BAS-CAN-30,Unbranded Basic Wear Belts Canvas 3.0 pack,Unbranded,Budget,Fashion & Lifestyle,Apparel & Accessories,Basic Wear,Belts,Canvas,Not Applicable,pack,3.0,339,287.59,221.77,15.2,3650,Ambient,12,False,Available,4.2,Regular
P000849,MIL-MIL-ORG-5000,Milky Mist Cow Milk Organic Plain 500.0 ml,Milky Mist,Popular,"Dairy, Bread & Eggs",Milk,Milk,Cow Milk,Organic,Plain,ml,500.0,35,34.74,25.57,0.7,2,Refrigerated,0,True,Available,4.4,Regular
P000850,ZES-APP-REG-50-2,Zespri Apple Washington Regular 5.0 pc,Zespri,Premium,Fruits & Vegetables,Fresh Fruits,Apple,Washington,Regular,Not Applicable,pc,5.0,119,110.52,92.5,7.1,5,Refrigerated,0,True,Available,4.6,Regular
P000851,ARI-DET-HAN-10-1,Ariel Detergent Pods Hand Wash Fresh Spring 1.0 kg,Ariel,Premium,Household Essentials,Cleaning Essentials,Detergent,Pods,Hand Wash,Fresh Spring,kg,1.0,119,109.02,80.63,8.4,730,Ambient,18,False,Available,4.7,Regular
P000852,HAL-CHI-FRI-1500-4,Haldiram's Chips Extruded Snacks Fried Magic Masala 150.0 g,Haldiram's,Popular,Snacks,Munchies,Chips,Extruded Snacks,Fried,Magic Masala,g,150.0,105,70.27,50.06,33.1,180,Ambient,12,False,Available,4.5,Seasonal
P000853,FAR-TOM-ORG-1500,Farm Fresh Tomato Cherry Organic 1500 g,Farm Fresh,Popular,Fruits & Vegetables,Fresh Vegetables,Tomato,Cherry,Organic,Not Applicable,g,1500.0,119,108.95,82.28,8.4,4,Ambient,0,True,Available,4.5,Regular
P000854,PRI-CHI-ROA-900-3,Pringles Chips Nachos Roasted Cream & Onion 90.0 g,Pringles,Premium,Snacks,Munchies,Chips,Nachos,Roasted,Cream & Onion,g,90.0,39,36.73,26.6,5.8,180,Ambient,12,False,Available,4.7,Regular
P000855,BRU-COF-DEC-500-5,Bru Coffee Powder Instant Decaf Hazelnut 50.0 g,Bru,Popular,Beverages,Coffee,Coffee Powder,Instant,Decaf,Hazelnut,g,50.0,109,103.72,74.99,4.8,365,Ambient,18,False,Available,4.4,Regular
P000856,FOR-CHA-SHA-10-1,Fortune Chakki Atta Besan Sharbati 1.0 kg,Fortune,Popular,Staples & Grocery,Atta,Chakki Atta,Besan,Sharbati,Not Applicable,kg,1.0,69,63.98,50.87,7.3,90,Ambient,0,False,Available,4.3,Regular
P000857,SYS-BAT-AA-40-1,Syska Batteries Rechargeable AA 4.0 pack,Syska,Popular,Household Essentials,Electronics,Batteries,Rechargeable,AA,Not Applicable,pack,4.0,125,100.98,78.99,19.2,3650,Ambient,18,False,Low Stock,4.5,Regular
P000858,NAN-MIL-TON-10,Nandini Cow Milk Toned Plain 1.0 L,Nandini,Budget,"Dairy, Bread & Eggs",Milk,Milk,Cow Milk,Toned,Plain,L,1.0,49,36.48,27.6,25.5,2,Refrigerated,0,True,Available,4.1,Regular
P000859,PAT-CHA-SHA-100-3,Patanjali Chakki Atta Maida Sharbati 10.0 kg,Patanjali,Budget,Staples & Grocery,Atta,Chakki Atta,Maida,Sharbati,Not Applicable,kg,10.0,439,410.36,305.24,6.5,90,Ambient,0,False,Available,3.9,Seasonal
P000860,LAY-CHI-BAK-900-5,Lay's Potato Chips Baked Classic Salted 90.0 g,Lay's,Popular,Snacks,Munchies,Chips,Potato Chips,Baked,Classic Salted,g,90.0,29,25.69,17.53,11.4,180,Ambient,12,False,Available,4.4,Regular
P000861,ITC-FRI-VEG-4000-1,ITC Master Chef Fries & Bites Aloo Tikki Veg Masala 400.0 g,ITC Master Chef,Popular,Frozen Foods,Frozen Snacks,Fries & Bites,Aloo Tikki,Veg,Masala,g,400.0,215,211.72,160.37,1.5,180,Frozen,18,True,Available,4.3,Regular
P000862,MIN-FAC-ANT-300-2,Minimalist Face Serum Gel Anti-Acne Niacinamide 30.0 ml,Minimalist,Premium,Beauty & Personal Care,Skin Care,Face Serum,Gel,Anti-Acne,Niacinamide,ml,30.0,695,660.18,389.83,5.0,730,Ambient,18,False,Available,4.5,Regular
P000863,PRI-CHI-FRI-300-1,Pringles Chips Nachos Fried Tomato 30.0 g,Pringles,Premium,Snacks,Munchies,Chips,Nachos,Fried,Tomato,g,30.0,10,9.76,7.35,2.4,180,Ambient,12,False,Available,4.7,Regular
P000864,BRU-COF-DEC-1000-2,Bru Coffee Powder Filter Decaf Original 100.0 g,Bru,Popular,Beverages,Coffee,Coffee Powder,Filter,Decaf,Original,g,100.0,219,188.84,127.44,13.8,365,Ambient,18,False,Available,4.5,Regular
P000865,THE-FAC-BRI-300-2,The Derma Co Face Serum Liquid Serum Brightening Niacinamide 30.0 ml,The Derma Co,Premium,Beauty & Personal Care,Skin Care,Face Serum,Liquid Serum,Brightening,Niacinamide,ml,30.0,449,397.88,227.87,11.4,730,Ambient,18,False,Available,4.8,Regular
P000866,FAS-BAS-COT-10,Fastrack Basic Wear Socks Cotton 1.0 pc,Fastrack,Popular,Fashion & Lifestyle,Apparel & Accessories,Basic Wear,Socks,Cotton,Not Applicable,pc,1.0,729,645.24,445.74,11.5,3650,Ambient,12,False,Available,4.2,Regular
P000867,AAS-CHA-GLU-150-2,Aashirvaad Chakki Atta Multigrain Gluten Free 15.0 kg,Aashirvaad,Premium,Staples & Grocery,Atta,Chakki Atta,Multigrain,Gluten Free,Not Applicable,kg,15.0,899,826.02,612.84,8.1,90,Ambient,0,False,Available,4.9,Regular
P000868,DOT-FAC-ANT-500-3,Dot & Key Face Serum Liquid Serum Anti-Acne Hyaluronic Acid 50.0 ml,Dot & Key,Premium,Beauty & Personal Care,Skin Care,Face Serum,Liquid Serum,Anti-Acne,Hyaluronic Acid,ml,50.0,735,733.32,414.99,0.2,730,Ambient,18,False,Available,4.7,Regular
P000869,PRI-CHI-ROA-1500,Pringles Chips Extruded Snacks Roasted Cheese 150.0 g,Pringles,Premium,Snacks,Munchies,Chips,Extruded Snacks,Roasted,Cheese,g,150.0,69,68.69,53.25,0.4,180,Ambient,12,False,Available,4.5,Regular
P000870,SYS-BAT-AAA-40,Syska Batteries Alkaline AAA 4.0 pack,Syska,Popular,Household Essentials,Electronics,Batteries,Alkaline,AAA,Not Applicable,pack,4.0,135,123.04,92.73,8.9,3650,Ambient,18,False,Available,4.5,Regular
P000871,BRU-COF-GOL-500,Bru Coffee Powder Filter Gold Vanilla 50.0 g,Bru,Popular,Beverages,Coffee,Coffee Powder,Filter,Gold,Vanilla,g,50.0,125,111.44,73.19,10.9,365,Ambient,18,False,Available,4.4,Regular
P000872,FOR-CHA-GLU-20,Fortune Chakki Atta Maida Gluten Free 2.0 kg,Fortune,Popular,Staples & Grocery,Atta,Chakki Atta,Maida,Gluten Free,Not Applicable,kg,2.0,139,111.79,80.68,19.6,90,Ambient,0,False,Available,4.5,Regular
P000873,HAL-CHI-ROA-900-2,Haldiram's Corn Chips Roasted Tomato 90.0 g,Haldiram's,Popular,Snacks,Munchies,Chips,Corn Chips,Roasted,Tomato,g,90.0,39,37.01,25.95,5.1,180,Ambient,12,False,Available,4.4,Regular
P000874,KUR-CHI-ROA-1500-3,Kurkure Chips Extruded Snacks Roasted Cream & Onion 150.0 g,Kurkure,Popular,Snacks,Munchies,Chips,Extruded Snacks,Roasted,Cream & Onion,g,150.0,115,107.67,82.81,6.4,180,Ambient,12,False,Available,4.5,Regular
P000875,THE-BRE-SAN-4000,The Health Factory Bread Loaf White Sandwich 400.0 g,The Health Factory,Premium,"Dairy, Bread & Eggs",Bread,Bread Loaf,White,Sandwich,Not Applicable,g,400.0,59,54.34,42.78,7.9,5,Ambient,0,False,Available,4.7,Regular
P000876,AAS-CHA-GLU-20,Aashirvaad Chakki Atta Wheat Gluten Free 2.0 kg,Aashirvaad,Premium,Staples & Grocery,Atta,Chakki Atta,Wheat,Gluten Free,Not Applicable,kg,2.0,109,77.57,56.34,28.8,90,Ambient,0,False,Available,4.9,Regular
P000877,SUR-DET-FRO-10-5,Surf Excel Detergent Powder Front Load Lavender 1.0 kg,Surf Excel,Premium,Household Essentials,Cleaning Essentials,Detergent,Powder,Front Load,Lavender,kg,1.0,159,149.61,119.15,5.9,730,Ambient,18,False,Available,4.7,Regular
P000878,MIL-MIL-ORG-10-1,Milky Mist Cow Milk Organic Plain 1.0 L,Milky Mist,Popular,"Dairy, Bread & Eggs",Milk,Milk,Cow Milk,Organic,Plain,L,1.0,65,57.91,37.82,10.9,2,Refrigerated,0,True,Available,4.4,Regular
P000879,BRI-BRE-FRU-4000,Brick Oven Bread Loaf White Fruit 400.0 g,Brick Oven,Premium,"Dairy, Bread & Eggs",Bread,Bread Loaf,White,Fruit,Not Applicable,g,400.0,45,39.68,27.17,11.8,5,Ambient,0,False,Available,4.6,Seasonal
P000880,BRU-COF-DEC-500-6,Bru Coffee Powder Roast & Ground Decaf Hazelnut 50.0 g,Bru,Popular,Beverages,Coffee,Coffee Powder,Roast & Ground,Decaf,Hazelnut,g,50.0,145,120.66,95.46,16.8,365,Ambient,18,False,Low Stock,4.6,Regular
P000881,AAS-CHA-SHA-300,Aashirvaad Chakki Atta Maida Sharbati 30.0 kg,Aashirvaad,Premium,Staples & Grocery,Atta,Chakki Atta,Maida,Sharbati,Not Applicable,kg,30.0,1375,1257.21,949.57,8.6,90,Ambient,0,False,Available,4.5,Regular
P000882,PAT-CHA-GLU-10-2,Patanjali Chakki Atta Wheat Gluten Free 1.0 kg,Patanjali,Budget,Staples & Grocery,Atta,Chakki Atta,Wheat,Gluten Free,Not Applicable,kg,1.0,49,39.72,30.24,18.9,90,Ambient,0,False,Available,4.3,Regular
P000883,NAT-CHA-SHA-62,Nature Fresh Chakki Atta Maida Sharbati 6.2 kg,Nature Fresh,Popular,Staples & Grocery,Atta,Chakki Atta,Maida,Sharbati,Not Applicable,kg,6.2,455,360.46,275.41,20.8,90,Ambient,0,False,Available,4.4,Regular
P000884,ABH-EGG-FRE-300,Abhi Eggs Country Eggs Free Range 30.0 pc,Abhi Eggs,Budget,"Dairy, Bread & Eggs",Eggs,Eggs,Country Eggs,Free Range,Not Applicable,pc,30.0,235,217.27,157.38,7.5,21,Refrigerated,0,True,Available,4.3,Regular
P000885,BAK-BRE-SAN-2000-1,Baker's Loaf Bread Loaf Whole Wheat Sandwich 200.0 g,Baker's Loaf,Popular,"Dairy, Bread & Eggs",Bread,Bread Loaf,Whole Wheat,Sandwich,Not Applicable,g,200.0,24,22.42,16.08,6.6,5,Ambient,0,False,Available,4.2,Regular
P000886,FOR-CHA-SEL-125-1,Fortune Chakki Atta Maida Select 12.5 kg,Fortune,Popular,Staples & Grocery,Atta,Chakki Atta,Maida,Select,Not Applicable,kg,12.5,509,467.43,309.88,8.2,90,Ambient,0,False,Available,4.2,Regular
P000887,LAY-CHI-ROA-300-3,Lay's Chips Extruded Snacks Roasted Magic Masala 30.0 g,Lay's,Popular,Snacks,Munchies,Chips,Extruded Snacks,Roasted,Magic Masala,g,30.0,16,14.73,11.56,7.9,180,Ambient,12,False,Available,4.5,Regular
P000888,GAR-FAC-BRI-300-2,Garnier Face Serum Gel Brightening Salicylic Acid 30.0 ml,Garnier,Budget,Beauty & Personal Care,Skin Care,Face Serum,Gel,Brightening,Salicylic Acid,ml,30.0,659,514.79,301.85,21.9,730,Ambient,18,False,Available,4.0,Regular
P000889,HAL-CHI-FRI-900-4,Haldiram's Chips Extruded Snacks Fried Tomato 90.0 g,Haldiram's,Popular,Snacks,Munchies,Chips,Extruded Snacks,Fried,Tomato,g,90.0,45,38.25,26.11,15.0,180,Ambient,12,False,Available,4.3,Regular
P000890,HAL-CHI-ROA-900-3,Haldiram's Potato Chips Roasted Tomato 90.0 g,Haldiram's,Popular,Snacks,Munchies,Chips,Potato Chips,Roasted,Tomato,g,90.0,39,34.44,26.29,11.7,180,Ambient,12,False,Available,4.6,Regular
P000891,SYS-BAT-BUT-20,Syska Batteries Rechargeable Button Cell 2.0 pack,Syska,Popular,Household Essentials,Electronics,Batteries,Rechargeable,Button Cell,Not Applicable,pack,2.0,89,75.16,59.66,15.6,3650,Ambient,18,False,Available,4.5,Regular
P000892,BEV-COF-DEC-500-5,Bevzilla Coffee Powder Roast & Ground Decaf Mocha 50.0 g,Bevzilla,Premium,Beverages,Coffee,Coffee Powder,Roast & Ground,Decaf,Mocha,g,50.0,145,140.5,98.64,3.1,365,Ambient,18,False,Available,4.6,Regular
P000893,BRI-BRE-SAN-4000-1,Brick Oven Bread Loaf Brown Sandwich 400.0 g,Brick Oven,Premium,"Dairy, Bread & Eggs",Bread,Bread Loaf,Brown,Sandwich,Not Applicable,g,400.0,35,31.64,24.01,9.6,5,Ambient,0,False,Available,4.6,Regular
P000894,GAR-FAC-BRI-500-3,Garnier Face Serum Liquid Serum Brightening Salicylic Acid 50.0 ml,Garnier,Budget,Beauty & Personal Care,Skin Care,Face Serum,Liquid Serum,Brightening,Salicylic Acid,ml,50.0,869,782.13,415.71,10.0,730,Ambient,18,False,Available,3.9,Regular
P000895,MEI-CHI-WIT-2500-2,Meister Chicken Mince With Skin 250.0 g,Meister,Popular,Meat & Fish,Chicken,Chicken,Mince,With Skin,Not Applicable,g,250.0,139,137.04,106.31,1.4,3,Refrigerated,5,True,Available,4.4,Regular
P000896,FAS-BAS-CAN-10,Fastrack Basic Wear T-Shirts Canvas 1.0 pc,Fastrack,Popular,Fashion & Lifestyle,Apparel & Accessories,Basic Wear,T-Shirts,Canvas,Not Applicable,pc,1.0,255,253.86,176.49,0.4,3650,Ambient,12,False,Available,4.5,Regular
P000897,LAY-CHI-ROA-1500-4,Lay's Potato Chips Roasted Cream & Onion 150.0 g,Lay's,Popular,Snacks,Munchies,Chips,Potato Chips,Roasted,Cream & Onion,g,150.0,99,89.11,59.55,10.0,180,Ambient,12,False,Available,4.3,Regular
P000898,NES-COF-GOL-150,Nescafé Coffee Powder Filter Gold Mocha 150 g,Nescafé,Popular,Beverages,Coffee,Coffee Powder,Filter,Gold,Mocha,g,150.0,345,282.83,188.76,18.0,365,Ambient,18,False,Available,4.6,Regular
P000899,EVE-BAT-AAA-40,Eveready Batteries Rechargeable AAA 4.0 pack,Eveready,Budget,Household Essentials,Electronics,Batteries,Rechargeable,AAA,Not Applicable,pack,4.0,135,88.16,61.17,34.7,3650,Ambient,18,False,Available,3.9,Regular
P000900,KUR-CHI-BAK-300-4,Kurkure Potato Chips Baked Cheese 30.0 g,Kurkure,Popular,Snacks,Munchies,Chips,Potato Chips,Baked,Cheese,g,30.0,17,15.88,12.2,6.6,180,Ambient,12,False,Available,4.6,Regular
P000901,UNB-ONI-REG-150,Unbranded Onion White Regular 15.0 kg,Unbranded,Budget,Fruits & Vegetables,Fresh Vegetables,Onion,White,Regular,Not Applicable,kg,15.0,559,505.5,422.92,9.6,4,Ambient,0,True,Out Of Stock,4.3,Regular
P000902,PHI-BAT-AA-40-1,Philips Batteries Zinc Carbon AA 4.0 pack,Philips,Premium,Household Essentials,Electronics,Batteries,Zinc Carbon,AA,Not Applicable,pack,4.0,129,128.97,102.99,0.0,3650,Ambient,18,False,Available,4.6,Regular
P000903,MIL-MIL-SKI-10-1,Milky Mist Buffalo Milk Skimmed Plain 1.0 L,Milky Mist,Popular,"Dairy, Bread & Eggs",Milk,Milk,Buffalo Milk,Skimmed,Plain,L,1.0,69,66.6,48.4,3.5,2,Refrigerated,0,True,Available,4.4,Regular
P000904,KUR-CHI-BAK-300-5,Kurkure Corn Chips Baked Tomato 30.0 g,Kurkure,Popular,Snacks,Munchies,Chips,Corn Chips,Baked,Tomato,g,30.0,11,9.97,7.0,9.4,180,Ambient,12,False,Available,4.4,Regular
P000905,LAY-CHI-ROA-1500-5,Lay's Chips Nachos Roasted Cream & Onion 150.0 g,Lay's,Popular,Snacks,Munchies,Chips,Nachos,Roasted,Cream & Onion,g,150.0,109,99.1,72.66,9.1,180,Ambient,12,False,Available,4.2,Regular
P000906,HAR-DET-FRO-10,Harpic Detergent Pods Front Load Lavender 1.0 L,Harpic,Popular,Household Essentials,Cleaning Essentials,Detergent,Pods,Front Load,Lavender,L,1.0,345,321.26,228.03,6.9,730,Ambient,18,False,Available,4.4,Seasonal
P000907,UNB-BAS-COT-30,Unbranded Basic Wear T-Shirts Cotton 3.0 pack,Unbranded,Budget,Fashion & Lifestyle,Apparel & Accessories,Basic Wear,T-Shirts,Cotton,Not Applicable,pack,3.0,635,519.95,339.23,18.1,3650,Ambient,12,False,Available,3.9,Regular
P000908,PAT-CHA-SHA-20-1,Patanjali Chakki Atta Maida Sharbati 2.0 kg,Patanjali,Budget,Staples & Grocery,Atta,Chakki Atta,Maida,Sharbati,Not Applicable,kg,2.0,115,101.28,80.88,11.9,90,Ambient,0,False,Available,4.2,Regular
P000909,PRI-CHI-FRI-900-2,Pringles Chips Extruded Snacks Fried Classic Salted 90.0 g,Pringles,Premium,Snacks,Munchies,Chips,Extruded Snacks,Fried,Classic Salted,g,90.0,45,41.22,28.59,8.4,180,Ambient,12,False,Available,4.6,Regular
P000910,MCC-FRI-VEG-7500-1,McCain Fries & Bites Nuggets Veg Masala 750.0 g,McCain,Premium,Frozen Foods,Frozen Snacks,Fries & Bites,Nuggets,Veg,Masala,g,750.0,349,320.64,217.63,8.1,180,Frozen,18,True,Available,4.6,Regular
P000911,UNB-TOM-REG-750,Unbranded Tomato Hybrid Regular 750 g,Unbranded,Budget,Fruits & Vegetables,Fresh Vegetables,Tomato,Hybrid,Regular,Not Applicable,g,750.0,59,47.39,40.11,19.7,4,Ambient,0,True,Available,4.0,Regular
P000912,AMU-MIL-LAC-10,Amul Cow Milk Lactose Free Plain 1.0 L,Amul,Popular,"Dairy, Bread & Eggs",Milk,Milk,Cow Milk,Lactose Free,Plain,L,1.0,79,56.02,44.76,29.1,2,Refrigerated,0,True,Low Stock,4.6,Regular
P000913,THE-FAC-BRI-300-3,The Derma Co Face Serum Gel Brightening Salicylic Acid 30.0 ml,The Derma Co,Premium,Beauty & Personal Care,Skin Care,Face Serum,Gel,Brightening,Salicylic Acid,ml,30.0,655,513.1,330.71,21.7,730,Ambient,18,False,Available,4.7,Seasonal
P000914,BIN-CHI-FRI-300,Bingo Chips Extruded Snacks Fried Cheese 30.0 g,Bingo,Budget,Snacks,Munchies,Chips,Extruded Snacks,Fried,Cheese,g,30.0,12,11.88,8.19,1.0,180,Ambient,12,False,Available,4.1,Regular
P000915,PRI-CHI-BAK-900-5,Pringles Chips Nachos Baked Tomato 90.0 g,Pringles,Premium,Snacks,Munchies,Chips,Nachos,Baked,Tomato,g,90.0,39,38.66,27.52,0.9,180,Ambient,12,False,Available,4.8,Regular
P000916,PRI-CHI-BAK-1500-5,Pringles Corn Chips Baked Cheese 150.0 g,Pringles,Premium,Snacks,Munchies,Chips,Corn Chips,Baked,Cheese,g,150.0,59,47.59,31.97,19.3,180,Ambient,12,False,Available,4.9,Regular
P000917,PRI-CHI-ROA-300,Pringles Chips Extruded Snacks Roasted Cheese 30.0 g,Pringles,Premium,Snacks,Munchies,Chips,Extruded Snacks,Roasted,Cheese,g,30.0,17,14.83,9.98,12.7,180,Ambient,12,False,Available,4.5,Regular
P000918,KUR-CHI-FRI-300-2,Kurkure Chips Nachos Fried Classic Salted 30.0 g,Kurkure,Popular,Snacks,Munchies,Chips,Nachos,Fried,Classic Salted,g,30.0,20,16.64,11.78,16.8,180,Ambient,12,False,Available,4.5,Regular
P000919,KUR-CHI-ROA-1500-4,Kurkure Corn Chips Roasted Cream & Onion 150.0 g,Kurkure,Popular,Snacks,Munchies,Chips,Corn Chips,Roasted,Cream & Onion,g,150.0,109,87.17,64.15,20.0,180,Ambient,12,False,Available,4.5,Regular
P000920,NAT-CHA-SHA-300-2,Nature Fresh Chakki Atta Multigrain Sharbati 30.0 kg,Nature Fresh,Popular,Staples & Grocery,Atta,Chakki Atta,Multigrain,Sharbati,Not Applicable,kg,30.0,1825,1226.26,921.6,32.8,90,Ambient,0,False,Available,4.5,Regular
P000921,PAT-CHA-SEL-10,Patanjali Chakki Atta Wheat Select 1.0 kg,Patanjali,Budget,Staples & Grocery,Atta,Chakki Atta,Wheat,Select,Not Applicable,kg,1.0,59,58.64,42.35,0.6,90,Ambient,0,False,Available,4.0,Regular
P000922,DOT-FAC-HYD-500-4,Dot & Key Face Serum Liquid Serum Hydrating Niacinamide 50.0 ml,Dot & Key,Premium,Beauty & Personal Care,Skin Care,Face Serum,Liquid Serum,Hydrating,Niacinamide,ml,50.0,805,763.0,424.04,5.2,730,Ambient,18,False,Available,4.5,Seasonal
P000923,FAR-ONI-PRE-10-1,Farm Fresh Onion Sambhar Premium Grade 1.0 kg,Farm Fresh,Popular,Fruits & Vegetables,Fresh Vegetables,Onion,Sambhar,Premium Grade,Not Applicable,kg,1.0,59,54.48,44.59,7.7,4,Ambient,0,True,Available,4.4,Regular
P000924,NAN-MIL-LAC-5000,Nandini Buffalo Milk Lactose Free Plain 500.0 ml,Nandini,Budget,"Dairy, Bread & Eggs",Milk,Milk,Buffalo Milk,Lactose Free,Plain,ml,500.0,29,23.55,15.99,18.8,2,Refrigerated,0,True,Available,4.3,Regular
P000925,ARI-DET-TOP-10-6,Ariel Detergent Liquid Top Load Fresh Spring 1.0 kg,Ariel,Premium,Household Essentials,Cleaning Essentials,Detergent,Liquid,Top Load,Fresh Spring,kg,1.0,139,115.52,75.82,16.9,730,Ambient,18,False,Available,4.9,Regular
P000926,DOT-FAC-ANT-300-1,Dot & Key Face Serum Liquid Serum Anti-Acne Niacinamide 30.0 ml,Dot & Key,Premium,Beauty & Personal Care,Skin Care,Face Serum,Liquid Serum,Anti-Acne,Niacinamide,ml,30.0,479,447.17,307.4,6.6,730,Ambient,18,False,Available,4.8,Regular
P000927,HAL-CHI-BAK-900-5,Haldiram's Potato Chips Baked Cream & Onion 90.0 g,Haldiram's,Popular,Snacks,Munchies,Chips,Potato Chips,Baked,Cream & Onion,g,90.0,29,26.92,21.44,7.2,180,Ambient,12,False,Available,4.5,Regular
P000928,PAM-DIA-PRE-720,Pampers Diapers Pant Style Premium Care 72.0 pack,Pampers,Premium,Baby Care,Baby Diapers & Wipes,Diapers,Pant Style,Premium Care,Not Applicable,pack,72.0,1169,953.84,727.71,18.4,1095,Ambient,12,False,Out Of Stock,4.7,Regular
P000929,SUR-DET-FRO-10-6,Surf Excel Detergent Liquid Front Load Lemon 1.0 L,Surf Excel,Premium,Household Essentials,Cleaning Essentials,Detergent,Liquid,Front Load,Lemon,L,1.0,339,228.87,154.89,32.5,730,Ambient,18,False,Available,4.7,Seasonal
P000930,MOD-BRE-GAR-4000,Modern Bread Loaf Brown Garlic 400.0 g,Modern,Popular,"Dairy, Bread & Eggs",Bread,Bread Loaf,Brown,Garlic,Not Applicable,g,400.0,39,38.86,27.59,0.4,5,Ambient,0,False,Low Stock,4.4,Seasonal
P000931,FAR-TOM-REG-1000-1,Farm Fresh Tomato Local Regular 1000 g,Farm Fresh,Popular,Fruits & Vegetables,Fresh Vegetables,Tomato,Local,Regular,Not Applicable,g,1000.0,35,29.94,25.08,14.5,4,Ambient,0,True,Out Of Stock,4.6,Regular
P000932,BEV-COF-CLA-500-2,Bevzilla Coffee Powder Instant Classic Hazelnut 50.0 g,Bevzilla,Premium,Beverages,Coffee,Coffee Powder,Instant,Classic,Hazelnut,g,50.0,145,135.01,89.98,6.9,365,Ambient,18,False,Available,4.8,Regular
P000933,NAN-MIL-DOU-10,Nandini Cow Milk Double Toned Plain 1.0 L,Nandini,Budget,"Dairy, Bread & Eggs",Milk,Milk,Cow Milk,Double Toned,Plain,L,1.0,79,78.76,53.53,0.3,2,Refrigerated,0,True,Available,3.8,Seasonal
P000934,PAT-CHA-SEL-50-3,Patanjali Chakki Atta Maida Select 5.0 kg,Patanjali,Budget,Staples & Grocery,Atta,Chakki Atta,Maida,Select,Not Applicable,kg,5.0,315,308.2,241.85,2.2,90,Ambient,0,False,Available,3.8,New Arrival
P000935,LAY-CHI-FRI-900-2,Lay's Corn Chips Fried Classic Salted 90.0 g,Lay's,Popular,Snacks,Munchies,Chips,Corn Chips,Fried,Classic Salted,g,90.0,29,19.5,14.43,32.7,180,Ambient,12,False,Low Stock,4.4,Regular
P000936,BEV-COF-GOL-1000-3,Bevzilla Coffee Powder Roast & Ground Gold Original 100.0 g,Bevzilla,Premium,Beverages,Coffee,Coffee Powder,Roast & Ground,Gold,Original,g,100.0,229,153.5,104.67,33.0,365,Ambient,18,False,Available,4.7,Regular
P000937,FAR-TOM-REG-5000-2,Farm Fresh Tomato Local Regular 500.0 g,Farm Fresh,Popular,Fruits & Vegetables,Fresh Vegetables,Tomato,Local,Regular,Not Applicable,g,500.0,26,24.1,19.45,7.3,4,Ambient,0,True,Available,4.4,Regular
P000938,REL-CHI-ANT-5000-1,Relish Chicken Mince Antibiotic Free 500.0 g,Relish,Popular,Meat & Fish,Chicken,Chicken,Mince,Antibiotic Free,Not Applicable,g,500.0,165,137.76,96.24,16.5,3,Refrigerated,5,True,Available,4.2,Regular
P000939,FAR-ONI-REG-10,Farm Fresh Onion Sambhar Regular 1.0 kg,Farm Fresh,Popular,Fruits & Vegetables,Fresh Vegetables,Onion,Sambhar,Regular,Not Applicable,kg,1.0,45,37.85,31.76,15.9,4,Ambient,0,True,Available,4.2,Regular
P000940,NES-COF-GOL-300,Nescafé Coffee Powder Instant Gold Mocha 300 g,Nescafé,Popular,Beverages,Coffee,Coffee Powder,Instant,Gold,Mocha,g,300.0,879,852.94,574.78,3.0,365,Ambient,18,False,Available,4.6,Regular
P000941,BEN-COL-NON-250,Benadryl Cold Relief Vaporub Non-Drowsy Menthol 25.0 g,Benadryl,Popular,Pharmacy,Cold & Flu,Cold Relief,Vaporub,Non-Drowsy,Menthol,g,25.0,49,35.46,28.25,27.6,730,Ambient,12,False,Available,4.4,Regular
P000942,COU-MIL-LAC-5000,Country Delight A2 Milk Lactose Free Plain 500.0 ml,Country Delight,Premium,"Dairy, Bread & Eggs",Milk,Milk,A2 Milk,Lactose Free,Plain,ml,500.0,35,32.92,25.66,5.9,2,Refrigerated,0,True,Available,4.5,Regular
P000943,LAY-CHI-BAK-1500-4,Lay's Chips Nachos Baked Cheese 150.0 g,Lay's,Popular,Snacks,Munchies,Chips,Nachos,Baked,Cheese,g,150.0,59,49.65,35.9,15.8,180,Ambient,12,False,Available,4.5,Regular
P000944,ARI-DET-HAN-10-2,Ariel Detergent Powder Hand Wash Lavender 1.0 kg,Ariel,Premium,Household Essentials,Cleaning Essentials,Detergent,Powder,Hand Wash,Lavender,kg,1.0,159,154.36,110.96,2.9,730,Ambient,18,False,Available,4.6,Regular
P000945,BIN-CHI-ROA-1500-3,Bingo Potato Chips Roasted Magic Masala 150.0 g,Bingo,Budget,Snacks,Munchies,Chips,Potato Chips,Roasted,Magic Masala,g,150.0,79,76.62,57.95,3.0,180,Ambient,12,False,Available,4.3,Regular
P000946,BEN-COL-NON-1000,Benadryl Cold Relief Inhaler Non-Drowsy Tulsi 100.0 ml,Benadryl,Popular,Pharmacy,Cold & Flu,Cold Relief,Inhaler,Non-Drowsy,Tulsi,ml,100.0,109,76.45,63.32,29.9,730,Ambient,12,False,Discontinued,4.3,Regular
P000947,THE-BRE-FRU-4000-1,The Health Factory Bread Loaf Whole Wheat Fruit 400.0 g,The Health Factory,Premium,"Dairy, Bread & Eggs",Bread,Bread Loaf,Whole Wheat,Fruit,Not Applicable,g,400.0,59,49.8,39.43,15.6,5,Ambient,0,False,Available,4.6,Regular
P000948,THE-FAC-BRI-500-4,The Derma Co Face Serum Gel Brightening Hyaluronic Acid 50.0 ml,The Derma Co,Premium,Beauty & Personal Care,Skin Care,Face Serum,Gel,Brightening,Hyaluronic Acid,ml,50.0,989,826.75,545.45,16.4,730,Ambient,18,False,Available,4.5,Seasonal
P000949,MIN-FAC-ANT-150,Minimalist Face Serum Liquid Serum Anti-Acne Salicylic Acid 150 ml,Minimalist,Premium,Beauty & Personal Care,Skin Care,Face Serum,Liquid Serum,Anti-Acne,Salicylic Acid,ml,150.0,2025,1726.17,969.47,14.8,730,Ambient,18,False,Available,4.7,Regular
P000950,PRI-CHI-FRI-300-2,Pringles Corn Chips Fried Classic Salted 30.0 g,Pringles,Premium,Snacks,Munchies,Chips,Corn Chips,Fried,Classic Salted,g,30.0,17,15.43,11.03,9.3,180,Ambient,12,False,Available,4.6,Regular
P000951,AMU-FRI-CHI-4000-3,Amul Fries & Bites French Fries Chicken Classic 400.0 g,Amul,Popular,Frozen Foods,Frozen Snacks,Fries & Bites,French Fries,Chicken,Classic,g,400.0,149,129.2,101.33,13.3,180,Frozen,18,True,Available,4.6,Regular
P000952,MCC-FRI-CHI-7500-3,McCain Fries & Bites Aloo Tikki Chicken Masala 750.0 g,McCain,Premium,Frozen Foods,Frozen Snacks,Fries & Bites,Aloo Tikki,Chicken,Masala,g,750.0,365,264.85,175.33,27.4,180,Frozen,18,True,Available,4.8,Regular
P000953,PHI-BAT-AA-20,Philips Batteries Rechargeable AA 2.0 pack,Philips,Premium,Household Essentials,Electronics,Batteries,Rechargeable,AA,Not Applicable,pack,2.0,69,63.94,49.11,7.3,3650,Ambient,18,False,Available,4.7,Regular
P000954,PRI-CHI-BAK-1500-6,Pringles Chips Nachos Baked Cheese 150.0 g,Pringles,Premium,Snacks,Munchies,Chips,Nachos,Baked,Cheese,g,150.0,105,100.72,68.38,4.1,180,Ambient,12,False,Available,4.7,Regular
P000955,FOR-CHA-GLU-10-2,Fortune Chakki Atta Multigrain Gluten Free 1.0 kg,Fortune,Popular,Staples & Grocery,Atta,Chakki Atta,Multigrain,Gluten Free,Not Applicable,kg,1.0,59,39.89,31.87,32.4,90,Ambient,0,False,Available,4.2,Regular
P000956,BRU-COF-GOL-1000-8,Bru Coffee Powder Instant Gold Hazelnut 100.0 g,Bru,Popular,Beverages,Coffee,Coffee Powder,Instant,Gold,Hazelnut,g,100.0,219,184.95,144.01,15.5,365,Ambient,18,False,Available,4.4,Regular
P000957,FOR-CHA-GLU-50-1,Fortune Chakki Atta Multigrain Gluten Free 5.0 kg,Fortune,Popular,Staples & Grocery,Atta,Chakki Atta,Multigrain,Gluten Free,Not Applicable,kg,5.0,315,284.87,212.52,9.6,90,Ambient,0,False,Available,4.6,Regular
P000958,FOR-CHA-SHA-100,Fortune Chakki Atta Besan Sharbati 10.0 kg,Fortune,Popular,Staples & Grocery,Atta,Chakki Atta,Besan,Sharbati,Not Applicable,kg,10.0,465,352.18,270.18,24.3,90,Ambient,0,False,Available,4.3,Regular
P000959,NIV-FAC-ANT-300-1,Nivea Face Serum Liquid Serum Anti-Acne Salicylic Acid 30.0 ml,Nivea,Popular,Beauty & Personal Care,Skin Care,Face Serum,Liquid Serum,Anti-Acne,Salicylic Acid,ml,30.0,469,382.35,248.84,18.5,730,Ambient,18,False,Available,4.3,Regular
P000960,AKS-MIL-FUL-10,Akshayakalpa Cow Milk Full Cream Plain 1.0 L,Akshayakalpa,Premium,"Dairy, Bread & Eggs",Milk,Milk,Cow Milk,Full Cream,Plain,L,1.0,55,51.53,40.44,6.3,2,Refrigerated,0,True,Available,4.8,Regular
P000961,ITC-FRI-VEG-4000-2,ITC Master Chef Fries & Bites French Fries Veg Masala 400.0 g,ITC Master Chef,Popular,Frozen Foods,Frozen Snacks,Fries & Bites,French Fries,Veg,Masala,g,400.0,135,123.83,82.63,8.3,180,Frozen,18,True,Available,4.3,Regular
P000962,THE-FAC-ANT-500-3,The Derma Co Face Serum Gel Anti-Acne Hyaluronic Acid 50.0 ml,The Derma Co,Premium,Beauty & Personal Care,Skin Care,Face Serum,Gel,Anti-Acne,Hyaluronic Acid,ml,50.0,679,663.51,415.4,2.3,730,Ambient,18,False,Available,4.6,New Arrival
P000963,MAM-FAC-BRI-75,Mamaearth Face Serum Gel Brightening Niacinamide 75 ml,Mamaearth,Popular,Beauty & Personal Care,Skin Care,Face Serum,Gel,Brightening,Niacinamide,ml,75.0,999,922.73,498.45,7.6,730,Ambient,18,False,Available,4.4,Regular
P000964,PRI-CHI-BAK-300-3,Pringles Chips Extruded Snacks Baked Tomato 30.0 g,Pringles,Premium,Snacks,Munchies,Chips,Extruded Snacks,Baked,Tomato,g,30.0,14,11.6,9.07,17.1,180,Ambient,12,False,Available,4.9,Regular
P000965,BRU-COF-CLA-1000-5,Bru Coffee Powder Instant Classic Hazelnut 100.0 g,Bru,Popular,Beverages,Coffee,Coffee Powder,Instant,Classic,Hazelnut,g,100.0,175,154.18,111.03,11.9,365,Ambient,18,False,Available,4.5,Regular
P000966,AAS-CHA-SEL-30-2,Aashirvaad Chakki Atta Wheat Select 3.0 kg,Aashirvaad,Premium,Staples & Grocery,Atta,Chakki Atta,Wheat,Select,Not Applicable,kg,3.0,169,124.31,87.59,26.4,90,Ambient,0,False,Available,4.9,Regular
P000967,MAM-FAC-HYD-500-4,Mamaearth Face Serum Liquid Serum Hydrating Salicylic Acid 50.0 ml,Mamaearth,Popular,Beauty & Personal Care,Skin Care,Face Serum,Liquid Serum,Hydrating,Salicylic Acid,ml,50.0,905,833.17,440.84,7.9,730,Ambient,18,False,Available,4.3,Regular
P000968,BEV-COF-GOL-500-3,Bevzilla Coffee Powder Instant Gold Original 50.0 g,Bevzilla,Premium,Beverages,Coffee,Coffee Powder,Instant,Gold,Original,g,50.0,89,77.9,54.96,12.5,365,Ambient,18,False,Available,4.6,Regular
P000969,PAM-DIA-STA-750,Pampers Diapers Pant Style Standard 75.0 pack,Pampers,Premium,Baby Care,Baby Diapers & Wipes,Diapers,Pant Style,Standard,Not Applicable,pack,75.0,2419,2236.57,1593.3,7.5,1095,Ambient,12,False,Available,4.7,Seasonal
P000970,PAT-CHA-SHA-10,Patanjali Chakki Atta Multigrain Sharbati 1.0 kg,Patanjali,Budget,Staples & Grocery,Atta,Chakki Atta,Multigrain,Sharbati,Not Applicable,kg,1.0,69,62.84,42.82,8.9,90,Ambient,0,False,Available,4.1,Regular
P000971,VIC-COL-NON-250-1,Vicks Cold Relief Lozenges Non-Drowsy Tulsi 25.0 g,Vicks,Popular,Pharmacy,Cold & Flu,Cold Relief,Lozenges,Non-Drowsy,Tulsi,g,25.0,49,45.6,32.72,6.9,730,Ambient,12,False,Available,4.5,Regular
P000972,ARI-DET-HAN-10-3,Ariel Detergent Liquid Hand Wash Lemon 1.0 kg,Ariel,Premium,Household Essentials,Cleaning Essentials,Detergent,Liquid,Hand Wash,Lemon,kg,1.0,159,114.82,88.77,27.8,730,Ambient,18,False,Available,4.8,Regular
P000973,PRI-CHI-ROA-1500-1,Pringles Corn Chips Roasted Classic Salted 150.0 g,Pringles,Premium,Snacks,Munchies,Chips,Corn Chips,Roasted,Classic Salted,g,150.0,85,72.39,47.53,14.8,180,Ambient,12,False,Available,4.7,Regular
P000974,BIN-CHI-FRI-300-1,Bingo Potato Chips Fried Cheese 30.0 g,Bingo,Budget,Snacks,Munchies,Chips,Potato Chips,Fried,Cheese,g,30.0,16,14.69,10.01,8.2,180,Ambient,12,False,Available,4.1,Regular
P000975,BAK-BRE-GAR-2000-1,Baker's Loaf Bread Loaf Multigrain Garlic 200.0 g,Baker's Loaf,Popular,"Dairy, Bread & Eggs",Bread,Bread Loaf,Multigrain,Garlic,Not Applicable,g,200.0,23,18.64,13.65,18.9,5,Ambient,0,False,Available,4.3,Regular
P000976,VOL-PAI-STA-500,Volini Pain Reliever Gel Standard 50.0 g,Volini,Popular,Pharmacy,Pain Relief,Pain Reliever,Gel,Standard,Not Applicable,g,50.0,165,121.48,96.39,26.4,730,Ambient,12,False,Available,4.3,Seasonal
P000977,HAR-DET-TOP-10-3,Harpic Detergent Pods Top Load Lemon 1.0 L,Harpic,Popular,Household Essentials,Cleaning Essentials,Detergent,Pods,Top Load,Lemon,L,1.0,319,278.98,219.64,12.5,730,Ambient,18,False,Available,4.5,Regular
P000978,ITC-FRI-VEG-7500-3,ITC Master Chef Fries & Bites Aloo Tikki Veg Masala 750.0 g,ITC Master Chef,Popular,Frozen Foods,Frozen Snacks,Fries & Bites,Aloo Tikki,Veg,Masala,g,750.0,265,224.75,172.04,15.2,180,Frozen,18,True,Available,4.2,Regular
P000979,FOR-CHA-SHA-50-1,Fortune Chakki Atta Maida Sharbati 5.0 kg,Fortune,Popular,Staples & Grocery,Atta,Chakki Atta,Maida,Sharbati,Not Applicable,kg,5.0,295,255.58,187.17,13.4,90,Ambient,0,False,Available,4.4,Regular
P000980,BRI-BRE-SAN-2000,Brick Oven Bread Loaf Brown Sandwich 200.0 g,Brick Oven,Premium,"Dairy, Bread & Eggs",Bread,Bread Loaf,Brown,Sandwich,Not Applicable,g,200.0,26,22.11,16.78,15.0,5,Ambient,0,False,Low Stock,4.5,Regular
P000981,PUM-BAS-LEA-30,Puma Basic Wear Socks Leather 3.0 pack,Puma,Premium,Fashion & Lifestyle,Apparel & Accessories,Basic Wear,Socks,Leather,Not Applicable,pack,3.0,475,444.94,350.89,6.3,3650,Ambient,12,False,Available,4.9,Regular
P000982,PRI-CHI-BAK-300-4,Pringles Corn Chips Baked Classic Salted 30.0 g,Pringles,Premium,Snacks,Munchies,Chips,Corn Chips,Baked,Classic Salted,g,30.0,13,11.05,7.93,15.0,180,Ambient,12,False,Available,4.5,Regular
P000983,LAY-CHI-ROA-900-4,Lay's Potato Chips Roasted Tomato 90.0 g,Lay's,Popular,Snacks,Munchies,Chips,Potato Chips,Roasted,Tomato,g,90.0,35,32.85,25.7,6.1,180,Ambient,12,False,Available,4.3,Regular
P000984,HAR-DET-HAN-10-3,Harpic Detergent Liquid Hand Wash Lavender 1.0 kg,Harpic,Popular,Household Essentials,Cleaning Essentials,Detergent,Liquid,Hand Wash,Lavender,kg,1.0,185,138.74,96.94,25.0,730,Ambient,18,False,Available,4.3,Regular
P000985,GAR-FAC-ANT-500-1,Garnier Face Serum Liquid Serum Anti-Acne Hyaluronic Acid 50.0 ml,Garnier,Budget,Beauty & Personal Care,Skin Care,Face Serum,Liquid Serum,Anti-Acne,Hyaluronic Acid,ml,50.0,895,736.72,391.13,17.7,730,Ambient,18,False,Available,3.9,New Arrival
P000986,AAS-CHA-SEL-10-1,Aashirvaad Chakki Atta Besan Select 1.0 kg,Aashirvaad,Premium,Staples & Grocery,Atta,Chakki Atta,Besan,Select,Not Applicable,kg,1.0,65,57.6,38.69,11.4,90,Ambient,0,False,Available,4.8,Regular
P000987,AAS-CHA-SHA-100-1,Aashirvaad Chakki Atta Besan Sharbati 10.0 kg,Aashirvaad,Premium,Staples & Grocery,Atta,Chakki Atta,Besan,Sharbati,Not Applicable,kg,10.0,575,538.74,368.76,6.3,90,Ambient,0,False,Available,4.6,Regular
P000988,ITC-FRI-CHI-7500-6,ITC Master Chef Fries & Bites Nuggets Chicken Classic 750.0 g,ITC Master Chef,Popular,Frozen Foods,Frozen Snacks,Fries & Bites,Nuggets,Chicken,Classic,g,750.0,275,247.54,162.91,10.0,180,Frozen,18,True,Available,4.5,Seasonal
P000989,CRO-PAI-AYU-500,Crocin Pain Reliever Ointment Ayurvedic 50.0 g,Crocin,Popular,Pharmacy,Pain Relief,Pain Reliever,Ointment,Ayurvedic,Not Applicable,g,50.0,219,174.81,131.44,20.2,730,Ambient,12,False,Available,4.6,Regular
P000990,NES-COF-CLA-1000-5,Nescafé Coffee Powder Filter Classic Mocha 100.0 g,Nescafé,Popular,Beverages,Coffee,Coffee Powder,Filter,Classic,Mocha,g,100.0,339,275.76,211.19,18.7,365,Ambient,18,False,Low Stock,4.5,Regular
P000991,MIL-MIL-DOU-10,Milky Mist Buffalo Milk Double Toned Plain 1.0 L,Milky Mist,Popular,"Dairy, Bread & Eggs",Milk,Milk,Buffalo Milk,Double Toned,Plain,L,1.0,55,51.61,36.74,6.2,2,Refrigerated,0,True,Available,4.4,Regular
P000992,MAM-DIA-PRE-730,MamyPoko Diapers Taped Premium Care 73.0 pack,MamyPoko,Popular,Baby Care,Baby Diapers & Wipes,Diapers,Taped,Premium Care,Not Applicable,pack,73.0,1439,1177.91,882.14,18.1,1095,Ambient,12,False,Available,4.2,Regular
P000993,MAM-FAC-ANT-300-4,Mamaearth Face Serum Gel Anti-Acne Vitamin C 30.0 ml,Mamaearth,Popular,Beauty & Personal Care,Skin Care,Face Serum,Gel,Anti-Acne,Vitamin C,ml,30.0,735,629.98,322.31,14.3,730,Ambient,18,False,Available,4.4,Regular
P000994,BEV-COF-CLA-500-3,Bevzilla Coffee Powder Roast & Ground Classic Original 50.0 g,Bevzilla,Premium,Beverages,Coffee,Coffee Powder,Roast & Ground,Classic,Original,g,50.0,109,73.25,58.27,32.8,365,Ambient,18,False,Available,4.6,Regular
P000995,SYS-BAT-BUT-20-1,Syska Batteries Zinc Carbon Button Cell 2.0 pack,Syska,Popular,Household Essentials,Electronics,Batteries,Zinc Carbon,Button Cell,Not Applicable,pack,2.0,79,68.69,47.35,13.1,3650,Ambient,18,False,Available,4.4,Regular
P000996,MEI-CHI-ANT-10-2,Meister Chicken Curry Cut Antibiotic Free 1.0 kg,Meister,Popular,Meat & Fish,Chicken,Chicken,Curry Cut,Antibiotic Free,Not Applicable,kg,1.0,459,342.78,262.63,25.3,3,Refrigerated,5,True,Available,4.4,Regular
P000997,UNB-BAS-CAN-30-1,Unbranded Basic Wear Caps Canvas 3.0 pack,Unbranded,Budget,Fashion & Lifestyle,Apparel & Accessories,Basic Wear,Caps,Canvas,Not Applicable,pack,3.0,599,493.41,343.62,17.6,3650,Ambient,12,False,Available,3.9,Regular
P000998,GAR-FAC-ANT-500-2,Garnier Face Serum Liquid Serum Anti-Acne Salicylic Acid 50.0 ml,Garnier,Budget,Beauty & Personal Care,Skin Care,Face Serum,Liquid Serum,Anti-Acne,Salicylic Acid,ml,50.0,835,704.11,488.34,15.7,730,Ambient,18,False,Available,3.9,Regular
P000999,MAM-FAC-BRI-300-2,Mamaearth Face Serum Liquid Serum Brightening Salicylic Acid 30.0 ml,Mamaearth,Popular,Beauty & Personal Care,Skin Care,Face Serum,Liquid Serum,Brightening,Salicylic Acid,ml,30.0,789,749.78,439.64,5.0,730,Ambient,18,False,Available,4.5,Regular
P001000,AAS-CHA-SHA-50-2,Aashirvaad Chakki Atta Maida Sharbati 5.0 kg,Aashirvaad,Premium,Staples & Grocery,Atta,Chakki Atta,Maida,Sharbati,Not Applicable,kg,5.0,365,336.28,249.31,7.9,90,Ambient,0,False,Available,4.7,Regular
P001001,MCC-FRI-VEG-7500-2,McCain Fries & Bites Nuggets Veg Spicy 750.0 g,McCain,Premium,Frozen Foods,Frozen Snacks,Fries & Bites,Nuggets,Veg,Spicy,g,750.0,369,329.75,244.69,10.6,180,Frozen,18,True,Available,4.7,Regular
P001002,NAT-CHA-GLU-50-2,Nature Fresh Chakki Atta Besan Gluten Free 5.0 kg,Nature Fresh,Popular,Staples & Grocery,Atta,Chakki Atta,Besan,Gluten Free,Not Applicable,kg,5.0,265,213.01,149.99,19.6,90,Ambient,0,False,Available,4.3,Regular
P001003,MAM-FAC-ANT-300-5,Mamaearth Face Serum Gel Anti-Acne Salicylic Acid 30.0 ml,Mamaearth,Popular,Beauty & Personal Care,Skin Care,Face Serum,Gel,Anti-Acne,Salicylic Acid,ml,30.0,469,327.72,217.76,30.1,730,Ambient,18,False,Available,4.5,Regular
P001004,PAT-CHA-GLU-62,Patanjali Chakki Atta Wheat Gluten Free 6.2 kg,Patanjali,Budget,Staples & Grocery,Atta,Chakki Atta,Wheat,Gluten Free,Not Applicable,kg,6.2,389,388.48,299.19,0.1,90,Ambient,0,False,Available,4.3,Regular
P001005,PHI-BAT-BUT-40,Philips Batteries Rechargeable Button Cell 4.0 pack,Philips,Premium,Household Essentials,Electronics,Batteries,Rechargeable,Button Cell,Not Applicable,pack,4.0,105,98.67,74.63,6.0,3650,Ambient,18,False,Available,4.7,Regular
P001006,HAL-CHI-ROA-1500-2,Haldiram's Chips Nachos Roasted Tomato 150.0 g,Haldiram's,Popular,Snacks,Munchies,Chips,Nachos,Roasted,Tomato,g,150.0,79,73.59,58.75,6.8,180,Ambient,12,False,Available,4.3,Regular
P001007,AMU-FRI-CHI-4000-4,Amul Fries & Bites Nuggets Chicken Classic 400.0 g,Amul,Popular,Frozen Foods,Frozen Snacks,Fries & Bites,Nuggets,Chicken,Classic,g,400.0,209,204.91,133.51,2.0,180,Frozen,18,True,Available,4.3,Regular
P001008,JOC-BAS-COT-10,Jockey Basic Wear Belts Cotton 1.0 pc,Jockey,Premium,Fashion & Lifestyle,Apparel & Accessories,Basic Wear,Belts,Cotton,Not Applicable,pc,1.0,535,488.37,362.2,8.7,3650,Ambient,12,False,Available,4.9,Regular
P001009,UNB-ONI-PRE-50-2,Unbranded Onion Red Premium Grade 5.0 kg,Unbranded,Budget,Fruits & Vegetables,Fresh Vegetables,Onion,Red,Premium Grade,Not Applicable,kg,5.0,169,161.64,132.39,4.4,4,Ambient,0,True,Available,4.2,New Arrival
P001010,LIC-CHI-SKI-5000-1,Licious Chicken Boneless Skinless 500.0 g,Licious,Premium,Meat & Fish,Chicken,Chicken,Boneless,Skinless,Not Applicable,g,500.0,259,228.99,163.44,11.6,3,Refrigerated,5,True,Available,4.6,Regular
P001011,MEI-CHI-ANT-5000,Meister Chicken Curry Cut Antibiotic Free 500.0 g,Meister,Popular,Meat & Fish,Chicken,Chicken,Curry Cut,Antibiotic Free,Not Applicable,g,500.0,185,178.37,130.42,3.6,3,Refrigerated,5,True,Available,4.3,Regular
P001012,NES-COF-GOL-1000-4,Nescafé Coffee Powder Instant Gold Mocha 100.0 g,Nescafé,Popular,Beverages,Coffee,Coffee Powder,Instant,Gold,Mocha,g,100.0,349,341.22,230.77,2.2,365,Ambient,18,False,Available,4.4,Regular
P001013,LAY-CHI-ROA-1500-6,Lay's Chips Nachos Roasted Classic Salted 150.0 g,Lay's,Popular,Snacks,Munchies,Chips,Nachos,Roasted,Classic Salted,g,150.0,65,60.68,43.36,6.6,180,Ambient,12,False,Out Of Stock,4.4,Regular
P001014,HAL-CHI-FRI-900-5,Haldiram's Chips Extruded Snacks Fried Cream & Onion 90.0 g,Haldiram's,Popular,Snacks,Munchies,Chips,Extruded Snacks,Fried,Cream & Onion,g,90.0,39,36.97,29.07,5.2,180,Ambient,12,False,Available,4.5,Seasonal
P001015,FOR-CHA-SHA-100-1,Fortune Chakki Atta Multigrain Sharbati 10.0 kg,Fortune,Popular,Staples & Grocery,Atta,Chakki Atta,Multigrain,Sharbati,Not Applicable,kg,10.0,695,682.95,460.04,1.7,90,Ambient,0,False,Available,4.5,Regular
P001016,HUG-DIA-STA-720-1,Huggies Diapers Pant Style Standard 72.0 pack,Huggies,Popular,Baby Care,Baby Diapers & Wipes,Diapers,Pant Style,Standard,Not Applicable,pack,72.0,925,756.33,508.65,18.2,1095,Ambient,12,False,Available,4.4,Regular
P001017,NES-COF-CLA-500-3,Nescafé Coffee Powder Roast & Ground Classic Hazelnut 50.0 g,Nescafé,Popular,Beverages,Coffee,Coffee Powder,Roast & Ground,Classic,Hazelnut,g,50.0,89,81.8,60.14,8.1,365,Ambient,18,False,Available,4.4,Regular
P001018,KUR-CHI-ROA-1500-5,Kurkure Chips Nachos Roasted Tomato 150.0 g,Kurkure,Popular,Snacks,Munchies,Chips,Nachos,Roasted,Tomato,g,150.0,95,86.93,68.3,8.5,180,Ambient,12,False,Available,4.5,Regular
P001019,GAR-FAC-HYD-100,Garnier Face Serum Liquid Serum Hydrating Vitamin C 100 ml,Garnier,Budget,Beauty & Personal Care,Skin Care,Face Serum,Liquid Serum,Hydrating,Vitamin C,ml,100.0,1229,997.27,666.59,18.9,730,Ambient,18,False,Low Stock,4.2,Regular
P001020,LIC-CHI-SKI-2500-1,Licious Chicken Boneless Skinless 250.0 g,Licious,Premium,Meat & Fish,Chicken,Chicken,Boneless,Skinless,Not Applicable,g,250.0,119,115.03,90.87,3.3,3,Refrigerated,5,True,Available,4.8,Seasonal
P001021,HAR-DET-FRO-10-1,Harpic Detergent Liquid Front Load Lavender 1.0 kg,Harpic,Popular,Household Essentials,Cleaning Essentials,Detergent,Liquid,Front Load,Lavender,kg,1.0,235,212.57,156.94,9.5,730,Ambient,18,False,Available,4.5,Regular
P001022,HAR-DET-FRO-10-2,Harpic Detergent Powder Front Load Lavender 1.0 L,Harpic,Popular,Household Essentials,Cleaning Essentials,Detergent,Powder,Front Load,Lavender,L,1.0,199,171.76,117.95,13.7,730,Ambient,18,False,Available,4.4,Regular
P001023,PRI-CHI-FRI-900-3,Pringles Chips Extruded Snacks Fried Cheese 90.0 g,Pringles,Premium,Snacks,Munchies,Chips,Extruded Snacks,Fried,Cheese,g,90.0,45,44.08,34.17,2.1,180,Ambient,12,False,Low Stock,4.6,Regular
P001024,VOL-PAI-STA-500-1,Volini Pain Reliever Tablet Standard 50.0 g,Volini,Popular,Pharmacy,Pain Relief,Pain Reliever,Tablet,Standard,Not Applicable,g,50.0,145,130.11,98.13,10.3,730,Ambient,12,False,Available,4.5,Regular
P001025,MAM-DIA-ALO-330,MamyPoko Diapers Taped Aloe Vera Enriched 33.0 pack,MamyPoko,Popular,Baby Care,Baby Diapers & Wipes,Diapers,Taped,Aloe Vera Enriched,Not Applicable,pack,33.0,1325,1235.98,914.75,6.7,1095,Ambient,12,False,Available,4.3,Regular
P001026,MCC-FRI-CHI-4000-2,McCain Fries & Bites Cheese Balls Chicken Classic 400.0 g,McCain,Premium,Frozen Foods,Frozen Snacks,Fries & Bites,Cheese Balls,Chicken,Classic,g,400.0,125,95.3,66.1,23.8,180,Frozen,18,True,Low Stock,4.6,Regular
P001027,VIM-DET-FRO-10-4,Vim Detergent Pods Front Load Fresh Spring 1.0 L,Vim,Popular,Household Essentials,Cleaning Essentials,Detergent,Pods,Front Load,Fresh Spring,L,1.0,295,288.15,210.58,2.3,730,Ambient,18,False,Low Stock,4.2,Regular
P001028,GAR-FAC-ANT-500-3,Garnier Face Serum Liquid Serum Anti-Acne Niacinamide 50.0 ml,Garnier,Budget,Beauty & Personal Care,Skin Care,Face Serum,Liquid Serum,Anti-Acne,Niacinamide,ml,50.0,859,595.26,364.57,30.7,730,Ambient,18,False,Available,4.0,Regular
P001029,NES-COF-DEC-1000-4,Nescafé Coffee Powder Filter Decaf Hazelnut 100.0 g,Nescafé,Popular,Beverages,Coffee,Coffee Powder,Filter,Decaf,Hazelnut,g,100.0,205,181.19,122.16,11.6,365,Ambient,18,False,Available,4.4,Regular
P001030,MIN-FAC-BRI-500-5,Minimalist Face Serum Liquid Serum Brightening Niacinamide 50.0 ml,Minimalist,Premium,Beauty & Personal Care,Skin Care,Face Serum,Liquid Serum,Brightening,Niacinamide,ml,50.0,669,664.85,366.8,0.6,730,Ambient,18,False,Available,4.6,Regular
P001031,NIV-FAC-ANT-300-2,Nivea Face Serum Gel Anti-Acne Salicylic Acid 30.0 ml,Nivea,Popular,Beauty & Personal Care,Skin Care,Face Serum,Gel,Anti-Acne,Salicylic Acid,ml,30.0,669,635.18,409.91,5.1,730,Ambient,18,False,Low Stock,4.4,Regular
P001032,KUR-CHI-FRI-300-3,Kurkure Chips Extruded Snacks Fried Classic Salted 30.0 g,Kurkure,Popular,Snacks,Munchies,Chips,Extruded Snacks,Fried,Classic Salted,g,30.0,12,9.94,6.62,17.1,180,Ambient,12,False,Available,4.4,Regular
P001033,UNB-BAS-CAN-10,Unbranded Basic Wear Caps Canvas 1.0 pc,Unbranded,Budget,Fashion & Lifestyle,Apparel & Accessories,Basic Wear,Caps,Canvas,Not Applicable,pc,1.0,549,435.27,306.77,20.7,3650,Ambient,12,False,Available,4.1,Regular
P001034,FOR-CHA-GLU-150,Fortune Chakki Atta Maida Gluten Free 15.0 kg,Fortune,Popular,Staples & Grocery,Atta,Chakki Atta,Maida,Gluten Free,Not Applicable,kg,15.0,919,842.72,661.18,8.3,90,Ambient,0,False,Available,4.5,Regular
P001035,FOR-CHA-SHA-300-1,Fortune Chakki Atta Maida Sharbati 30.0 kg,Fortune,Popular,Staples & Grocery,Atta,Chakki Atta,Maida,Sharbati,Not Applicable,kg,30.0,1625,1154.19,914.93,29.0,90,Ambient,0,False,Available,4.4,Regular
P001036,BEV-COF-DEC-1000-4,Bevzilla Coffee Powder Filter Decaf Vanilla 100.0 g,Bevzilla,Premium,Beverages,Coffee,Coffee Powder,Filter,Decaf,Vanilla,g,100.0,189,177.19,117.6,6.2,365,Ambient,18,False,Available,4.6,Regular
P001037,UNB-TOM-ORG-1000,Unbranded Tomato Local Organic 1000 g,Unbranded,Budget,Fruits & Vegetables,Fresh Vegetables,Tomato,Local,Organic,Not Applicable,g,1000.0,29,26.02,22.08,10.3,4,Ambient,0,True,Available,4.2,Regular
P001038,BIN-CHI-FRI-1500-2,Bingo Corn Chips Fried Cream & Onion 150.0 g,Bingo,Budget,Snacks,Munchies,Chips,Corn Chips,Fried,Cream & Onion,g,150.0,99,93.74,61.51,5.3,180,Ambient,12,False,Available,3.8,Regular
P001039,ENG-BRE-SAN-4000,English Oven Bread Loaf Brown Sandwich 400.0 g,English Oven,Popular,"Dairy, Bread & Eggs",Bread,Bread Loaf,Brown,Sandwich,Not Applicable,g,400.0,59,57.04,39.44,3.3,5,Ambient,0,False,Available,4.2,Regular
P001040,THE-FAC-BRI-300-4,The Derma Co Face Serum Gel Brightening Hyaluronic Acid 30.0 ml,The Derma Co,Premium,Beauty & Personal Care,Skin Care,Face Serum,Gel,Brightening,Hyaluronic Acid,ml,30.0,605,580.33,368.78,4.1,730,Ambient,18,False,Available,4.8,Regular
P001041,FAR-APP-WAX-60,Farm Fresh Apple Kashmiri Wax Free 6.0 pc,Farm Fresh,Popular,Fruits & Vegetables,Fresh Fruits,Apple,Kashmiri,Wax Free,Not Applicable,pc,6.0,265,239.37,194.01,9.7,5,Refrigerated,0,True,Available,4.4,Regular
P001042,COU-MIL-SKI-10,Country Delight A2 Milk Skimmed Plain 1.0 L,Country Delight,Premium,"Dairy, Bread & Eggs",Milk,Milk,A2 Milk,Skimmed,Plain,L,1.0,59,55.74,41.89,5.5,2,Refrigerated,0,True,Available,4.5,Regular
P001043,HAL-CHI-ROA-900-4,Haldiram's Corn Chips Roasted Classic Salted 90.0 g,Haldiram's,Popular,Snacks,Munchies,Chips,Corn Chips,Roasted,Classic Salted,g,90.0,39,35.05,26.92,10.1,180,Ambient,12,False,Available,4.3,Seasonal
P001044,AMU-FRI-VEG-4000-1,Amul Fries & Bites French Fries Veg Classic 400.0 g,Amul,Popular,Frozen Foods,Frozen Snacks,Fries & Bites,French Fries,Veg,Classic,g,400.0,185,161.35,113.98,12.8,180,Frozen,18,True,Available,4.2,Regular
P001045,UNB-ONI-REG-10-2,Unbranded Onion Sambhar Regular 1.0 kg,Unbranded,Budget,Fruits & Vegetables,Fresh Vegetables,Onion,Sambhar,Regular,Not Applicable,kg,1.0,55,40.61,31.4,26.2,4,Ambient,0,True,Available,4.0,Regular
P001046,PRI-CHI-BAK-900-6,Pringles Chips Extruded Snacks Baked Cream & Onion 90.0 g,Pringles,Premium,Snacks,Munchies,Chips,Extruded Snacks,Baked,Cream & Onion,g,90.0,49,40.61,27.67,17.1,180,Ambient,12,False,Available,4.9,Regular
P001047,KUR-CHI-BAK-1500-3,Kurkure Potato Chips Baked Cheese 150.0 g,Kurkure,Popular,Snacks,Munchies,Chips,Potato Chips,Baked,Cheese,g,150.0,89,83.43,65.56,6.3,180,Ambient,12,False,Available,4.3,Regular
P001048,NES-COF-DEC-1000-5,Nescafé Coffee Powder Instant Decaf Hazelnut 100.0 g,Nescafé,Popular,Beverages,Coffee,Coffee Powder,Instant,Decaf,Hazelnut,g,100.0,275,203.97,134.89,25.8,365,Ambient,18,False,Available,4.5,Regular
P001049,BIN-CHI-FRI-1500-3,Bingo Chips Nachos Fried Tomato 150.0 g,Bingo,Budget,Snacks,Munchies,Chips,Nachos,Fried,Tomato,g,150.0,59,55.53,38.08,5.9,180,Ambient,12,False,Available,4.1,Regular
P001050,DOT-FAC-ANT-300-2,Dot & Key Face Serum Liquid Serum Anti-Acne Hyaluronic Acid 30.0 ml,Dot & Key,Premium,Beauty & Personal Care,Skin Care,Face Serum,Liquid Serum,Anti-Acne,Hyaluronic Acid,ml,30.0,789,657.52,451.39,16.7,730,Ambient,18,False,Available,4.5,Regular
P001051,REL-CHI-WIT-5000-1,Relish Chicken Curry Cut With Skin 500.0 g,Relish,Popular,Meat & Fish,Chicken,Chicken,Curry Cut,With Skin,Not Applicable,g,500.0,305,260.81,188.66,14.5,3,Refrigerated,5,True,Available,4.5,Regular
P001052,MAM-FAC-BRI-500-3,Mamaearth Face Serum Liquid Serum Brightening Niacinamide 50.0 ml,Mamaearth,Popular,Beauty & Personal Care,Skin Care,Face Serum,Liquid Serum,Brightening,Niacinamide,ml,50.0,799,730.9,509.69,8.5,730,Ambient,18,False,Available,4.2,Regular
P001053,UNB-CHI-SKI-10,Unbranded Chicken Drumsticks Skinless 1.0 kg,Unbranded,Budget,Meat & Fish,Chicken,Chicken,Drumsticks,Skinless,Not Applicable,kg,1.0,485,378.97,289.74,21.9,3,Refrigerated,5,True,Available,4.0,Regular
P001054,FAR-APP-REG-70,Farm Fresh Apple Royal Gala Regular 7.0 pc,Farm Fresh,Popular,Fruits & Vegetables,Fresh Fruits,Apple,Royal Gala,Regular,Not Applicable,pc,7.0,319,301.78,252.36,5.4,5,Refrigerated,0,True,Available,4.4,Regular
P001055,BRU-COF-CLA-500-3,Bru Coffee Powder Filter Classic Hazelnut 50.0 g,Bru,Popular,Beverages,Coffee,Coffee Powder,Filter,Classic,Hazelnut,g,50.0,95,88.47,62.26,6.9,365,Ambient,18,False,Available,4.3,Regular
P001056,BAK-BRE-SAN-2000-2,Baker's Loaf Bread Loaf Multigrain Sandwich 200.0 g,Baker's Loaf,Popular,"Dairy, Bread & Eggs",Bread,Bread Loaf,Multigrain,Sandwich,Not Applicable,g,200.0,29,26.12,19.16,9.9,5,Ambient,0,False,Low Stock,4.6,Regular
P001057,ITC-FRI-CHI-4000-3,ITC Master Chef Fries & Bites Aloo Tikki Chicken Classic 400.0 g,ITC Master Chef,Popular,Frozen Foods,Frozen Snacks,Fries & Bites,Aloo Tikki,Chicken,Classic,g,400.0,129,112.0,76.38,13.2,180,Frozen,18,True,Available,4.2,Regular
P001058,MCC-FRI-CHI-4000-3,McCain Fries & Bites Nuggets Chicken Spicy 400.0 g,McCain,Premium,Frozen Foods,Frozen Snacks,Fries & Bites,Nuggets,Chicken,Spicy,g,400.0,199,184.92,125.39,7.1,180,Frozen,18,True,Available,4.8,Regular
P001059,MIN-FAC-BRI-300-5,Minimalist Face Serum Liquid Serum Brightening Niacinamide 30.0 ml,Minimalist,Premium,Beauty & Personal Care,Skin Care,Face Serum,Liquid Serum,Brightening,Niacinamide,ml,30.0,489,471.08,297.47,3.7,730,Ambient,18,False,Available,4.6,Regular
P001060,UNB-ONI-REG-12,Unbranded Onion White Regular 1.2 kg,Unbranded,Budget,Fruits & Vegetables,Fresh Vegetables,Onion,White,Regular,Not Applicable,kg,1.2,39,25.83,19.4,33.8,4,Ambient,0,True,Available,4.2,Regular
P001061,BEV-COF-CLA-1000-6,Bevzilla Coffee Powder Filter Classic Hazelnut 100.0 g,Bevzilla,Premium,Beverages,Coffee,Coffee Powder,Filter,Classic,Hazelnut,g,100.0,289,285.79,191.22,1.1,365,Ambient,18,False,Available,4.7,Regular
P001062,MIN-FAC-BRI-500-6,Minimalist Face Serum Gel Brightening Niacinamide 50.0 ml,Minimalist,Premium,Beauty & Personal Care,Skin Care,Face Serum,Gel,Brightening,Niacinamide,ml,50.0,669,614.48,422.19,8.1,730,Ambient,18,False,Available,4.7,Regular
P001063,MAM-DIA-PRE-730-1,MamyPoko Diapers Pant Style Premium Care 73.0 pack,MamyPoko,Popular,Baby Care,Baby Diapers & Wipes,Diapers,Pant Style,Premium Care,Not Applicable,pack,73.0,1769,1675.94,1091.37,5.3,1095,Ambient,12,False,Available,4.6,Regular
P001064,ITC-FRI-VEG-4000-3,ITC Master Chef Fries & Bites Cheese Balls Veg Classic 400.0 g,ITC Master Chef,Popular,Frozen Foods,Frozen Snacks,Fries & Bites,Cheese Balls,Veg,Classic,g,400.0,129,113.86,81.71,11.7,180,Frozen,18,True,Available,4.5,New Arrival
P001065,ABH-EGG-FRE-120,Abhi Eggs Table Eggs Free Range 12.0 pc,Abhi Eggs,Budget,"Dairy, Bread & Eggs",Eggs,Eggs,Table Eggs,Free Range,Not Applicable,pc,12.0,99,71.66,52.75,27.6,21,Refrigerated,0,True,Available,4.0,Regular
P001066,AAS-CHA-GLU-50-1,Aashirvaad Chakki Atta Wheat Gluten Free 5.0 kg,Aashirvaad,Premium,Staples & Grocery,Atta,Chakki Atta,Wheat,Gluten Free,Not Applicable,kg,5.0,239,224.69,165.46,6.0,90,Ambient,0,False,Low Stock,4.7,Regular
P001067,NES-COF-CLA-1000-6,Nescafé Coffee Powder Roast & Ground Classic Mocha 100.0 g,Nescafé,Popular,Beverages,Coffee,Coffee Powder,Roast & Ground,Classic,Mocha,g,100.0,209,202.98,132.92,2.9,365,Ambient,18,False,Available,4.3,Regular
P001068,PRI-CHI-FRI-900-4,Pringles Chips Nachos Fried Magic Masala 90.0 g,Pringles,Premium,Snacks,Munchies,Chips,Nachos,Fried,Magic Masala,g,90.0,45,41.67,27.39,7.4,180,Ambient,12,False,Available,4.6,Regular
P001069,BRU-COF-DEC-1000-3,Bru Coffee Powder Instant Decaf Original 100.0 g,Bru,Popular,Beverages,Coffee,Coffee Powder,Instant,Decaf,Original,g,100.0,225,191.91,141.36,14.7,365,Ambient,18,False,Available,4.4,Regular
P001070,LIZ-DET-TOP-10-3,Lizol Detergent Powder Top Load Lavender 1.0 kg,Lizol,Popular,Household Essentials,Cleaning Essentials,Detergent,Powder,Top Load,Lavender,kg,1.0,169,149.47,98.19,11.6,730,Ambient,18,False,Available,4.4,Regular
P001071,DUR-BAT-AAA-20-1,Duracell Batteries Rechargeable AAA 2.0 pack,Duracell,Premium,Household Essentials,Electronics,Batteries,Rechargeable,AAA,Not Applicable,pack,2.0,75,73.4,57.8,2.1,3650,Ambient,18,False,Available,4.9,Regular
P001072,BEV-COF-CLA-1000-7,Bevzilla Coffee Powder Filter Classic Vanilla 100.0 g,Bevzilla,Premium,Beverages,Coffee,Coffee Powder,Filter,Classic,Vanilla,g,100.0,209,176.87,126.83,15.4,365,Ambient,18,False,Available,4.6,Regular
P001073,ABH-EGG-WHI-60,Abhi Eggs Table Eggs White 6.0 pc,Abhi Eggs,Budget,"Dairy, Bread & Eggs",Eggs,Eggs,Table Eggs,White,Not Applicable,pc,6.0,59,58.1,44.01,1.5,21,Refrigerated,0,True,Available,4.1,Regular
P001074,LIC-CHI-ANT-2500-2,Licious Chicken Curry Cut Antibiotic Free 250.0 g,Licious,Premium,Meat & Fish,Chicken,Chicken,Curry Cut,Antibiotic Free,Not Applicable,g,250.0,115,99.67,69.05,13.3,3,Refrigerated,5,True,Available,4.6,Regular
P001075,UNB-TOM-REG-1500,Unbranded Tomato Hybrid Regular 1500 g,Unbranded,Budget,Fruits & Vegetables,Fresh Vegetables,Tomato,Hybrid,Regular,Not Applicable,g,1500.0,115,114.98,87.83,0.0,4,Ambient,0,True,Available,4.2,Regular
P001076,NIV-FAC-BRI-500-2,Nivea Face Serum Liquid Serum Brightening Salicylic Acid 50.0 ml,Nivea,Popular,Beauty & Personal Care,Skin Care,Face Serum,Liquid Serum,Brightening,Salicylic Acid,ml,50.0,749,553.75,341.57,26.1,730,Ambient,18,False,Available,4.4,Regular
P001077,BIN-CHI-BAK-900-4,Bingo Potato Chips Baked Magic Masala 90.0 g,Bingo,Budget,Snacks,Munchies,Chips,Potato Chips,Baked,Magic Masala,g,90.0,45,44.14,33.27,1.9,180,Ambient,12,False,Available,4.3,Regular
P001078,MAM-DIA-STA-730,MamyPoko Diapers Taped Standard 73.0 pack,MamyPoko,Popular,Baby Care,Baby Diapers & Wipes,Diapers,Taped,Standard,Not Applicable,pack,73.0,1169,948.64,617.69,18.8,1095,Ambient,12,False,Available,4.2,Regular
P001079,ENG-BRE-FRU-2000-1,English Oven Bread Loaf White Fruit 200.0 g,English Oven,Popular,"Dairy, Bread & Eggs",Bread,Bread Loaf,White,Fruit,Not Applicable,g,200.0,35,32.97,22.6,5.8,5,Ambient,0,False,Available,4.6,Regular
P001080,AAS-CHA-GLU-100-3,Aashirvaad Chakki Atta Multigrain Gluten Free 10.0 kg,Aashirvaad,Premium,Staples & Grocery,Atta,Chakki Atta,Multigrain,Gluten Free,Not Applicable,kg,10.0,645,443.28,331.45,31.3,90,Ambient,0,False,Available,4.8,Regular
P001081,THE-FAC-ANT-500-4,The Derma Co Face Serum Liquid Serum Anti-Acne Niacinamide 50.0 ml,The Derma Co,Premium,Beauty & Personal Care,Skin Care,Face Serum,Liquid Serum,Anti-Acne,Niacinamide,ml,50.0,849,790.92,544.52,6.8,730,Ambient,18,False,Available,4.7,Regular
P001082,GAR-FAC-BRI-500-4,Garnier Face Serum Gel Brightening Salicylic Acid 50.0 ml,Garnier,Budget,Beauty & Personal Care,Skin Care,Face Serum,Gel,Brightening,Salicylic Acid,ml,50.0,769,673.12,406.87,12.5,730,Ambient,18,False,Available,4.3,Regular
P001083,BEV-COF-GOL-500-4,Bevzilla Coffee Powder Instant Gold Vanilla 50.0 g,Bevzilla,Premium,Beverages,Coffee,Coffee Powder,Instant,Gold,Vanilla,g,50.0,105,96.04,76.42,8.5,365,Ambient,18,False,Available,4.8,Regular
P001084,UNB-CHI-WIT-10-1,Unbranded Chicken Mince With Skin 1.0 kg,Unbranded,Budget,Meat & Fish,Chicken,Chicken,Mince,With Skin,Not Applicable,kg,1.0,319,267.79,176.3,16.1,3,Refrigerated,5,True,Available,3.9,Regular
P001085,BRU-COF-DEC-1000-4,Bru Coffee Powder Roast & Ground Decaf Original 100.0 g,Bru,Popular,Beverages,Coffee,Coffee Powder,Roast & Ground,Decaf,Original,g,100.0,199,167.59,117.42,15.8,365,Ambient,18,False,Available,4.3,Regular
P001086,BIN-CHI-FRI-900-4,Bingo Chips Extruded Snacks Fried Classic Salted 90.0 g,Bingo,Budget,Snacks,Munchies,Chips,Extruded Snacks,Fried,Classic Salted,g,90.0,29,28.87,20.01,0.5,180,Ambient,12,False,Available,4.0,Regular
P001087,ARI-DET-FRO-10-3,Ariel Detergent Liquid Front Load Lavender 1.0 kg,Ariel,Premium,Household Essentials,Cleaning Essentials,Detergent,Liquid,Front Load,Lavender,kg,1.0,209,188.37,148.43,9.9,730,Ambient,18,False,Available,4.9,Regular
P001088,MAM-DIA-PRE-300-1,MamyPoko Diapers Pant Style Premium Care 30.0 pack,MamyPoko,Popular,Baby Care,Baby Diapers & Wipes,Diapers,Pant Style,Premium Care,Not Applicable,pack,30.0,525,494.4,363.86,5.8,1095,Ambient,12,False,Available,4.5,Regular
P001089,MAM-FAC-BRI-300-3,Mamaearth Face Serum Gel Brightening Salicylic Acid 30.0 ml,Mamaearth,Popular,Beauty & Personal Care,Skin Care,Face Serum,Gel,Brightening,Salicylic Acid,ml,30.0,599,507.16,265.08,15.3,730,Ambient,18,False,Available,4.4,Regular
P001090,KUR-CHI-BAK-900-1,Kurkure Potato Chips Baked Tomato 90.0 g,Kurkure,Popular,Snacks,Munchies,Chips,Potato Chips,Baked,Tomato,g,90.0,45,37.11,24.54,17.5,180,Ambient,12,False,Available,4.5,Regular
P001091,ITC-FRI-VEG-7500-4,ITC Master Chef Fries & Bites Nuggets Veg Spicy 750.0 g,ITC Master Chef,Popular,Frozen Foods,Frozen Snacks,Fries & Bites,Nuggets,Veg,Spicy,g,750.0,235,216.52,147.31,7.9,180,Frozen,18,True,Available,4.5,Regular
P001092,BEV-COF-CLA-1000-8,Bevzilla Coffee Powder Instant Classic Vanilla 100.0 g,Bevzilla,Premium,Beverages,Coffee,Coffee Powder,Instant,Classic,Vanilla,g,100.0,205,192.6,132.46,6.0,365,Ambient,18,False,Available,4.8,Regular
P001093,THE-FAC-BRI-500-5,The Derma Co Face Serum Gel Brightening Niacinamide 50.0 ml,The Derma Co,Premium,Beauty & Personal Care,Skin Care,Face Serum,Gel,Brightening,Niacinamide,ml,50.0,599,529.01,318.28,11.7,730,Ambient,18,False,Available,4.5,Regular
P001094,BRU-COF-DEC-500-7,Bru Coffee Powder Roast & Ground Decaf Vanilla 50.0 g,Bru,Popular,Beverages,Coffee,Coffee Powder,Roast & Ground,Decaf,Vanilla,g,50.0,135,115.86,85.44,14.2,365,Ambient,18,False,Available,4.3,Regular
P001095,MIN-FAC-ANT-500-2,Minimalist Face Serum Liquid Serum Anti-Acne Hyaluronic Acid 50.0 ml,Minimalist,Premium,Beauty & Personal Care,Skin Care,Face Serum,Liquid Serum,Anti-Acne,Hyaluronic Acid,ml,50.0,769,594.85,394.22,22.6,730,Ambient,18,False,Available,4.6,Regular
P001096,MAM-FAC-ANT-500-1,Mamaearth Face Serum Gel Anti-Acne Niacinamide 50.0 ml,Mamaearth,Popular,Beauty & Personal Care,Skin Care,Face Serum,Gel,Anti-Acne,Niacinamide,ml,50.0,795,775.02,525.43,2.5,730,Ambient,18,False,Available,4.4,Regular
P001097,LIC-CHI-SKI-2500-2,Licious Chicken Curry Cut Skinless 250.0 g,Licious,Premium,Meat & Fish,Chicken,Chicken,Curry Cut,Skinless,Not Applicable,g,250.0,95,73.14,50.28,23.0,3,Refrigerated,5,True,Available,4.8,Regular
P001098,DOL-PAI-FAS-500,Dolo Pain Reliever Ointment Fast Action 50.0 g,Dolo,Popular,Pharmacy,Pain Relief,Pain Reliever,Ointment,Fast Action,Not Applicable,g,50.0,159,103.76,74.63,34.7,730,Ambient,12,False,Available,4.4,Regular
P001099,UNB-CHI-SKI-10-1,Unbranded Chicken Boneless Skinless 1.0 kg,Unbranded,Budget,Meat & Fish,Chicken,Chicken,Boneless,Skinless,Not Applicable,kg,1.0,525,411.4,289.85,21.6,3,Refrigerated,5,True,Available,3.8,Regular
P001100,AAS-CHA-SEL-50,Aashirvaad Chakki Atta Maida Select 5.0 kg,Aashirvaad,Premium,Staples & Grocery,Atta,Chakki Atta,Maida,Select,Not Applicable,kg,5.0,225,223.6,176.72,0.6,90,Ambient,0,False,Available,4.5,Regular
P001101,BIN-CHI-BAK-900-5,Bingo Chips Extruded Snacks Baked Magic Masala 90.0 g,Bingo,Budget,Snacks,Munchies,Chips,Extruded Snacks,Baked,Magic Masala,g,90.0,35,32.4,22.22,7.4,180,Ambient,12,False,Discontinued,3.8,Regular
P001102,NAT-CHA-SHA-10-2,Nature Fresh Chakki Atta Besan Sharbati 1.0 kg,Nature Fresh,Popular,Staples & Grocery,Atta,Chakki Atta,Besan,Sharbati,Not Applicable,kg,1.0,55,49.62,34.74,9.8,90,Ambient,0,False,Available,4.5,Regular
P001103,BEV-COF-DEC-1000-5,Bevzilla Coffee Powder Instant Decaf Vanilla 100.0 g,Bevzilla,Premium,Beverages,Coffee,Coffee Powder,Instant,Decaf,Vanilla,g,100.0,159,149.37,101.76,6.1,365,Ambient,18,False,Available,4.7,Regular
P001104,NAT-CHA-SEL-10-1,Nature Fresh Chakki Atta Multigrain Select 1.0 kg,Nature Fresh,Popular,Staples & Grocery,Atta,Chakki Atta,Multigrain,Select,Not Applicable,kg,1.0,59,53.21,40.45,9.8,90,Ambient,0,False,Available,4.4,Regular
P001105,AAS-CHA-SHA-10-2,Aashirvaad Chakki Atta Multigrain Sharbati 1.0 kg,Aashirvaad,Premium,Staples & Grocery,Atta,Chakki Atta,Multigrain,Sharbati,Not Applicable,kg,1.0,69,57.93,43.42,16.0,90,Ambient,0,False,Available,4.8,Regular
P001106,THE-FAC-HYD-37,The Derma Co Face Serum Liquid Serum Hydrating Hyaluronic Acid 37 ml,The Derma Co,Premium,Beauty & Personal Care,Skin Care,Face Serum,Liquid Serum,Hydrating,Hyaluronic Acid,ml,37.0,669,581.01,378.87,13.2,730,Ambient,18,False,Available,4.6,Regular
P001107,JOC-BAS-LEA-10,Jockey Basic Wear Wallet Leather 1.0 pc,Jockey,Premium,Fashion & Lifestyle,Apparel & Accessories,Basic Wear,Wallet,Leather,Not Applicable,pc,1.0,519,435.4,284.62,16.1,3650,Ambient,12,False,Available,4.8,Regular
P001108,EVE-BAT-9V-40,Eveready Batteries Rechargeable 9V 4.0 pack,Eveready,Budget,Household Essentials,Electronics,Batteries,Rechargeable,9V,Not Applicable,pack,4.0,155,154.98,103.75,0.0,3650,Ambient,18,False,Available,4.0,Regular
P001109,NIV-FAC-BRI-500-3,Nivea Face Serum Gel Brightening Vitamin C 50.0 ml,Nivea,Popular,Beauty & Personal Care,Skin Care,Face Serum,Gel,Brightening,Vitamin C,ml,50.0,929,750.16,521.26,19.3,730,Ambient,18,False,Available,4.2,Regular
P001110,ZES-APP-WAX-20,Zespri Apple Washington Wax Free 2.0 kg,Zespri,Premium,Fruits & Vegetables,Fresh Fruits,Apple,Washington,Wax Free,Not Applicable,kg,2.0,509,459.35,355.93,9.8,5,Refrigerated,0,True,Available,4.6,Regular
P001111,BEN-COL-EXT-250,Benadryl Cold Relief Inhaler Extra Strong Ginger 25.0 g,Benadryl,Popular,Pharmacy,Cold & Flu,Cold Relief,Inhaler,Extra Strong,Ginger,g,25.0,59,49.05,35.29,16.9,730,Ambient,12,False,Available,4.4,Regular
P001112,NAT-CHA-GLU-30,Nature Fresh Chakki Atta Besan Gluten Free 3.0 kg,Nature Fresh,Popular,Staples & Grocery,Atta,Chakki Atta,Besan,Gluten Free,Not Applicable,kg,3.0,205,204.97,144.36,0.0,90,Ambient,0,False,Available,4.6,Regular
P001113,AMU-MIL-LAC-5000,Amul Buffalo Milk Lactose Free Plain 500.0 ml,Amul,Popular,"Dairy, Bread & Eggs",Milk,Milk,Buffalo Milk,Lactose Free,Plain,ml,500.0,29,20.44,13.67,29.5,2,Refrigerated,0,True,Available,4.6,Regular
P001114,AMU-FRI-CHI-7500-4,Amul Fries & Bites Nuggets Chicken Classic 750.0 g,Amul,Popular,Frozen Foods,Frozen Snacks,Fries & Bites,Nuggets,Chicken,Classic,g,750.0,339,282.12,215.81,16.8,180,Frozen,18,True,Available,4.4,Regular
P001115,PAM-DIA-PRE-320-1,Pampers Diapers Taped Premium Care 32.0 pack,Pampers,Premium,Baby Care,Baby Diapers & Wipes,Diapers,Taped,Premium Care,Not Applicable,pack,32.0,995,816.5,610.54,17.9,1095,Ambient,12,False,Available,4.9,Regular
P001116,MCC-FRI-VEG-4000-5,McCain Fries & Bites French Fries Veg Masala 400.0 g,McCain,Premium,Frozen Foods,Frozen Snacks,Fries & Bites,French Fries,Veg,Masala,g,400.0,215,183.26,128.51,14.8,180,Frozen,18,True,Available,4.8,Regular
P001117,BRU-COF-DEC-1000-5,Bru Coffee Powder Roast & Ground Decaf Vanilla 100.0 g,Bru,Popular,Beverages,Coffee,Coffee Powder,Roast & Ground,Decaf,Vanilla,g,100.0,169,157.3,111.51,6.9,365,Ambient,18,False,Available,4.5,Regular
P001118,PUM-BAS-POL-10-1,Puma Basic Wear Wallet Polyester 1.0 pc,Puma,Premium,Fashion & Lifestyle,Apparel & Accessories,Basic Wear,Wallet,Polyester,Not Applicable,pc,1.0,895,811.04,553.35,9.4,3650,Ambient,12,False,Available,4.8,Regular
P001119,NAT-CHA-SEL-20,Nature Fresh Chakki Atta Besan Select 2.0 kg,Nature Fresh,Popular,Staples & Grocery,Atta,Chakki Atta,Besan,Select,Not Applicable,kg,2.0,89,86.78,68.29,2.5,90,Ambient,0,False,Available,4.5,Regular
P001120,HAL-CHI-BAK-1500-6,Haldiram's Chips Extruded Snacks Baked Magic Masala 150.0 g,Haldiram's,Popular,Snacks,Munchies,Chips,Extruded Snacks,Baked,Magic Masala,g,150.0,119,107.18,78.24,9.9,180,Ambient,12,False,Available,4.6,Regular
P001121,MIN-FAC-BRI-500-7,Minimalist Face Serum Liquid Serum Brightening Vitamin C 50.0 ml,Minimalist,Premium,Beauty & Personal Care,Skin Care,Face Serum,Liquid Serum,Brightening,Vitamin C,ml,50.0,979,833.9,493.56,14.8,730,Ambient,18,False,Available,4.6,Regular
P001122,BRU-COF-DEC-500-8,Bru Coffee Powder Roast & Ground Decaf Mocha 50.0 g,Bru,Popular,Beverages,Coffee,Coffee Powder,Roast & Ground,Decaf,Mocha,g,50.0,89,80.35,55.84,9.7,365,Ambient,18,False,Low Stock,4.2,Regular
P001123,SUR-DET-TOP-10-4,Surf Excel Detergent Liquid Top Load Lemon 1.0 L,Surf Excel,Premium,Household Essentials,Cleaning Essentials,Detergent,Liquid,Top Load,Lemon,L,1.0,349,331.04,218.7,5.1,730,Ambient,18,False,Available,4.6,Regular
P001124,BEV-COF-DEC-1000-6,Bevzilla Coffee Powder Instant Decaf Hazelnut 100.0 g,Bevzilla,Premium,Beverages,Coffee,Coffee Powder,Instant,Decaf,Hazelnut,g,100.0,225,196.19,135.79,12.8,365,Ambient,18,False,Available,4.8,Regular
P001125,FAR-TOM-ORG-12-2,Farm Fresh Tomato Cherry Organic 1.2 kg,Farm Fresh,Popular,Fruits & Vegetables,Fresh Vegetables,Tomato,Cherry,Organic,Not Applicable,kg,1.2,89,81.57,63.91,8.4,4,Ambient,0,True,Available,4.6,Regular
P001126,MCC-FRI-VEG-4000-6,McCain Fries & Bites Cheese Balls Veg Classic 400.0 g,McCain,Premium,Frozen Foods,Frozen Snacks,Fries & Bites,Cheese Balls,Veg,Classic,g,400.0,179,152.29,103.66,14.9,180,Frozen,18,True,Available,4.6,Regular
P001127,AAS-CHA-SHA-15,Aashirvaad Chakki Atta Multigrain Sharbati 1.5 kg,Aashirvaad,Premium,Staples & Grocery,Atta,Chakki Atta,Multigrain,Sharbati,Not Applicable,kg,1.5,79,76.72,50.74,2.9,90,Ambient,0,False,Available,4.5,Regular
P001128,REL-CHI-SKI-5000-2,Relish Chicken Mince Skinless 500.0 g,Relish,Popular,Meat & Fish,Chicken,Chicken,Mince,Skinless,Not Applicable,g,500.0,209,189.04,130.16,9.6,3,Refrigerated,5,True,Available,4.5,Regular
P001129,KUR-CHI-FRI-900-3,Kurkure Corn Chips Fried Cheese 90.0 g,Kurkure,Popular,Snacks,Munchies,Chips,Corn Chips,Fried,Cheese,g,90.0,39,37.47,24.55,3.9,180,Ambient,12,False,Available,4.4,Regular
P001130,NES-COF-GOL-1000-5,Nescafé Coffee Powder Instant Gold Original 100.0 g,Nescafé,Popular,Beverages,Coffee,Coffee Powder,Instant,Gold,Original,g,100.0,195,170.45,128.92,12.6,365,Ambient,18,False,Available,4.2,Regular
P001131,COU-MIL-DOU-10,Country Delight Buffalo Milk Double Toned Plain 1.0 L,Country Delight,Premium,"Dairy, Bread & Eggs",Milk,Milk,Buffalo Milk,Double Toned,Plain,L,1.0,59,54.3,41.91,8.0,2,Refrigerated,0,True,Available,4.9,Regular
P001132,MAM-FAC-ANT-500-2,Mamaearth Face Serum Liquid Serum Anti-Acne Hyaluronic Acid 50.0 ml,Mamaearth,Popular,Beauty & Personal Care,Skin Care,Face Serum,Liquid Serum,Anti-Acne,Hyaluronic Acid,ml,50.0,829,782.27,498.56,5.6,730,Ambient,18,False,Available,4.4,Seasonal
P001133,BRU-COF-GOL-500-1,Bru Coffee Powder Instant Gold Original 50.0 g,Bru,Popular,Beverages,Coffee,Coffee Powder,Instant,Gold,Original,g,50.0,129,112.09,79.75,13.1,365,Ambient,18,False,Available,4.3,Regular
P001134,ITC-FRI-CHI-4000-4,ITC Master Chef Fries & Bites French Fries Chicken Spicy 400.0 g,ITC Master Chef,Popular,Frozen Foods,Frozen Snacks,Fries & Bites,French Fries,Chicken,Spicy,g,400.0,159,136.36,93.31,14.2,180,Frozen,18,True,Available,4.5,Regular
P001135,ITC-FRI-CHI-7500-7,ITC Master Chef Fries & Bites Aloo Tikki Chicken Classic 750.0 g,ITC Master Chef,Popular,Frozen Foods,Frozen Snacks,Fries & Bites,Aloo Tikki,Chicken,Classic,g,750.0,369,288.21,201.87,21.9,180,Frozen,18,True,Available,4.4,Regular
P001136,LAY-CHI-ROA-300-4,Lay's Chips Nachos Roasted Tomato 30.0 g,Lay's,Popular,Snacks,Munchies,Chips,Nachos,Roasted,Tomato,g,30.0,11,9.89,6.65,10.1,180,Ambient,12,False,Available,4.3,Seasonal
P001137,UNB-CHI-SKI-5000,Unbranded Chicken Curry Cut Skinless 500.0 g,Unbranded,Budget,Meat & Fish,Chicken,Chicken,Curry Cut,Skinless,Not Applicable,g,500.0,289,270.26,207.33,6.5,3,Refrigerated,5,True,Available,4.1,Regular
P001138,LIZ-DET-TOP-10-4,Lizol Detergent Pods Top Load Lavender 1.0 kg,Lizol,Popular,Household Essentials,Cleaning Essentials,Detergent,Pods,Top Load,Lavender,kg,1.0,129,127.17,87.49,1.4,730,Ambient,18,False,Available,4.5,Regular
P001139,NAT-CHA-SEL-15,Nature Fresh Chakki Atta Multigrain Select 1.5 kg,Nature Fresh,Popular,Staples & Grocery,Atta,Chakki Atta,Multigrain,Select,Not Applicable,kg,1.5,109,97.73,73.49,10.3,90,Ambient,0,False,Available,4.4,Regular
P001140,NIV-FAC-BRI-300-3,Nivea Face Serum Liquid Serum Brightening Salicylic Acid 30.0 ml,Nivea,Popular,Beauty & Personal Care,Skin Care,Face Serum,Liquid Serum,Brightening,Salicylic Acid,ml,30.0,675,589.04,312.47,12.7,730,Ambient,18,False,Available,4.4,Regular
P001141,THE-FAC-BRI-500-6,The Derma Co Face Serum Liquid Serum Brightening Salicylic Acid 50.0 ml,The Derma Co,Premium,Beauty & Personal Care,Skin Care,Face Serum,Liquid Serum,Brightening,Salicylic Acid,ml,50.0,849,745.79,478.57,12.2,730,Ambient,18,False,Available,4.9,Regular
P001142,MEI-CHI-WIT-10-3,Meister Chicken Curry Cut With Skin 1.0 kg,Meister,Popular,Meat & Fish,Chicken,Chicken,Curry Cut,With Skin,Not Applicable,kg,1.0,295,283.05,219.96,4.1,3,Refrigerated,5,True,Available,4.5,Regular
P001143,LAY-CHI-BAK-300-1,Lay's Chips Nachos Baked Cream & Onion 30.0 g,Lay's,Popular,Snacks,Munchies,Chips,Nachos,Baked,Cream & Onion,g,30.0,18,14.52,11.13,19.3,180,Ambient,12,False,Available,4.5,Regular
P001144,NIV-FAC-ANT-500-4,Nivea Face Serum Liquid Serum Anti-Acne Vitamin C 50.0 ml,Nivea,Popular,Beauty & Personal Care,Skin Care,Face Serum,Liquid Serum,Anti-Acne,Vitamin C,ml,50.0,969,796.9,421.28,17.8,730,Ambient,18,False,Available,4.5,Seasonal
P001145,LAY-CHI-BAK-900-6,Lay's Corn Chips Baked Magic Masala 90.0 g,Lay's,Popular,Snacks,Munchies,Chips,Corn Chips,Baked,Magic Masala,g,90.0,35,28.65,19.0,18.2,180,Ambient,12,False,Available,4.3,Regular
P001146,AAS-CHA-GLU-75-1,Aashirvaad Chakki Atta Besan Gluten Free 7.5 kg,Aashirvaad,Premium,Staples & Grocery,Atta,Chakki Atta,Besan,Gluten Free,Not Applicable,kg,7.5,319,296.79,218.63,7.0,90,Ambient,0,False,Available,4.7,Regular
P001147,SYS-BAT-AAA-40-1,Syska Batteries Zinc Carbon AAA 4.0 pack,Syska,Popular,Household Essentials,Electronics,Batteries,Zinc Carbon,AAA,Not Applicable,pack,4.0,99,73.39,57.92,25.9,3650,Ambient,18,False,Low Stock,4.5,Regular
P001148,PAM-DIA-STA-720-1,Pampers Diapers Pant Style Standard 72.0 pack,Pampers,Premium,Baby Care,Baby Diapers & Wipes,Diapers,Pant Style,Standard,Not Applicable,pack,72.0,875,790.87,549.52,9.6,1095,Ambient,12,False,Available,4.7,Seasonal
P001149,PAT-CHA-GLU-50,Patanjali Chakki Atta Besan Gluten Free 5.0 kg,Patanjali,Budget,Staples & Grocery,Atta,Chakki Atta,Besan,Gluten Free,Not Applicable,kg,5.0,225,169.08,115.2,24.9,90,Ambient,0,False,Available,4.2,Regular
P001150,MAM-FAC-ANT-300-6,Mamaearth Face Serum Liquid Serum Anti-Acne Vitamin C 30.0 ml,Mamaearth,Popular,Beauty & Personal Care,Skin Care,Face Serum,Liquid Serum,Anti-Acne,Vitamin C,ml,30.0,419,337.94,216.01,19.3,730,Ambient,18,False,Available,4.5,Regular
P001151,GAR-FAC-BRI-500-5,Garnier Face Serum Liquid Serum Brightening Vitamin C 50.0 ml,Garnier,Budget,Beauty & Personal Care,Skin Care,Face Serum,Liquid Serum,Brightening,Vitamin C,ml,50.0,829,769.23,464.24,7.2,730,Ambient,18,False,Available,4.2,Regular
P001152,OMR-HEA-DIG-10,Omron Health Monitor BP Monitor Digital 1.0 pc,Omron,Premium,Pharmacy,Medical Devices,Health Monitor,BP Monitor,Digital,Not Applicable,pc,1.0,929,845.19,693.61,9.0,1825,Ambient,18,False,Low Stock,4.8,Regular
P001153,BEV-COF-CLA-500-4,Bevzilla Coffee Powder Instant Classic Vanilla 50.0 g,Bevzilla,Premium,Beverages,Coffee,Coffee Powder,Instant,Classic,Vanilla,g,50.0,105,95.26,74.75,9.3,365,Ambient,18,False,Available,4.8,Regular
P001154,NES-COF-DEC-1000-6,Nescafé Coffee Powder Roast & Ground Decaf Vanilla 100.0 g,Nescafé,Popular,Beverages,Coffee,Coffee Powder,Roast & Ground,Decaf,Vanilla,g,100.0,319,275.09,179.52,13.8,365,Ambient,18,False,Available,4.5,Regular
P001155,BIN-CHI-FRI-900-5,Bingo Chips Nachos Fried Cheese 90.0 g,Bingo,Budget,Snacks,Munchies,Chips,Nachos,Fried,Cheese,g,90.0,29,25.94,19.37,10.6,180,Ambient,12,False,Available,4.0,Regular
P001156,PRI-CHI-FRI-1500-5,Pringles Corn Chips Fried Magic Masala 150.0 g,Pringles,Premium,Snacks,Munchies,Chips,Corn Chips,Fried,Magic Masala,g,150.0,115,102.15,73.82,11.2,180,Ambient,12,False,Available,4.6,Regular
P001157,NIV-FAC-BRI-500-4,Nivea Face Serum Liquid Serum Brightening Vitamin C 50.0 ml,Nivea,Popular,Beauty & Personal Care,Skin Care,Face Serum,Liquid Serum,Brightening,Vitamin C,ml,50.0,769,680.68,378.11,11.5,730,Ambient,18,False,Available,4.3,Regular
P001158,GAR-FAC-BRI-300-3,Garnier Face Serum Liquid Serum Brightening Salicylic Acid 30.0 ml,Garnier,Budget,Beauty & Personal Care,Skin Care,Face Serum,Liquid Serum,Brightening,Salicylic Acid,ml,30.0,445,382.85,244.82,14.0,730,Ambient,18,False,Available,4.1,Regular
P001159,NAT-CHA-SEL-10-2,Nature Fresh Chakki Atta Wheat Select 1.0 kg,Nature Fresh,Popular,Staples & Grocery,Atta,Chakki Atta,Wheat,Select,Not Applicable,kg,1.0,49,40.45,27.65,17.5,90,Ambient,0,False,Available,4.6,Seasonal
P001160,FOR-CHA-GLU-100-1,Fortune Chakki Atta Multigrain Gluten Free 10.0 kg,Fortune,Popular,Staples & Grocery,Atta,Chakki Atta,Multigrain,Gluten Free,Not Applicable,kg,10.0,615,581.49,424.75,5.4,90,Ambient,0,False,Available,4.5,Regular
P001161,PRI-CHI-BAK-1500-7,Pringles Corn Chips Baked Magic Masala 150.0 g,Pringles,Premium,Snacks,Munchies,Chips,Corn Chips,Baked,Magic Masala,g,150.0,75,72.63,53.25,3.2,180,Ambient,12,False,Available,4.5,Regular
P001162,DOT-FAC-ANT-300-3,Dot & Key Face Serum Gel Anti-Acne Hyaluronic Acid 30.0 ml,Dot & Key,Premium,Beauty & Personal Care,Skin Care,Face Serum,Gel,Anti-Acne,Hyaluronic Acid,ml,30.0,445,347.85,198.87,21.8,730,Ambient,18,False,Available,4.9,Regular
P001163,NAT-CHA-SEL-30-1,Nature Fresh Chakki Atta Maida Select 3.0 kg,Nature Fresh,Popular,Staples & Grocery,Atta,Chakki Atta,Maida,Select,Not Applicable,kg,3.0,159,146.38,95.42,7.9,90,Ambient,0,False,Available,4.4,Regular
P001164,LIZ-DET-TOP-10-5,Lizol Detergent Liquid Top Load Fresh Spring 1.0 kg,Lizol,Popular,Household Essentials,Cleaning Essentials,Detergent,Liquid,Top Load,Fresh Spring,kg,1.0,205,193.78,137.79,5.5,730,Ambient,18,False,Available,4.4,Regular
P001165,MIN-FAC-ANT-500-3,Minimalist Face Serum Liquid Serum Anti-Acne Vitamin C 50.0 ml,Minimalist,Premium,Beauty & Personal Care,Skin Care,Face Serum,Liquid Serum,Anti-Acne,Vitamin C,ml,50.0,999,693.89,444.32,30.5,730,Ambient,18,False,Available,4.6,Regular
P001166,MEI-CHI-ANT-2500-2,Meister Chicken Curry Cut Antibiotic Free 250.0 g,Meister,Popular,Meat & Fish,Chicken,Chicken,Curry Cut,Antibiotic Free,Not Applicable,g,250.0,99,90.52,60.71,8.6,3,Refrigerated,5,True,Available,4.4,Regular
P001167,ENG-BRE-GAR-2000,English Oven Bread Loaf Whole Wheat Garlic 200.0 g,English Oven,Popular,"Dairy, Bread & Eggs",Bread,Bread Loaf,Whole Wheat,Garlic,Not Applicable,g,200.0,26,25.09,18.59,3.5,5,Ambient,0,False,Available,4.5,Regular
P001168,FAR-APP-REG-60,Farm Fresh Apple Royal Gala Regular 6.0 pc,Farm Fresh,Popular,Fruits & Vegetables,Fresh Fruits,Apple,Royal Gala,Regular,Not Applicable,pc,6.0,289,244.78,206.5,15.3,5,Refrigerated,0,True,Discontinued,4.5,Regular
P001169,PRI-CHI-ROA-900-4,Pringles Potato Chips Roasted Cream & Onion 90.0 g,Pringles,Premium,Snacks,Munchies,Chips,Potato Chips,Roasted,Cream & Onion,g,90.0,39,26.41,18.55,32.3,180,Ambient,12,False,Available,4.8,Seasonal
P001170,NIV-FAC-ANT-500-5,Nivea Face Serum Liquid Serum Anti-Acne Salicylic Acid 50.0 ml,Nivea,Popular,Beauty & Personal Care,Skin Care,Face Serum,Liquid Serum,Anti-Acne,Salicylic Acid,ml,50.0,679,622.69,421.27,8.3,730,Ambient,18,False,Available,4.5,Regular
P001171,VIC-COL-STA-250-1,Vicks Cold Relief Lozenges Standard Ginger 25.0 g,Vicks,Popular,Pharmacy,Cold & Flu,Cold Relief,Lozenges,Standard,Ginger,g,25.0,69,65.53,51.3,5.0,730,Ambient,12,False,Available,4.3,Seasonal
P001172,HAL-CHI-ROA-900-5,Haldiram's Chips Nachos Roasted Cream & Onion 90.0 g,Haldiram's,Popular,Snacks,Munchies,Chips,Nachos,Roasted,Cream & Onion,g,90.0,29,24.43,17.15,15.8,180,Ambient,12,False,Available,4.2,New Arrival
P001173,BRU-COF-CLA-1000-6,Bru Coffee Powder Instant Classic Vanilla 100.0 g,Bru,Popular,Beverages,Coffee,Coffee Powder,Instant,Classic,Vanilla,g,100.0,199,191.51,150.78,3.8,365,Ambient,18,False,Available,4.2,Regular
P001174,AAS-CHA-SEL-10-2,Aashirvaad Chakki Atta Maida Select 1.0 kg,Aashirvaad,Premium,Staples & Grocery,Atta,Chakki Atta,Maida,Select,Not Applicable,kg,1.0,55,49.59,38.4,9.8,90,Ambient,0,False,Available,4.9,Regular
P001175,NAT-CHA-SEL-50-1,Nature Fresh Chakki Atta Besan Select 5.0 kg,Nature Fresh,Popular,Staples & Grocery,Atta,Chakki Atta,Besan,Select,Not Applicable,kg,5.0,319,299.09,237.2,6.2,90,Ambient,0,False,Available,4.6,Regular
P001176,NES-COF-DEC-500-3,Nescafé Coffee Powder Instant Decaf Hazelnut 50.0 g,Nescafé,Popular,Beverages,Coffee,Coffee Powder,Instant,Decaf,Hazelnut,g,50.0,139,136.96,98.6,1.5,365,Ambient,18,False,Out Of Stock,4.3,Regular
P001177,ARI-DET-TOP-10-7,Ariel Detergent Powder Top Load Lemon 1.0 L,Ariel,Premium,Household Essentials,Cleaning Essentials,Detergent,Powder,Top Load,Lemon,L,1.0,259,195.04,129.39,24.7,730,Ambient,18,False,Available,4.9,Regular
P001178,VIC-COL-EXT-1000,Vicks Cold Relief Inhaler Extra Strong Menthol 100.0 ml,Vicks,Popular,Pharmacy,Cold & Flu,Cold Relief,Inhaler,Extra Strong,Menthol,ml,100.0,115,97.63,72.91,15.1,730,Ambient,12,False,Available,4.5,Regular
P001179,FOR-CHA-SHA-300-2,Fortune Chakki Atta Wheat Sharbati 30.0 kg,Fortune,Popular,Staples & Grocery,Atta,Chakki Atta,Wheat,Sharbati,Not Applicable,kg,30.0,1239,1174.77,914.85,5.2,90,Ambient,0,False,Available,4.5,Regular
P001180,FAR-ONI-PRE-12,Farm Fresh Onion Red Premium Grade 1.2 kg,Farm Fresh,Popular,Fruits & Vegetables,Fresh Vegetables,Onion,Red,Premium Grade,Not Applicable,kg,1.2,45,42.45,33.74,5.7,4,Ambient,0,True,Available,4.4,Regular
P001181,VIC-COL-NON-250-2,Vicks Cold Relief Vaporub Non-Drowsy Menthol 25.0 g,Vicks,Popular,Pharmacy,Cold & Flu,Cold Relief,Vaporub,Non-Drowsy,Menthol,g,25.0,55,50.24,39.52,8.6,730,Ambient,12,False,Available,4.4,Regular
P001182,MOD-BRE-SAN-4000-1,Modern Bread Loaf Brown Sandwich 400.0 g,Modern,Popular,"Dairy, Bread & Eggs",Bread,Bread Loaf,Brown,Sandwich,Not Applicable,g,400.0,39,35.78,27.75,8.2,5,Ambient,0,False,Available,4.4,Regular
P001183,BEV-COF-GOL-1000-4,Bevzilla Coffee Powder Roast & Ground Gold Mocha 100.0 g,Bevzilla,Premium,Beverages,Coffee,Coffee Powder,Roast & Ground,Gold,Mocha,g,100.0,339,327.53,215.83,3.4,365,Ambient,18,False,Available,4.6,Regular
P001184,PAT-CHA-SHA-30-1,Patanjali Chakki Atta Besan Sharbati 3.0 kg,Patanjali,Budget,Staples & Grocery,Atta,Chakki Atta,Besan,Sharbati,Not Applicable,kg,3.0,155,129.74,98.55,16.3,90,Ambient,0,False,Available,4.1,Regular
P001185,HAL-CHI-ROA-900-6,Haldiram's Chips Nachos Roasted Tomato 90.0 g,Haldiram's,Popular,Snacks,Munchies,Chips,Nachos,Roasted,Tomato,g,90.0,39,32.31,23.12,17.1,180,Ambient,12,False,Available,4.5,Regular
P001186,BRU-COF-DEC-1000-6,Bru Coffee Powder Filter Decaf Vanilla 100.0 g,Bru,Popular,Beverages,Coffee,Coffee Powder,Filter,Decaf,Vanilla,g,100.0,249,220.02,148.9,11.6,365,Ambient,18,False,Available,4.3,Regular
P001187,PRI-CHI-ROA-300-1,Pringles Corn Chips Roasted Cream & Onion 30.0 g,Pringles,Premium,Snacks,Munchies,Chips,Corn Chips,Roasted,Cream & Onion,g,30.0,18,17.66,11.57,1.9,180,Ambient,12,False,Available,4.6,Regular
P001188,PRI-CHI-ROA-900-5,Pringles Chips Extruded Snacks Roasted Magic Masala 90.0 g,Pringles,Premium,Snacks,Munchies,Chips,Extruded Snacks,Roasted,Magic Masala,g,90.0,35,29.64,20.67,15.3,180,Ambient,12,False,Available,4.7,Regular
P001189,THE-FAC-ANT-500-5,The Derma Co Face Serum Gel Anti-Acne Salicylic Acid 50.0 ml,The Derma Co,Premium,Beauty & Personal Care,Skin Care,Face Serum,Gel,Anti-Acne,Salicylic Acid,ml,50.0,729,689.31,357.17,5.4,730,Ambient,18,False,Available,4.8,Regular
P001190,BRU-COF-DEC-1000-7,Bru Coffee Powder Roast & Ground Decaf Mocha 100.0 g,Bru,Popular,Beverages,Coffee,Coffee Powder,Roast & Ground,Decaf,Mocha,g,100.0,179,146.81,111.42,18.0,365,Ambient,18,False,Available,4.2,Regular
P001191,PAM-DIA-ALO-740,Pampers Diapers Pant Style Aloe Vera Enriched 74.0 pack,Pampers,Premium,Baby Care,Baby Diapers & Wipes,Diapers,Pant Style,Aloe Vera Enriched,Not Applicable,pack,74.0,2379,2233.62,1468.01,6.1,1095,Ambient,12,False,Available,4.8,Regular
P001192,VOL-PAI-STA-150,Volini Pain Reliever Tablet Standard 15.0 strip,Volini,Popular,Pharmacy,Pain Relief,Pain Reliever,Tablet,Standard,Not Applicable,strip,15.0,27,19.47,13.99,27.9,730,Ambient,12,False,Available,4.4,Regular
P001193,HUG-DIA-ALO-730-1,Huggies Diapers Taped Aloe Vera Enriched 73.0 pack,Huggies,Popular,Baby Care,Baby Diapers & Wipes,Diapers,Taped,Aloe Vera Enriched,Not Applicable,pack,73.0,1669,1661.03,1241.89,0.5,1095,Ambient,12,False,Available,4.4,Regular
P001194,HUG-DIA-PRE-300,Huggies Diapers Taped Premium Care 30.0 pack,Huggies,Popular,Baby Care,Baby Diapers & Wipes,Diapers,Taped,Premium Care,Not Applicable,pack,30.0,405,379.26,297.77,6.4,1095,Ambient,12,False,Available,4.2,Regular
P001195,ENG-BRE-SAN-4000-1,English Oven Bread Loaf Whole Wheat Sandwich 400.0 g,English Oven,Popular,"Dairy, Bread & Eggs",Bread,Bread Loaf,Whole Wheat,Sandwich,Not Applicable,g,400.0,45,41.06,31.74,8.8,5,Ambient,0,False,Available,4.5,Regular
P001196,UNB-CHI-ANT-10-1,Unbranded Chicken Boneless Antibiotic Free 1.0 kg,Unbranded,Budget,Meat & Fish,Chicken,Chicken,Boneless,Antibiotic Free,Not Applicable,kg,1.0,459,417.95,299.77,8.9,3,Refrigerated,5,True,Available,4.2,Regular
P001197,ABH-EGG-BRO-120-1,Abhi Eggs Country Eggs Brown 12.0 pc,Abhi Eggs,Budget,"Dairy, Bread & Eggs",Eggs,Eggs,Country Eggs,Brown,Not Applicable,pc,12.0,109,105.77,80.51,3.0,21,Refrigerated,0,True,Available,4.1,Seasonal
P001198,ARI-DET-HAN-10-4,Ariel Detergent Pods Hand Wash Lemon 1.0 kg,Ariel,Premium,Household Essentials,Cleaning Essentials,Detergent,Pods,Hand Wash,Lemon,kg,1.0,209,202.13,157.38,3.3,730,Ambient,18,False,Available,4.7,Regular
P001199,JOC-BAS-POL-30,Jockey Basic Wear T-Shirts Polyester 3.0 pack,Jockey,Premium,Fashion & Lifestyle,Apparel & Accessories,Basic Wear,T-Shirts,Polyester,Not Applicable,pack,3.0,405,366.15,257.81,9.6,3650,Ambient,12,False,Available,4.6,Regular
P001200,HAL-CHI-BAK-900-6,Haldiram's Chips Nachos Baked Magic Masala 90.0 g,Haldiram's,Popular,Snacks,Munchies,Chips,Nachos,Baked,Magic Masala,g,90.0,45,37.45,27.61,16.8,180,Ambient,12,False,Available,4.4,Regular
P001201,PRI-CHI-FRI-1500-6,Pringles Chips Nachos Fried Cream & Onion 150.0 g,Pringles,Premium,Snacks,Munchies,Chips,Nachos,Fried,Cream & Onion,g,150.0,79,77.6,56.62,1.8,180,Ambient,12,False,Available,4.6,Regular
P001202,UNB-TOM-ORG-20,Unbranded Tomato Local Organic 2.0 kg,Unbranded,Budget,Fruits & Vegetables,Fresh Vegetables,Tomato,Local,Organic,Not Applicable,kg,2.0,145,133.98,104.26,7.6,4,Ambient,0,True,Available,4.3,Regular
P001203,GAR-FAC-BRI-500-6,Garnier Face Serum Gel Brightening Niacinamide 50.0 ml,Garnier,Budget,Beauty & Personal Care,Skin Care,Face Serum,Gel,Brightening,Niacinamide,ml,50.0,689,576.3,393.39,16.4,730,Ambient,18,False,Available,4.0,New Arrival
P001204,DUR-BAT-AAA-40-1,Duracell Batteries Alkaline AAA 4.0 pack,Duracell,Premium,Household Essentials,Electronics,Batteries,Alkaline,AAA,Not Applicable,pack,4.0,149,100.31,70.7,32.7,3650,Ambient,18,False,Available,4.5,Regular
P001205,UNB-BAS-LEA-30,Unbranded Basic Wear Socks Leather 3.0 pack,Unbranded,Budget,Fashion & Lifestyle,Apparel & Accessories,Basic Wear,Socks,Leather,Not Applicable,pack,3.0,395,373.4,266.5,5.5,3650,Ambient,12,False,Available,3.8,Regular
P001206,HAL-CHI-BAK-300-6,Haldiram's Corn Chips Baked Cheese 30.0 g,Haldiram's,Popular,Snacks,Munchies,Chips,Corn Chips,Baked,Cheese,g,30.0,13,12.4,8.42,4.6,180,Ambient,12,False,Available,4.2,Regular
P001207,NIV-FAC-HYD-500-4,Nivea Face Serum Liquid Serum Hydrating Niacinamide 50.0 ml,Nivea,Popular,Beauty & Personal Care,Skin Care,Face Serum,Liquid Serum,Hydrating,Niacinamide,ml,50.0,979,814.82,418.42,16.8,730,Ambient,18,False,Available,4.3,Regular
P001208,HAL-CHI-FRI-300-6,Haldiram's Potato Chips Fried Cheese 30.0 g,Haldiram's,Popular,Snacks,Munchies,Chips,Potato Chips,Fried,Cheese,g,30.0,15,13.74,9.6,8.4,180,Ambient,12,False,Available,4.4,Regular
P001209,HUG-DIA-PRE-300-1,Huggies Diapers Pant Style Premium Care 30.0 pack,Huggies,Popular,Baby Care,Baby Diapers & Wipes,Diapers,Pant Style,Premium Care,Not Applicable,pack,30.0,375,355.99,274.64,5.1,1095,Ambient,12,False,Available,4.5,Regular
P001210,BIN-CHI-BAK-1500-7,Bingo Corn Chips Baked Tomato 150.0 g,Bingo,Budget,Snacks,Munchies,Chips,Corn Chips,Baked,Tomato,g,150.0,49,36.08,25.97,26.4,180,Ambient,12,False,Available,4.0,Regular
P001211,AAS-CHA-SEL-100-1,Aashirvaad Chakki Atta Maida Select 10.0 kg,Aashirvaad,Premium,Staples & Grocery,Atta,Chakki Atta,Maida,Select,Not Applicable,kg,10.0,719,599.56,396.87,16.6,90,Ambient,0,False,Available,4.9,Regular
P001212,NES-COF-CLA-1000-7,Nescafé Coffee Powder Filter Classic Original 100.0 g,Nescafé,Popular,Beverages,Coffee,Coffee Powder,Filter,Classic,Original,g,100.0,339,310.45,246.39,8.4,365,Ambient,18,False,Available,4.4,Regular
P001213,FOR-CHA-SEL-30-1,Fortune Chakki Atta Maida Select 3.0 kg,Fortune,Popular,Staples & Grocery,Atta,Chakki Atta,Maida,Select,Not Applicable,kg,3.0,149,98.41,67.45,34.0,90,Ambient,0,False,Available,4.6,Regular
P001214,PHI-BAT-AA-40-2,Philips Batteries Rechargeable AA 4.0 pack,Philips,Premium,Household Essentials,Electronics,Batteries,Rechargeable,AA,Not Applicable,pack,4.0,79,73.6,57.41,6.8,3650,Ambient,18,False,Available,4.6,New Arrival
P001215,GAR-FAC-BRI-300-4,Garnier Face Serum Gel Brightening Niacinamide 30.0 ml,Garnier,Budget,Beauty & Personal Care,Skin Care,Face Serum,Gel,Brightening,Niacinamide,ml,30.0,419,387.67,258.15,7.5,730,Ambient,18,False,Available,4.3,Regular
P001216,BEV-COF-CLA-500-5,Bevzilla Coffee Powder Filter Classic Mocha 50.0 g,Bevzilla,Premium,Beverages,Coffee,Coffee Powder,Filter,Classic,Mocha,g,50.0,105,101.43,68.49,3.4,365,Ambient,18,False,Available,4.8,Regular
P001217,BRU-COF-DEC-500-9,Bru Coffee Powder Instant Decaf Mocha 50.0 g,Bru,Popular,Beverages,Coffee,Coffee Powder,Instant,Decaf,Mocha,g,50.0,139,121.07,88.08,12.9,365,Ambient,18,False,Discontinued,4.3,Regular
P001218,AMU-FRI-VEG-7500-3,Amul Fries & Bites Nuggets Veg Masala 750.0 g,Amul,Popular,Frozen Foods,Frozen Snacks,Fries & Bites,Nuggets,Veg,Masala,g,750.0,219,201.14,149.04,8.2,180,Frozen,18,True,Available,4.6,Regular
P001219,AAS-CHA-SEL-100-2,Aashirvaad Chakki Atta Wheat Select 10.0 kg,Aashirvaad,Premium,Staples & Grocery,Atta,Chakki Atta,Wheat,Select,Not Applicable,kg,10.0,695,661.67,478.17,4.8,90,Ambient,0,False,Available,4.9,Regular
P001220,BIN-CHI-ROA-300-4,Bingo Chips Nachos Roasted Classic Salted 30.0 g,Bingo,Budget,Snacks,Munchies,Chips,Nachos,Roasted,Classic Salted,g,30.0,19,17.2,11.57,9.5,180,Ambient,12,False,Available,3.8,New Arrival
P001221,AAS-CHA-SHA-100-2,Aashirvaad Chakki Atta Multigrain Sharbati 10.0 kg,Aashirvaad,Premium,Staples & Grocery,Atta,Chakki Atta,Multigrain,Sharbati,Not Applicable,kg,10.0,419,388.41,293.35,7.3,90,Ambient,0,False,Available,4.5,Regular
P001222,FAS-BAS-POL-30,Fastrack Basic Wear T-Shirts Polyester 3.0 pack,Fastrack,Popular,Fashion & Lifestyle,Apparel & Accessories,Basic Wear,T-Shirts,Polyester,Not Applicable,pack,3.0,439,423.14,312.99,3.6,3650,Ambient,12,False,Available,4.2,Regular
P001223,FAR-ONI-PRE-50-1,Farm Fresh Onion Sambhar Premium Grade 5.0 kg,Farm Fresh,Popular,Fruits & Vegetables,Fresh Vegetables,Onion,Sambhar,Premium Grade,Not Applicable,kg,5.0,199,175.17,139.63,12.0,4,Ambient,0,True,Available,4.6,Regular
P001224,MOD-BRE-FRU-2000-1,Modern Bread Loaf Whole Wheat Fruit 200.0 g,Modern,Popular,"Dairy, Bread & Eggs",Bread,Bread Loaf,Whole Wheat,Fruit,Not Applicable,g,200.0,26,23.51,18.78,9.6,5,Ambient,0,False,Available,4.5,Regular
P001225,GAR-FAC-BRI-300-5,Garnier Face Serum Liquid Serum Brightening Niacinamide 30.0 ml,Garnier,Budget,Beauty & Personal Care,Skin Care,Face Serum,Liquid Serum,Brightening,Niacinamide,ml,30.0,499,425.61,266.07,14.7,730,Ambient,18,False,Available,4.0,Regular
P001226,MOD-BRE-FRU-2000-2,Modern Bread Loaf Multigrain Fruit 200.0 g,Modern,Popular,"Dairy, Bread & Eggs",Bread,Bread Loaf,Multigrain,Fruit,Not Applicable,g,200.0,29,26.77,20.33,7.7,5,Ambient,0,False,Available,4.6,Regular
P001227,COU-MIL-ORG-5000,Country Delight Cow Milk Organic Plain 500.0 ml,Country Delight,Premium,"Dairy, Bread & Eggs",Milk,Milk,Cow Milk,Organic,Plain,ml,500.0,39,33.39,26.01,14.4,2,Refrigerated,0,True,Available,4.8,Regular
P001228,NAT-CHA-SHA-10-3,Nature Fresh Chakki Atta Wheat Sharbati 1.0 kg,Nature Fresh,Popular,Staples & Grocery,Atta,Chakki Atta,Wheat,Sharbati,Not Applicable,kg,1.0,45,43.01,29.83,4.4,90,Ambient,0,False,Available,4.2,Regular
P001229,UNB-TOM-ORG-625-1,Unbranded Tomato Cherry Organic 625 g,Unbranded,Budget,Fruits & Vegetables,Fresh Vegetables,Tomato,Cherry,Organic,Not Applicable,g,625.0,28,24.83,20.06,11.3,4,Ambient,0,True,Available,4.0,New Arrival
P001230,LAY-CHI-BAK-300-2,Lay's Chips Extruded Snacks Baked Tomato 30.0 g,Lay's,Popular,Snacks,Munchies,Chips,Extruded Snacks,Baked,Tomato,g,30.0,10,9.17,6.03,8.3,180,Ambient,12,False,Available,4.6,Regular
P001231,PRI-CHI-FRI-1500-7,Pringles Chips Extruded Snacks Fried Classic Salted 150.0 g,Pringles,Premium,Snacks,Munchies,Chips,Extruded Snacks,Fried,Classic Salted,g,150.0,119,105.69,76.8,11.2,180,Ambient,12,False,Available,4.7,Regular
P001232,HAL-CHI-FRI-1500-5,Haldiram's Corn Chips Fried Cream & Onion 150.0 g,Haldiram's,Popular,Snacks,Munchies,Chips,Corn Chips,Fried,Cream & Onion,g,150.0,99,93.42,64.21,5.6,180,Ambient,12,False,Available,4.5,Regular
P001233,MIN-FAC-HYD-500-3,Minimalist Face Serum Gel Hydrating Salicylic Acid 50.0 ml,Minimalist,Premium,Beauty & Personal Care,Skin Care,Face Serum,Gel,Hydrating,Salicylic Acid,ml,50.0,759,524.55,289.35,30.9,730,Ambient,18,False,Available,4.8,New Arrival
P001234,CRO-PAI-STA-300,Crocin Pain Reliever Gel Standard 30.0 g,Crocin,Popular,Pharmacy,Pain Relief,Pain Reliever,Gel,Standard,Not Applicable,g,30.0,89,80.29,58.7,9.8,730,Ambient,12,False,Available,4.3,Regular
P001235,FAR-ONI-PRE-100,Farm Fresh Onion Sambhar Premium Grade 10.0 kg,Farm Fresh,Popular,Fruits & Vegetables,Fresh Vegetables,Onion,Sambhar,Premium Grade,Not Applicable,kg,10.0,375,355.99,278.23,5.1,4,Ambient,0,True,Available,4.2,New Arrival
P001236,LIC-CHI-WIT-2500-2,Licious Chicken Drumsticks With Skin 250.0 g,Licious,Premium,Meat & Fish,Chicken,Chicken,Drumsticks,With Skin,Not Applicable,g,250.0,139,102.24,72.64,26.4,3,Refrigerated,5,True,Available,4.5,Regular
P001237,ZES-APP-WAX-20-1,Zespri Apple Kashmiri Wax Free 2.0 kg,Zespri,Premium,Fruits & Vegetables,Fresh Fruits,Apple,Kashmiri,Wax Free,Not Applicable,kg,2.0,495,463.26,389.94,6.4,5,Refrigerated,0,True,Low Stock,4.7,Regular
P001238,MIN-FAC-HYD-300-4,Minimalist Face Serum Liquid Serum Hydrating Hyaluronic Acid 30.0 ml,Minimalist,Premium,Beauty & Personal Care,Skin Care,Face Serum,Liquid Serum,Hydrating,Hyaluronic Acid,ml,30.0,645,533.46,353.49,17.3,730,Ambient,18,False,Available,4.6,Regular
P001239,ARI-DET-HAN-10-5,Ariel Detergent Liquid Hand Wash Fresh Spring 1.0 L,Ariel,Premium,Household Essentials,Cleaning Essentials,Detergent,Liquid,Hand Wash,Fresh Spring,L,1.0,199,151.33,105.15,24.0,730,Ambient,18,False,Available,4.8,Regular
P001240,HAR-DET-FRO-10-3,Harpic Detergent Liquid Front Load Fresh Spring 1.0 kg,Harpic,Popular,Household Essentials,Cleaning Essentials,Detergent,Liquid,Front Load,Fresh Spring,kg,1.0,169,165.0,112.63,2.4,730,Ambient,18,False,Available,4.2,Regular
P001241,LAY-CHI-BAK-900-7,Lay's Chips Nachos Baked Classic Salted 90.0 g,Lay's,Popular,Snacks,Munchies,Chips,Nachos,Baked,Classic Salted,g,90.0,45,41.38,31.93,8.1,180,Ambient,12,False,Available,4.5,New Arrival
P001242,NAT-CHA-SEL-62,Nature Fresh Chakki Atta Wheat Select 6.2 kg,Nature Fresh,Popular,Staples & Grocery,Atta,Chakki Atta,Wheat,Select,Not Applicable,kg,6.2,395,392.06,306.56,0.7,90,Ambient,0,False,Available,4.4,New Arrival
P001243,FOR-CHA-GLU-150-1,Fortune Chakki Atta Multigrain Gluten Free 15.0 kg,Fortune,Popular,Staples & Grocery,Atta,Chakki Atta,Multigrain,Gluten Free,Not Applicable,kg,15.0,769,761.61,592.58,1.0,90,Ambient,0,False,Available,4.2,Regular
P001244,LAY-CHI-FRI-900-3,Lay's Potato Chips Fried Tomato 90.0 g,Lay's,Popular,Snacks,Munchies,Chips,Potato Chips,Fried,Tomato,g,90.0,35,28.47,21.15,18.6,180,Ambient,12,False,Available,4.4,Seasonal
P001245,AMU-MIL-ORG-10-1,Amul Cow Milk Organic Plain 1.0 L,Amul,Popular,"Dairy, Bread & Eggs",Milk,Milk,Cow Milk,Organic,Plain,L,1.0,75,67.57,51.81,9.9,2,Refrigerated,0,True,Available,4.4,Regular
P001246,UNB-CHI-WIT-10-2,Unbranded Chicken Drumsticks With Skin 1.0 kg,Unbranded,Budget,Meat & Fish,Chicken,Chicken,Drumsticks,With Skin,Not Applicable,kg,1.0,295,273.95,217.04,7.1,3,Refrigerated,5,True,Available,3.9,Regular
P001247,LAY-CHI-ROA-300-5,Lay's Potato Chips Roasted Magic Masala 30.0 g,Lay's,Popular,Snacks,Munchies,Chips,Potato Chips,Roasted,Magic Masala,g,30.0,14,11.28,7.82,19.4,180,Ambient,12,False,Available,4.3,New Arrival
P001248,ARI-DET-FRO-10-4,Ariel Detergent Pods Front Load Fresh Spring 1.0 L,Ariel,Premium,Household Essentials,Cleaning Essentials,Detergent,Pods,Front Load,Fresh Spring,L,1.0,329,290.12,232.07,11.8,730,Ambient,18,False,Available,4.8,Regular
P001249,NAT-CHA-SHA-50-1,Nature Fresh Chakki Atta Wheat Sharbati 5.0 kg,Nature Fresh,Popular,Staples & Grocery,Atta,Chakki Atta,Wheat,Sharbati,Not Applicable,kg,5.0,265,261.22,198.0,1.4,90,Ambient,0,False,Available,4.4,Regular
P001250,FAR-TOM-ORG-30-1,Farm Fresh Tomato Hybrid Organic 3.0 kg,Farm Fresh,Popular,Fruits & Vegetables,Fresh Vegetables,Tomato,Hybrid,Organic,Not Applicable,kg,3.0,139,130.3,104.35,6.3,4,Ambient,0,True,Available,4.3,Regular
P001251,FOR-CHA-GLU-50-2,Fortune Chakki Atta Wheat Gluten Free 5.0 kg,Fortune,Popular,Staples & Grocery,Atta,Chakki Atta,Wheat,Gluten Free,Not Applicable,kg,5.0,229,160.22,111.76,30.0,90,Ambient,0,False,Available,4.5,Regular
P001252,BAK-BRE-FRU-2000,Baker's Loaf Bread Loaf Multigrain Fruit 200.0 g,Baker's Loaf,Popular,"Dairy, Bread & Eggs",Bread,Bread Loaf,Multigrain,Fruit,Not Applicable,g,200.0,22,19.01,12.9,13.6,5,Ambient,0,False,Available,4.5,Regular
P001253,NES-COF-GOL-1000-6,Nescafé Coffee Powder Filter Gold Hazelnut 100.0 g,Nescafé,Popular,Beverages,Coffee,Coffee Powder,Filter,Gold,Hazelnut,g,100.0,269,260.87,199.37,3.0,365,Ambient,18,False,Available,4.3,Regular
P001254,ITC-FRI-VEG-4000-4,ITC Master Chef Fries & Bites Nuggets Veg Classic 400.0 g,ITC Master Chef,Popular,Frozen Foods,Frozen Snacks,Fries & Bites,Nuggets,Veg,Classic,g,400.0,179,159.54,125.09,10.9,180,Frozen,18,True,Available,4.5,Regular
P001255,LAY-CHI-BAK-1500-5,Lay's Potato Chips Baked Tomato 150.0 g,Lay's,Popular,Snacks,Munchies,Chips,Potato Chips,Baked,Tomato,g,150.0,89,84.37,55.24,5.2,180,Ambient,12,False,Available,4.6,Regular
P001256,AMU-FRI-CHI-7500-5,Amul Fries & Bites Cheese Balls Chicken Classic 750.0 g,Amul,Popular,Frozen Foods,Frozen Snacks,Fries & Bites,Cheese Balls,Chicken,Classic,g,750.0,349,328.18,240.6,6.0,180,Frozen,18,True,Available,4.2,Regular
P001257,AMU-FRI-CHI-4000-5,Amul Fries & Bites Cheese Balls Chicken Spicy 400.0 g,Amul,Popular,Frozen Foods,Frozen Snacks,Fries & Bites,Cheese Balls,Chicken,Spicy,g,400.0,215,208.35,157.26,3.1,180,Frozen,18,True,Available,4.4,Regular
P001258,FOR-CHA-SEL-20,Fortune Chakki Atta Multigrain Select 2.0 kg,Fortune,Popular,Staples & Grocery,Atta,Chakki Atta,Multigrain,Select,Not Applicable,kg,2.0,139,100.08,77.76,28.0,90,Ambient,0,False,Available,4.3,Regular
P001259,SYS-BAT-9V-40-1,Syska Batteries Rechargeable 9V 4.0 pack,Syska,Popular,Household Essentials,Electronics,Batteries,Rechargeable,9V,Not Applicable,pack,4.0,109,90.34,60.19,17.1,3650,Ambient,18,False,Low Stock,4.5,Regular
P001260,PAT-CHA-GLU-100-2,Patanjali Chakki Atta Multigrain Gluten Free 10.0 kg,Patanjali,Budget,Staples & Grocery,Atta,Chakki Atta,Multigrain,Gluten Free,Not Applicable,kg,10.0,709,598.37,447.52,15.6,90,Ambient,0,False,Available,4.0,Regular
P001261,BIN-CHI-FRI-900-6,Bingo Potato Chips Fried Tomato 90.0 g,Bingo,Budget,Snacks,Munchies,Chips,Potato Chips,Fried,Tomato,g,90.0,39,36.82,27.05,5.6,180,Ambient,12,False,Available,4.0,Regular
P001262,BIN-CHI-BAK-900-6,Bingo Corn Chips Baked Magic Masala 90.0 g,Bingo,Budget,Snacks,Munchies,Chips,Corn Chips,Baked,Magic Masala,g,90.0,39,31.39,21.39,19.5,180,Ambient,12,False,Available,3.9,Regular
P001263,DOT-FAC-ANT-300-4,Dot & Key Face Serum Liquid Serum Anti-Acne Salicylic Acid 30.0 ml,Dot & Key,Premium,Beauty & Personal Care,Skin Care,Face Serum,Liquid Serum,Anti-Acne,Salicylic Acid,ml,30.0,509,408.85,262.51,19.7,730,Ambient,18,False,Available,4.9,Regular
P001264,MAM-FAC-BRI-300-4,Mamaearth Face Serum Gel Brightening Niacinamide 30.0 ml,Mamaearth,Popular,Beauty & Personal Care,Skin Care,Face Serum,Gel,Brightening,Niacinamide,ml,30.0,419,274.08,181.43,34.6,730,Ambient,18,False,Available,4.5,Regular
P001265,FAR-ONI-PRE-15,Farm Fresh Onion Red Premium Grade 1.5 kg,Farm Fresh,Popular,Fruits & Vegetables,Fresh Vegetables,Onion,Red,Premium Grade,Not Applicable,kg,1.5,65,55.04,43.96,15.3,4,Ambient,0,True,Available,4.2,Regular
P001266,ZES-APP-REG-30,Zespri Apple Kashmiri Regular 3.0 kg,Zespri,Premium,Fruits & Vegetables,Fresh Fruits,Apple,Kashmiri,Regular,Not Applicable,kg,3.0,725,615.58,488.62,15.1,5,Refrigerated,0,True,Available,4.7,Regular
P001267,LIC-CHI-SKI-10-2,Licious Chicken Boneless Skinless 1.0 kg,Licious,Premium,Meat & Fish,Chicken,Chicken,Boneless,Skinless,Not Applicable,kg,1.0,445,440.4,352.08,1.0,3,Refrigerated,5,True,Available,4.7,Regular
P001268,UNB-TOM-REG-5000-1,Unbranded Tomato Hybrid Regular 500.0 g,Unbranded,Budget,Fruits & Vegetables,Fresh Vegetables,Tomato,Hybrid,Regular,Not Applicable,g,500.0,30,23.96,18.14,20.1,4,Ambient,0,True,Available,4.1,Seasonal
P001269,EVE-BAT-9V-20,Eveready Batteries Rechargeable 9V 2.0 pack,Eveready,Budget,Household Essentials,Electronics,Batteries,Rechargeable,9V,Not Applicable,pack,2.0,59,53.92,41.04,8.6,3650,Ambient,18,False,Low Stock,4.2,Regular
P001270,ITC-FRI-CHI-4000-5,ITC Master Chef Fries & Bites Aloo Tikki Chicken Masala 400.0 g,ITC Master Chef,Popular,Frozen Foods,Frozen Snacks,Fries & Bites,Aloo Tikki,Chicken,Masala,g,400.0,149,139.55,109.15,6.3,180,Frozen,18,True,Available,4.3,Regular
P001271,UNB-TOM-ORG-5000-1,Unbranded Tomato Cherry Organic 500.0 g,Unbranded,Budget,Fruits & Vegetables,Fresh Vegetables,Tomato,Cherry,Organic,Not Applicable,g,500.0,28,24.38,19.16,12.9,4,Ambient,0,True,Available,4.3,Regular
P001272,FAS-BAS-LEA-10-2,Fastrack Basic Wear Wallet Leather 1.0 pc,Fastrack,Popular,Fashion & Lifestyle,Apparel & Accessories,Basic Wear,Wallet,Leather,Not Applicable,pc,1.0,419,371.53,248.55,11.3,3650,Ambient,12,False,Available,4.2,Regular
P001273,MAM-FAC-ANT-500-3,Mamaearth Face Serum Liquid Serum Anti-Acne Salicylic Acid 50.0 ml,Mamaearth,Popular,Beauty & Personal Care,Skin Care,Face Serum,Liquid Serum,Anti-Acne,Salicylic Acid,ml,50.0,989,890.62,586.03,9.9,730,Ambient,18,False,Available,4.2,Regular
P001274,NES-COF-DEC-300,Nescafé Coffee Powder Instant Decaf Original 300 g,Nescafé,Popular,Beverages,Coffee,Coffee Powder,Instant,Decaf,Original,g,300.0,839,770.51,504.04,8.2,365,Ambient,18,False,Available,4.3,Regular
P001275,AAS-CHA-SEL-15-1,Aashirvaad Chakki Atta Maida Select 1.5 kg,Aashirvaad,Premium,Staples & Grocery,Atta,Chakki Atta,Maida,Select,Not Applicable,kg,1.5,115,93.33,70.97,18.8,90,Ambient,0,False,Available,4.6,Regular
P001276,BIN-CHI-FRI-900-7,Bingo Chips Extruded Snacks Fried Magic Masala 90.0 g,Bingo,Budget,Snacks,Munchies,Chips,Extruded Snacks,Fried,Magic Masala,g,90.0,49,48.28,31.49,1.5,180,Ambient,12,False,Available,4.1,Regular
P001277,NES-COF-DEC-1000-7,Nescafé Coffee Powder Roast & Ground Decaf Original 100.0 g,Nescafé,Popular,Beverages,Coffee,Coffee Powder,Roast & Ground,Decaf,Original,g,100.0,149,128.8,88.93,13.6,365,Ambient,18,False,Available,4.3,Regular
P001278,NIV-FAC-HYD-300-3,Nivea Face Serum Liquid Serum Hydrating Niacinamide 30.0 ml,Nivea,Popular,Beauty & Personal Care,Skin Care,Face Serum,Liquid Serum,Hydrating,Niacinamide,ml,30.0,499,448.32,254.89,10.2,730,Ambient,18,False,Available,4.5,Regular
P001279,UNB-TOM-REG-5000-2,Unbranded Tomato Local Regular 500.0 g,Unbranded,Budget,Fruits & Vegetables,Fresh Vegetables,Tomato,Local,Regular,Not Applicable,g,500.0,39,35.91,27.93,7.9,4,Ambient,0,True,Available,4.1,New Arrival
P001280,BIN-CHI-BAK-300-8,Bingo Potato Chips Baked Cheese 30.0 g,Bingo,Budget,Snacks,Munchies,Chips,Potato Chips,Baked,Cheese,g,30.0,19,18.76,13.25,1.3,180,Ambient,12,False,Low Stock,4.1,Regular
P001281,PUR-PET-PUP-12,Purepet Pet Food Biscuits Puppy/Kitten Chicken 1.2 kg,Purepet,Budget,Pet Care,Dog & Cat Food,Pet Food,Biscuits,Puppy/Kitten,Chicken,kg,1.2,265,245.89,184.75,7.2,540,Ambient,18,False,Available,3.9,Regular
P001282,DOT-FAC-BRI-500-3,Dot & Key Face Serum Liquid Serum Brightening Vitamin C 50.0 ml,Dot & Key,Premium,Beauty & Personal Care,Skin Care,Face Serum,Liquid Serum,Brightening,Vitamin C,ml,50.0,849,770.12,478.17,9.3,730,Ambient,18,False,Available,4.7,Regular
P001283,DOT-FAC-BRI-300-3,Dot & Key Face Serum Liquid Serum Brightening Vitamin C 30.0 ml,Dot & Key,Premium,Beauty & Personal Care,Skin Care,Face Serum,Liquid Serum,Brightening,Vitamin C,ml,30.0,689,506.36,339.43,26.5,730,Ambient,18,False,Available,4.7,Regular
P001284,LAY-CHI-BAK-900-8,Lay's Chips Nachos Baked Cheese 90.0 g,Lay's,Popular,Snacks,Munchies,Chips,Nachos,Baked,Cheese,g,90.0,39,38.1,25.82,2.3,180,Ambient,12,False,Available,4.3,Regular
P001285,MEI-CHI-WIT-5000-2,Meister Chicken Mince With Skin 500.0 g,Meister,Popular,Meat & Fish,Chicken,Chicken,Mince,With Skin,Not Applicable,g,500.0,245,197.39,152.57,19.4,3,Refrigerated,5,True,Low Stock,4.3,Regular
P001286,ENG-BRE-SAN-2000-1,English Oven Bread Loaf Whole Wheat Sandwich 200.0 g,English Oven,Popular,"Dairy, Bread & Eggs",Bread,Bread Loaf,Whole Wheat,Sandwich,Not Applicable,g,200.0,25,23.89,16.18,4.4,5,Ambient,0,False,Available,4.5,Regular
P001287,FOR-CHA-SEL-300-1,Fortune Chakki Atta Multigrain Select 30.0 kg,Fortune,Popular,Staples & Grocery,Atta,Chakki Atta,Multigrain,Select,Not Applicable,kg,30.0,1379,1300.15,956.96,5.7,90,Ambient,0,False,Available,4.4,Regular
P001288,BRU-COF-GOL-500-2,Bru Coffee Powder Roast & Ground Gold Hazelnut 50.0 g,Bru,Popular,Beverages,Coffee,Coffee Powder,Roast & Ground,Gold,Hazelnut,g,50.0,125,107.47,74.3,14.0,365,Ambient,18,False,Available,4.3,Regular
P001289,UNB-CHI-ANT-5000-4,Unbranded Chicken Curry Cut Antibiotic Free 500.0 g,Unbranded,Budget,Meat & Fish,Chicken,Chicken,Curry Cut,Antibiotic Free,Not Applicable,g,500.0,279,278.84,218.9,0.1,3,Refrigerated,5,True,Available,4.0,Regular
P001290,UNB-ONI-REG-30,Unbranded Onion White Regular 3.0 kg,Unbranded,Budget,Fruits & Vegetables,Fresh Vegetables,Onion,White,Regular,Not Applicable,kg,3.0,99,88.97,68.24,10.1,4,Ambient,0,True,Available,4.3,Regular
P001291,PRI-CHI-BAK-300-5,Pringles Corn Chips Baked Cheese 30.0 g,Pringles,Premium,Snacks,Munchies,Chips,Corn Chips,Baked,Cheese,g,30.0,11,10.03,7.62,8.9,180,Ambient,12,False,Available,4.9,Regular
P001292,THE-FAC-BRI-300-5,The Derma Co Face Serum Liquid Serum Brightening Vitamin C 30.0 ml,The Derma Co,Premium,Beauty & Personal Care,Skin Care,Face Serum,Liquid Serum,Brightening,Vitamin C,ml,30.0,639,524.47,366.14,17.9,730,Ambient,18,False,Available,4.8,Regular
P001293,AKS-MIL-FUL-5000-1,Akshayakalpa Cow Milk Full Cream Plain 500.0 ml,Akshayakalpa,Premium,"Dairy, Bread & Eggs",Milk,Milk,Cow Milk,Full Cream,Plain,ml,500.0,35,33.57,22.56,4.1,2,Refrigerated,0,True,Available,4.5,Regular
P001294,PRI-CHI-FRI-300-3,Pringles Chips Extruded Snacks Fried Cream & Onion 30.0 g,Pringles,Premium,Snacks,Munchies,Chips,Extruded Snacks,Fried,Cream & Onion,g,30.0,11,10.03,6.68,8.8,180,Ambient,12,False,Available,4.8,Regular
P001295,BIN-CHI-ROA-300-5,Bingo Chips Extruded Snacks Roasted Cream & Onion 30.0 g,Bingo,Budget,Snacks,Munchies,Chips,Extruded Snacks,Roasted,Cream & Onion,g,30.0,13,9.47,7.23,27.2,180,Ambient,12,False,Available,4.1,Regular
P001296,PRI-CHI-FRI-900-5,Pringles Potato Chips Fried Cream & Onion 90.0 g,Pringles,Premium,Snacks,Munchies,Chips,Potato Chips,Fried,Cream & Onion,g,90.0,35,25.15,20.04,28.2,180,Ambient,12,False,Available,4.5,Regular
P001297,UNB-CHI-WIT-5000-1,Unbranded Chicken Boneless With Skin 500.0 g,Unbranded,Budget,Meat & Fish,Chicken,Chicken,Boneless,With Skin,Not Applicable,g,500.0,239,212.65,141.84,11.0,3,Refrigerated,5,True,Available,4.0,Regular
P001298,DOT-FAC-BRI-500-4,Dot & Key Face Serum Gel Brightening Vitamin C 50.0 ml,Dot & Key,Premium,Beauty & Personal Care,Skin Care,Face Serum,Gel,Brightening,Vitamin C,ml,50.0,599,562.33,368.14,6.1,730,Ambient,18,False,Available,4.7,Regular
P001299,FAR-APP-WAX-40-1,Farm Fresh Apple Washington Wax Free 4.0 pc,Farm Fresh,Popular,Fruits & Vegetables,Fresh Fruits,Apple,Washington,Wax Free,Not Applicable,pc,4.0,115,100.2,75.93,12.9,5,Refrigerated,0,True,Available,4.5,Regular
P001300,FOR-CHA-SEL-50,Fortune Chakki Atta Besan Select 5.0 kg,Fortune,Popular,Staples & Grocery,Atta,Chakki Atta,Besan,Select,Not Applicable,kg,5.0,325,269.27,179.0,17.1,90,Ambient,0,False,Available,4.4,Regular
P001301,LAY-CHI-ROA-1500-7,Lay's Corn Chips Roasted Tomato 150.0 g,Lay's,Popular,Snacks,Munchies,Chips,Corn Chips,Roasted,Tomato,g,150.0,119,111.71,73.34,6.1,180,Ambient,12,False,Available,4.3,New Arrival
P001302,ARI-DET-FRO-10-5,Ariel Detergent Powder Front Load Fresh Spring 1.0 L,Ariel,Premium,Household Essentials,Cleaning Essentials,Detergent,Powder,Front Load,Fresh Spring,L,1.0,189,176.4,131.58,6.7,730,Ambient,18,False,Available,4.9,Regular
P001303,PRI-CHI-FRI-300-4,Pringles Corn Chips Fried Cream & Onion 30.0 g,Pringles,Premium,Snacks,Munchies,Chips,Corn Chips,Fried,Cream & Onion,g,30.0,11,10.43,8.11,5.2,180,Ambient,12,False,Available,4.7,Regular
P001304,THE-FAC-HYD-300-6,The Derma Co Face Serum Gel Hydrating Salicylic Acid 30.0 ml,The Derma Co,Premium,Beauty & Personal Care,Skin Care,Face Serum,Gel,Hydrating,Salicylic Acid,ml,30.0,529,497.75,306.09,5.9,730,Ambient,18,False,Available,4.9,Regular
P001305,WHI-PET-WEI-30,Whiskas Pet Food Dry Kibbles Weight Management Chicken 3.0 kg,Whiskas,Popular,Pet Care,Dog & Cat Food,Pet Food,Dry Kibbles,Weight Management,Chicken,kg,3.0,809,783.73,593.24,3.1,540,Ambient,18,False,Out Of Stock,4.6,Seasonal
P001306,BIN-CHI-ROA-1500-4,Bingo Potato Chips Roasted Classic Salted 150.0 g,Bingo,Budget,Snacks,Munchies,Chips,Potato Chips,Roasted,Classic Salted,g,150.0,69,63.83,47.53,7.5,180,Ambient,12,False,Available,3.9,Regular
P001307,BEV-COF-GOL-500-5,Bevzilla Coffee Powder Filter Gold Original 50.0 g,Bevzilla,Premium,Beverages,Coffee,Coffee Powder,Filter,Gold,Original,g,50.0,139,114.0,77.71,18.0,365,Ambient,18,False,Available,4.8,New Arrival
P001308,LIC-CHI-ANT-2500-3,Licious Chicken Wings Antibiotic Free 250.0 g,Licious,Premium,Meat & Fish,Chicken,Chicken,Wings,Antibiotic Free,Not Applicable,g,250.0,149,135.76,105.62,8.9,3,Refrigerated,5,True,Available,4.6,Regular
P001309,JOC-BAS-CAN-10-1,Jockey Basic Wear Socks Canvas 1.0 pc,Jockey,Premium,Fashion & Lifestyle,Apparel & Accessories,Basic Wear,Socks,Canvas,Not Applicable,pc,1.0,555,377.66,246.82,32.0,3650,Ambient,12,False,Available,4.8,Regular
P001310,LIZ-DET-TOP-10-6,Lizol Detergent Liquid Top Load Lemon 1.0 kg,Lizol,Popular,Household Essentials,Cleaning Essentials,Detergent,Liquid,Top Load,Lemon,kg,1.0,125,107.16,74.05,14.3,730,Ambient,18,False,Available,4.3,Regular
P001311,BRU-COF-GOL-500-3,Bru Coffee Powder Instant Gold Vanilla 50.0 g,Bru,Popular,Beverages,Coffee,Coffee Powder,Instant,Gold,Vanilla,g,50.0,99,77.31,52.95,21.9,365,Ambient,18,False,Available,4.3,Regular
P001312,NES-COF-DEC-500-4,Nescafé Coffee Powder Filter Decaf Original 50.0 g,Nescafé,Popular,Beverages,Coffee,Coffee Powder,Filter,Decaf,Original,g,50.0,115,106.48,69.65,7.4,365,Ambient,18,False,Available,4.4,Regular
P001313,ITC-FRI-VEG-4000-5,ITC Master Chef Fries & Bites French Fries Veg Spicy 400.0 g,ITC Master Chef,Popular,Frozen Foods,Frozen Snacks,Fries & Bites,French Fries,Veg,Spicy,g,400.0,185,174.47,114.87,5.7,180,Frozen,18,True,Available,4.6,Regular
P001314,KUR-CHI-FRI-900-4,Kurkure Corn Chips Fried Magic Masala 90.0 g,Kurkure,Popular,Snacks,Munchies,Chips,Corn Chips,Fried,Magic Masala,g,90.0,39,35.98,25.88,7.7,180,Ambient,12,False,Available,4.4,Regular
P001315,HUG-DIA-PRE-310-1,Huggies Diapers Pant Style Premium Care 31.0 pack,Huggies,Popular,Baby Care,Baby Diapers & Wipes,Diapers,Pant Style,Premium Care,Not Applicable,pack,31.0,685,677.12,533.2,1.2,1095,Ambient,12,False,Available,4.5,Regular
P001316,MIL-MIL-DOU-5000-1,Milky Mist Cow Milk Double Toned Plain 500.0 ml,Milky Mist,Popular,"Dairy, Bread & Eggs",Milk,Milk,Cow Milk,Double Toned,Plain,ml,500.0,35,33.64,22.82,3.9,2,Refrigerated,0,True,Available,4.3,Regular
P001317,EGG-EGG-BRO-300,Eggoz Country Eggs Brown 30.0 pc,Eggoz,Popular,"Dairy, Bread & Eggs",Eggs,Eggs,Country Eggs,Brown,Not Applicable,pc,30.0,209,205.22,157.92,1.8,21,Refrigerated,0,True,Available,4.5,Regular
P001318,FAR-APP-WAX-15,Farm Fresh Apple Kashmiri Wax Free 1.5 kg,Farm Fresh,Popular,Fruits & Vegetables,Fresh Fruits,Apple,Kashmiri,Wax Free,Not Applicable,kg,1.5,345,294.15,246.1,14.7,5,Refrigerated,0,True,Out Of Stock,4.2,Regular
P001319,LIC-CHI-SKI-2500-3,Licious Chicken Mince Skinless 250.0 g,Licious,Premium,Meat & Fish,Chicken,Chicken,Mince,Skinless,Not Applicable,g,250.0,145,135.13,90.89,6.8,3,Refrigerated,5,True,Available,4.8,New Arrival
P001320,SUR-DET-TOP-10-5,Surf Excel Detergent Pods Top Load Lemon 1.0 kg,Surf Excel,Premium,Household Essentials,Cleaning Essentials,Detergent,Pods,Top Load,Lemon,kg,1.0,129,119.58,80.68,7.3,730,Ambient,18,False,Available,4.7,Regular
P001321,BEV-COF-GOL-500-6,Bevzilla Coffee Powder Roast & Ground Gold Original 50.0 g,Bevzilla,Premium,Beverages,Coffee,Coffee Powder,Roast & Ground,Gold,Original,g,50.0,145,124.39,95.58,14.2,365,Ambient,18,False,Available,4.6,Regular
P001322,AAS-CHA-GLU-200,Aashirvaad Chakki Atta Multigrain Gluten Free 20.0 kg,Aashirvaad,Premium,Staples & Grocery,Atta,Chakki Atta,Multigrain,Gluten Free,Not Applicable,kg,20.0,1279,1136.11,790.32,11.2,90,Ambient,0,False,Available,4.6,Regular
P001323,AKS-EGG-FRE-60-1,Akshayakalpa Country Eggs Free Range 6.0 pc,Akshayakalpa,Premium,"Dairy, Bread & Eggs",Eggs,Eggs,Country Eggs,Free Range,Not Applicable,pc,6.0,69,63.15,46.5,8.5,21,Refrigerated,0,True,Available,4.5,Regular
P001324,PRI-CHI-BAK-1500-8,Pringles Chips Extruded Snacks Baked Classic Salted 150.0 g,Pringles,Premium,Snacks,Munchies,Chips,Extruded Snacks,Baked,Classic Salted,g,150.0,55,50.65,36.9,7.9,180,Ambient,12,False,Out Of Stock,4.7,Regular
P001325,REL-CHI-ANT-5000-2,Relish Chicken Drumsticks Antibiotic Free 500.0 g,Relish,Popular,Meat & Fish,Chicken,Chicken,Drumsticks,Antibiotic Free,Not Applicable,g,500.0,175,164.96,128.47,5.7,3,Refrigerated,5,True,Available,4.3,Regular
P001326,NAT-CHA-GLU-100-1,Nature Fresh Chakki Atta Besan Gluten Free 10.0 kg,Nature Fresh,Popular,Staples & Grocery,Atta,Chakki Atta,Besan,Gluten Free,Not Applicable,kg,10.0,425,287.02,211.68,32.5,90,Ambient,0,False,Available,4.5,Regular
P001327,MAM-FAC-HYD-500-5,Mamaearth Face Serum Gel Hydrating Niacinamide 50.0 ml,Mamaearth,Popular,Beauty & Personal Care,Skin Care,Face Serum,Gel,Hydrating,Niacinamide,ml,50.0,785,779.5,463.42,0.7,730,Ambient,18,False,Available,4.6,Regular
P001328,PAM-DIA-STA-300-1,Pampers Diapers Taped Standard 30.0 pack,Pampers,Premium,Baby Care,Baby Diapers & Wipes,Diapers,Taped,Standard,Not Applicable,pack,30.0,445,368.35,270.15,17.2,1095,Ambient,12,False,Available,4.8,Regular
P001329,BRU-COF-CLA-1000-7,Bru Coffee Powder Filter Classic Mocha 100.0 g,Bru,Popular,Beverages,Coffee,Coffee Powder,Filter,Classic,Mocha,g,100.0,149,132.44,104.76,11.1,365,Ambient,18,False,Low Stock,4.5,Regular
P001330,BEV-COF-GOL-500-7,Bevzilla Coffee Powder Roast & Ground Gold Vanilla 50.0 g,Bevzilla,Premium,Beverages,Coffee,Coffee Powder,Roast & Ground,Gold,Vanilla,g,50.0,119,112.02,86.92,5.9,365,Ambient,18,False,Available,4.7,Regular
P001331,FAR-ONI-REG-50,Farm Fresh Onion White Regular 5.0 kg,Farm Fresh,Popular,Fruits & Vegetables,Fresh Vegetables,Onion,White,Regular,Not Applicable,kg,5.0,199,189.56,152.51,4.7,4,Ambient,0,True,Available,4.5,Regular
P001332,MAM-DIA-PRE-320-1,MamyPoko Diapers Taped Premium Care 32.0 pack,MamyPoko,Popular,Baby Care,Baby Diapers & Wipes,Diapers,Taped,Premium Care,Not Applicable,pack,32.0,799,776.15,585.29,2.9,1095,Ambient,12,False,Available,4.3,Regular
P001333,KUR-CHI-BAK-300-6,Kurkure Chips Extruded Snacks Baked Cream & Onion 30.0 g,Kurkure,Popular,Snacks,Munchies,Chips,Extruded Snacks,Baked,Cream & Onion,g,30.0,19,17.79,13.99,6.4,180,Ambient,12,False,Available,4.4,Regular
P001334,FAR-TOM-ORG-625-1,Farm Fresh Tomato Local Organic 625 g,Farm Fresh,Popular,Fruits & Vegetables,Fresh Vegetables,Tomato,Local,Organic,Not Applicable,g,625.0,49,47.18,38.21,3.7,4,Ambient,0,True,Available,4.2,Regular
P001335,NAN-MIL-DOU-10-1,Nandini A2 Milk Double Toned Plain 1.0 L,Nandini,Budget,"Dairy, Bread & Eggs",Milk,Milk,A2 Milk,Double Toned,Plain,L,1.0,65,53.15,34.74,18.2,2,Refrigerated,0,True,Available,4.1,Regular
P001336,MIN-FAC-HYD-300-5,Minimalist Face Serum Liquid Serum Hydrating Niacinamide 30.0 ml,Minimalist,Premium,Beauty & Personal Care,Skin Care,Face Serum,Liquid Serum,Hydrating,Niacinamide,ml,30.0,429,392.7,237.39,8.5,730,Ambient,18,False,Available,4.8,Regular
P001337,AKS-MIL-ORG-10-1,Akshayakalpa A2 Milk Organic Plain 1.0 L,Akshayakalpa,Premium,"Dairy, Bread & Eggs",Milk,Milk,A2 Milk,Organic,Plain,L,1.0,65,56.03,44.36,13.8,2,Refrigerated,0,True,Available,4.6,Regular
P001338,FOR-CHA-SEL-62,Fortune Chakki Atta Wheat Select 6.2 kg,Fortune,Popular,Staples & Grocery,Atta,Chakki Atta,Wheat,Select,Not Applicable,kg,6.2,349,326.84,256.35,6.3,90,Ambient,0,False,Available,4.3,Regular
P001339,ENG-BRE-SAN-2000-2,English Oven Bread Loaf Brown Sandwich 200.0 g,English Oven,Popular,"Dairy, Bread & Eggs",Bread,Bread Loaf,Brown,Sandwich,Not Applicable,g,200.0,29,25.13,19.2,13.4,5,Ambient,0,False,Available,4.3,Regular
P001340,PAT-CHA-GLU-10-3,Patanjali Chakki Atta Multigrain Gluten Free 1.0 kg,Patanjali,Budget,Staples & Grocery,Atta,Chakki Atta,Multigrain,Gluten Free,Not Applicable,kg,1.0,49,37.64,30.05,23.2,90,Ambient,0,False,Available,4.3,Regular
P001341,NAT-CHA-GLU-20-1,Nature Fresh Chakki Atta Multigrain Gluten Free 2.0 kg,Nature Fresh,Popular,Staples & Grocery,Atta,Chakki Atta,Multigrain,Gluten Free,Not Applicable,kg,2.0,99,93.05,61.47,6.0,90,Ambient,0,False,Available,4.3,Regular
P001342,AMU-FRI-VEG-4000-2,Amul Fries & Bites Cheese Balls Veg Classic 400.0 g,Amul,Popular,Frozen Foods,Frozen Snacks,Fries & Bites,Cheese Balls,Veg,Classic,g,400.0,129,108.75,86.27,15.7,180,Frozen,18,True,Available,4.6,Regular
P001343,THE-FAC-HYD-500-5,The Derma Co Face Serum Gel Hydrating Salicylic Acid 50.0 ml,The Derma Co,Premium,Beauty & Personal Care,Skin Care,Face Serum,Gel,Hydrating,Salicylic Acid,ml,50.0,789,747.65,509.42,5.2,730,Ambient,18,False,Available,4.6,Regular
P001344,FAR-ONI-REG-150,Farm Fresh Onion Sambhar Regular 15.0 kg,Farm Fresh,Popular,Fruits & Vegetables,Fresh Vegetables,Onion,Sambhar,Regular,Not Applicable,kg,15.0,829,756.39,570.41,8.8,4,Ambient,0,True,Available,4.4,Regular
P001345,PAT-CHA-SEL-300,Patanjali Chakki Atta Maida Select 30.0 kg,Patanjali,Budget,Staples & Grocery,Atta,Chakki Atta,Maida,Select,Not Applicable,kg,30.0,1499,1469.72,1097.33,2.0,90,Ambient,0,False,Discontinued,3.9,Regular
P001346,REL-CHI-WIT-2500-1,Relish Chicken Mince With Skin 250.0 g,Relish,Popular,Meat & Fish,Chicken,Chicken,Mince,With Skin,Not Applicable,g,250.0,125,93.79,62.42,25.0,3,Refrigerated,5,True,Out Of Stock,4.4,Regular
P001347,FAR-TOM-REG-750,Farm Fresh Tomato Cherry Regular 750 g,Farm Fresh,Popular,Fruits & Vegetables,Fresh Vegetables,Tomato,Cherry,Regular,Not Applicable,g,750.0,39,32.08,27.19,17.8,4,Ambient,0,True,Available,4.5,Regular
P001348,BIN-CHI-BAK-300-9,Bingo Chips Extruded Snacks Baked Classic Salted 30.0 g,Bingo,Budget,Snacks,Munchies,Chips,Extruded Snacks,Baked,Classic Salted,g,30.0,15,13.6,10.8,9.3,180,Ambient,12,False,Available,3.9,Regular
P001349,AMU-FRI-CHI-4000-6,Amul Fries & Bites Cheese Balls Chicken Classic 400.0 g,Amul,Popular,Frozen Foods,Frozen Snacks,Fries & Bites,Cheese Balls,Chicken,Classic,g,400.0,189,178.81,126.26,5.4,180,Frozen,18,True,Available,4.6,Regular
P001350,PAT-CHA-SEL-150-2,Patanjali Chakki Atta Maida Select 15.0 kg,Patanjali,Budget,Staples & Grocery,Atta,Chakki Atta,Maida,Select,Not Applicable,kg,15.0,709,622.81,434.59,12.2,90,Ambient,0,False,Available,3.9,Regular
P001351,BRU-COF-CLA-500-4,Bru Coffee Powder Roast & Ground Classic Original 50.0 g,Bru,Popular,Beverages,Coffee,Coffee Powder,Roast & Ground,Classic,Original,g,50.0,129,83.98,60.87,34.9,365,Ambient,18,False,Available,4.6,Regular
P001352,FAR-ONI-REG-10-1,Farm Fresh Onion White Regular 1.0 kg,Farm Fresh,Popular,Fruits & Vegetables,Fresh Vegetables,Onion,White,Regular,Not Applicable,kg,1.0,49,41.54,32.12,15.2,4,Ambient,0,True,Available,4.4,Regular
P001353,ACC-HEA-DIG-10,Accu-Chek Health Monitor BP Monitor Digital 1.0 pc,Accu-Chek,Premium,Pharmacy,Medical Devices,Health Monitor,BP Monitor,Digital,Not Applicable,pc,1.0,675,587.87,444.71,12.9,1825,Ambient,18,False,Available,4.9,Regular
P001354,BIN-CHI-ROA-1500-5,Bingo Corn Chips Roasted Magic Masala 150.0 g,Bingo,Budget,Snacks,Munchies,Chips,Corn Chips,Roasted,Magic Masala,g,150.0,49,33.96,23.69,30.7,180,Ambient,12,False,Available,3.9,Regular
P001355,MAM-FAC-BRI-90,Mamaearth Face Serum Liquid Serum Brightening Niacinamide 90 ml,Mamaearth,Popular,Beauty & Personal Care,Skin Care,Face Serum,Liquid Serum,Brightening,Niacinamide,ml,90.0,2389,2005.12,1019.4,16.1,730,Ambient,18,False,Available,4.4,Regular
P001356,KUR-CHI-FRI-300-4,Kurkure Chips Nachos Fried Cheese 30.0 g,Kurkure,Popular,Snacks,Munchies,Chips,Nachos,Fried,Cheese,g,30.0,20,19.9,15.88,0.5,180,Ambient,12,False,Available,4.5,Seasonal
P001357,UNB-CHI-SKI-2500-1,Unbranded Chicken Mince Skinless 250.0 g,Unbranded,Budget,Meat & Fish,Chicken,Chicken,Mince,Skinless,Not Applicable,g,250.0,99,80.51,54.78,18.7,3,Refrigerated,5,True,Available,4.2,Regular
P001358,PRI-CHI-ROA-900-6,Pringles Corn Chips Roasted Magic Masala 90.0 g,Pringles,Premium,Snacks,Munchies,Chips,Corn Chips,Roasted,Magic Masala,g,90.0,39,33.33,25.82,14.5,180,Ambient,12,False,Available,4.6,Regular
P001359,BEV-COF-CLA-500-6,Bevzilla Coffee Powder Filter Classic Vanilla 50.0 g,Bevzilla,Premium,Beverages,Coffee,Coffee Powder,Filter,Classic,Vanilla,g,50.0,85,71.6,53.48,15.8,365,Ambient,18,False,Available,4.5,Regular
P001360,BIN-CHI-BAK-1500-8,Bingo Chips Extruded Snacks Baked Classic Salted 150.0 g,Bingo,Budget,Snacks,Munchies,Chips,Extruded Snacks,Baked,Classic Salted,g,150.0,99,91.77,59.84,7.3,180,Ambient,12,False,Available,4.3,Regular
P001361,REL-CHI-WIT-2500-2,Relish Chicken Boneless With Skin 250.0 g,Relish,Popular,Meat & Fish,Chicken,Chicken,Boneless,With Skin,Not Applicable,g,250.0,129,110.4,73.02,14.4,3,Refrigerated,5,True,Available,4.6,Regular
P001362,FAR-TOM-ORG-5000-1,Farm Fresh Tomato Local Organic 500.0 g,Farm Fresh,Popular,Fruits & Vegetables,Fresh Vegetables,Tomato,Local,Organic,Not Applicable,g,500.0,39,33.2,27.01,14.9,4,Ambient,0,True,Available,4.3,Regular
P001363,FAR-TOM-ORG-1500-1,Farm Fresh Tomato Hybrid Organic 1500 g,Farm Fresh,Popular,Fruits & Vegetables,Fresh Vegetables,Tomato,Hybrid,Organic,Not Applicable,g,1500.0,75,72.68,56.83,3.1,4,Ambient,0,True,Available,4.4,Regular
P001364,FAR-APP-REG-50,Farm Fresh Apple Royal Gala Regular 5.0 pc,Farm Fresh,Popular,Fruits & Vegetables,Fresh Fruits,Apple,Royal Gala,Regular,Not Applicable,pc,5.0,155,150.16,122.93,3.1,5,Refrigerated,0,True,Available,4.2,Regular
P001365,KUR-CHI-FRI-300-5,Kurkure Chips Extruded Snacks Fried Tomato 30.0 g,Kurkure,Popular,Snacks,Munchies,Chips,Extruded Snacks,Fried,Tomato,g,30.0,14,12.98,8.68,7.3,180,Ambient,12,False,Low Stock,4.6,Regular
P001366,BRU-COF-GOL-500-4,Bru Coffee Powder Roast & Ground Gold Vanilla 50.0 g,Bru,Popular,Beverages,Coffee,Coffee Powder,Roast & Ground,Gold,Vanilla,g,50.0,79,71.19,56.34,9.9,365,Ambient,18,False,Available,4.5,Regular
P001367,REL-CHI-WIT-5000-2,Relish Chicken Mince With Skin 500.0 g,Relish,Popular,Meat & Fish,Chicken,Chicken,Mince,With Skin,Not Applicable,g,500.0,269,248.01,192.66,7.8,3,Refrigerated,5,True,Available,4.2,Regular
P001368,BRU-COF-GOL-500-5,Bru Coffee Powder Instant Gold Hazelnut 50.0 g,Bru,Popular,Beverages,Coffee,Coffee Powder,Instant,Gold,Hazelnut,g,50.0,105,96.76,65.02,7.9,365,Ambient,18,False,Available,4.3,Regular
P001369,MCC-FRI-CHI-7500-4,McCain Fries & Bites French Fries Chicken Spicy 750.0 g,McCain,Premium,Frozen Foods,Frozen Snacks,Fries & Bites,French Fries,Chicken,Spicy,g,750.0,359,329.04,246.01,8.3,180,Frozen,18,True,Available,4.7,Seasonal
P001370,SUR-DET-HAN-10-5,Surf Excel Detergent Powder Hand Wash Fresh Spring 1.0 kg,Surf Excel,Premium,Household Essentials,Cleaning Essentials,Detergent,Powder,Hand Wash,Fresh Spring,kg,1.0,185,177.43,139.04,4.1,730,Ambient,18,False,Available,4.6,Regular
P001371,PAT-CHA-GLU-300,Patanjali Chakki Atta Multigrain Gluten Free 30.0 kg,Patanjali,Budget,Staples & Grocery,Atta,Chakki Atta,Multigrain,Gluten Free,Not Applicable,kg,30.0,1305,1049.28,776.95,19.6,90,Ambient,0,False,Available,4.0,Regular
P001372,HAL-CHI-ROA-1500-3,Haldiram's Chips Nachos Roasted Magic Masala 150.0 g,Haldiram's,Popular,Snacks,Munchies,Chips,Nachos,Roasted,Magic Masala,g,150.0,79,78.75,58.96,0.3,180,Ambient,12,False,Available,4.4,Regular
P001373,DOT-FAC-HYD-500-5,Dot & Key Face Serum Gel Hydrating Hyaluronic Acid 50.0 ml,Dot & Key,Premium,Beauty & Personal Care,Skin Care,Face Serum,Gel,Hydrating,Hyaluronic Acid,ml,50.0,685,471.83,319.49,31.1,730,Ambient,18,False,Available,4.7,Regular
P001374,GAR-FAC-HYD-500-2,Garnier Face Serum Gel Hydrating Salicylic Acid 50.0 ml,Garnier,Budget,Beauty & Personal Care,Skin Care,Face Serum,Gel,Hydrating,Salicylic Acid,ml,50.0,815,656.19,440.24,19.5,730,Ambient,18,False,Available,3.9,Regular
P001375,LIC-CHI-SKI-5000-2,Licious Chicken Mince Skinless 500.0 g,Licious,Premium,Meat & Fish,Chicken,Chicken,Mince,Skinless,Not Applicable,g,500.0,245,196.3,134.24,19.9,3,Refrigerated,5,True,Available,4.5,Regular
P001376,GAR-FAC-ANT-300-3,Garnier Face Serum Gel Anti-Acne Niacinamide 30.0 ml,Garnier,Budget,Beauty & Personal Care,Skin Care,Face Serum,Gel,Anti-Acne,Niacinamide,ml,30.0,719,590.33,297.7,17.9,730,Ambient,18,False,Available,3.9,New Arrival
P001377,HAL-CHI-BAK-900-7,Haldiram's Corn Chips Baked Tomato 90.0 g,Haldiram's,Popular,Snacks,Munchies,Chips,Corn Chips,Baked,Tomato,g,90.0,35,33.21,22.79,5.1,180,Ambient,12,False,Available,4.4,Regular
P001378,UNB-ONI-REG-75,Unbranded Onion Red Regular 7.5 kg,Unbranded,Budget,Fruits & Vegetables,Fresh Vegetables,Onion,Red,Regular,Not Applicable,kg,7.5,259,243.77,203.75,5.9,4,Ambient,0,True,Available,3.9,Regular
P001379,FOR-CHA-SHA-10-2,Fortune Chakki Atta Wheat Sharbati 1.0 kg,Fortune,Popular,Staples & Grocery,Atta,Chakki Atta,Wheat,Sharbati,Not Applicable,kg,1.0,49,39.82,29.16,18.7,90,Ambient,0,False,Available,4.4,Regular
P001380,AKS-MIL-ORG-10-2,Akshayakalpa Cow Milk Organic Plain 1.0 L,Akshayakalpa,Premium,"Dairy, Bread & Eggs",Milk,Milk,Cow Milk,Organic,Plain,L,1.0,55,49.79,38.46,9.5,2,Refrigerated,0,True,Available,4.5,Regular
P001381,DUR-BAT-AA-20,Duracell Batteries Zinc Carbon AA 2.0 pack,Duracell,Premium,Household Essentials,Electronics,Batteries,Zinc Carbon,AA,Not Applicable,pack,2.0,85,78.93,51.74,7.1,3650,Ambient,18,False,Available,4.6,Regular
P001382,KUR-CHI-BAK-900-2,Kurkure Potato Chips Baked Cream & Onion 90.0 g,Kurkure,Popular,Snacks,Munchies,Chips,Potato Chips,Baked,Cream & Onion,g,90.0,35,28.2,20.52,19.4,180,Ambient,12,False,Available,4.4,Regular
P001383,NAN-MIL-LAC-10-1,Nandini Cow Milk Lactose Free Plain 1.0 L,Nandini,Budget,"Dairy, Bread & Eggs",Milk,Milk,Cow Milk,Lactose Free,Plain,L,1.0,79,75.19,55.23,4.8,2,Refrigerated,0,True,Available,4.3,Regular
P001384,UNB-CHI-WIT-10-3,Unbranded Chicken Curry Cut With Skin 1.0 kg,Unbranded,Budget,Meat & Fish,Chicken,Chicken,Curry Cut,With Skin,Not Applicable,kg,1.0,435,355.7,254.63,18.2,3,Refrigerated,5,True,Available,4.2,Regular
P001385,BEV-COF-GOL-500-8,Bevzilla Coffee Powder Roast & Ground Gold Hazelnut 50.0 g,Bevzilla,Premium,Beverages,Coffee,Coffee Powder,Roast & Ground,Gold,Hazelnut,g,50.0,95,78.63,56.08,17.2,365,Ambient,18,False,Available,4.6,Regular
P001386,FAR-TOM-REG-10,Farm Fresh Tomato Local Regular 1.0 kg,Farm Fresh,Popular,Fruits & Vegetables,Fresh Vegetables,Tomato,Local,Regular,Not Applicable,kg,1.0,59,56.57,43.93,4.1,4,Ambient,0,True,Available,4.5,Regular
P001387,LAY-CHI-FRI-1500-4,Lay's Chips Extruded Snacks Fried Magic Masala 150.0 g,Lay's,Popular,Snacks,Munchies,Chips,Extruded Snacks,Fried,Magic Masala,g,150.0,99,78.99,52.57,20.2,180,Ambient,12,False,Available,4.6,Regular
P001388,BRU-COF-DEC-200-1,Bru Coffee Powder Filter Decaf Original 200 g,Bru,Popular,Beverages,Coffee,Coffee Powder,Filter,Decaf,Original,g,200.0,499,491.11,334.54,1.6,365,Ambient,18,False,Available,4.5,Regular
P001389,EVE-BAT-AAA-40-1,Eveready Batteries Alkaline AAA 4.0 pack,Eveready,Budget,Household Essentials,Electronics,Batteries,Alkaline,AAA,Not Applicable,pack,4.0,89,73.67,48.02,17.2,3650,Ambient,18,False,Available,4.3,Regular
P001390,PUM-BAS-POL-10-2,Puma Basic Wear Socks Polyester 1.0 pc,Puma,Premium,Fashion & Lifestyle,Apparel & Accessories,Basic Wear,Socks,Polyester,Not Applicable,pc,1.0,885,856.93,603.42,3.2,3650,Ambient,12,False,Available,4.7,Regular
P001391,UNB-TOM-REG-10-1,Unbranded Tomato Cherry Regular 1.0 kg,Unbranded,Budget,Fruits & Vegetables,Fresh Vegetables,Tomato,Cherry,Regular,Not Applicable,kg,1.0,27,25.99,21.6,3.7,4,Ambient,0,True,Out Of Stock,4.1,Regular
P001392,HAR-DET-FRO-10-4,Harpic Detergent Liquid Front Load Lemon 1.0 kg,Harpic,Popular,Household Essentials,Cleaning Essentials,Detergent,Liquid,Front Load,Lemon,kg,1.0,219,201.47,154.64,8.0,730,Ambient,18,False,Available,4.3,Seasonal
P001393,HAL-CHI-ROA-300-5,Haldiram's Chips Nachos Roasted Cream & Onion 30.0 g,Haldiram's,Popular,Snacks,Munchies,Chips,Nachos,Roasted,Cream & Onion,g,30.0,12,9.98,6.55,16.8,180,Ambient,12,False,Available,4.3,Regular
P001394,EGG-EGG-BRO-120,Eggoz Table Eggs Brown 12.0 pc,Eggoz,Popular,"Dairy, Bread & Eggs",Eggs,Eggs,Table Eggs,Brown,Not Applicable,pc,12.0,109,101.9,76.83,6.5,21,Refrigerated,0,True,Available,4.5,Regular
P001395,ZES-APP-WAX-60,Zespri Apple Kashmiri Wax Free 6.0 pc,Zespri,Premium,Fruits & Vegetables,Fresh Fruits,Apple,Kashmiri,Wax Free,Not Applicable,pc,6.0,195,165.77,124.34,15.0,5,Refrigerated,0,True,Available,4.7,Regular
P001396,NES-COF-DEC-1000-8,Nescafé Coffee Powder Filter Decaf Mocha 100.0 g,Nescafé,Popular,Beverages,Coffee,Coffee Powder,Filter,Decaf,Mocha,g,100.0,219,178.96,131.74,18.3,365,Ambient,18,False,Available,4.6,Regular
P001397,SYS-BAT-BUT-40,Syska Batteries Zinc Carbon Button Cell 4.0 pack,Syska,Popular,Household Essentials,Electronics,Batteries,Zinc Carbon,Button Cell,Not Applicable,pack,4.0,99,79.93,58.44,19.3,3650,Ambient,18,False,Available,4.3,Regular
P001398,VIM-DET-TOP-10-1,Vim Detergent Pods Top Load Lemon 1.0 kg,Vim,Popular,Household Essentials,Cleaning Essentials,Detergent,Pods,Top Load,Lemon,kg,1.0,185,143.49,105.41,22.4,730,Ambient,18,False,Available,4.3,Regular
P001399,BRI-BRE-GAR-2000-1,Brick Oven Bread Loaf Multigrain Garlic 200.0 g,Brick Oven,Premium,"Dairy, Bread & Eggs",Bread,Bread Loaf,Multigrain,Garlic,Not Applicable,g,200.0,30,24.96,17.59,16.8,5,Ambient,0,False,Available,4.8,Regular
P001400,PRI-CHI-ROA-900-7,Pringles Corn Chips Roasted Cream & Onion 90.0 g,Pringles,Premium,Snacks,Munchies,Chips,Corn Chips,Roasted,Cream & Onion,g,90.0,49,44.33,34.8,9.5,180,Ambient,12,False,Available,4.5,Regular
P001401,DRO-PET-WEI-4000,Drools Pet Food Biscuits Weight Management Liver 400.0 g,Drools,Budget,Pet Care,Dog & Cat Food,Pet Food,Biscuits,Weight Management,Liver,g,400.0,145,129.2,103.04,10.9,540,Ambient,18,False,Available,4.3,Regular
P001402,FOR-CHA-SHA-62,Fortune Chakki Atta Maida Sharbati 6.2 kg,Fortune,Popular,Staples & Grocery,Atta,Chakki Atta,Maida,Sharbati,Not Applicable,kg,6.2,285,195.94,138.42,31.2,90,Ambient,0,False,Available,4.4,Regular
P001403,FOR-CHA-SHA-50-2,Fortune Chakki Atta Besan Sharbati 5.0 kg,Fortune,Popular,Staples & Grocery,Atta,Chakki Atta,Besan,Sharbati,Not Applicable,kg,5.0,319,271.04,184.07,15.0,90,Ambient,0,False,Available,4.5,Regular
P001404,NAT-CHA-SHA-50-2,Nature Fresh Chakki Atta Maida Sharbati 5.0 kg,Nature Fresh,Popular,Staples & Grocery,Atta,Chakki Atta,Maida,Sharbati,Not Applicable,kg,5.0,355,351.24,240.06,1.1,90,Ambient,0,False,Available,4.4,Regular
P001405,VIM-DET-FRO-10-5,Vim Detergent Powder Front Load Fresh Spring 1.0 kg,Vim,Popular,Household Essentials,Cleaning Essentials,Detergent,Powder,Front Load,Fresh Spring,kg,1.0,125,113.4,74.55,9.3,730,Ambient,18,False,Available,4.3,Regular
P001406,AMU-FRI-VEG-7500-4,Amul Fries & Bites Nuggets Veg Spicy 750.0 g,Amul,Popular,Frozen Foods,Frozen Snacks,Fries & Bites,Nuggets,Veg,Spicy,g,750.0,345,294.49,195.48,14.6,180,Frozen,18,True,Available,4.5,Regular
P001407,REL-CHI-WIT-5000-3,Relish Chicken Wings With Skin 500.0 g,Relish,Popular,Meat & Fish,Chicken,Chicken,Wings,With Skin,Not Applicable,g,500.0,279,240.06,158.21,14.0,3,Refrigerated,5,True,Available,4.5,Regular
P001408,MEI-CHI-ANT-5000-1,Meister Chicken Boneless Antibiotic Free 500.0 g,Meister,Popular,Meat & Fish,Chicken,Chicken,Boneless,Antibiotic Free,Not Applicable,g,500.0,235,205.21,143.89,12.7,3,Refrigerated,5,True,Available,4.3,Regular
P001409,DOT-FAC-ANT-500-4,Dot & Key Face Serum Liquid Serum Anti-Acne Salicylic Acid 50.0 ml,Dot & Key,Premium,Beauty & Personal Care,Skin Care,Face Serum,Liquid Serum,Anti-Acne,Salicylic Acid,ml,50.0,959,775.89,438.64,19.1,730,Ambient,18,False,Available,4.5,Regular
P001410,NIV-FAC-BRI-500-5,Nivea Face Serum Gel Brightening Niacinamide 50.0 ml,Nivea,Popular,Beauty & Personal Care,Skin Care,Face Serum,Gel,Brightening,Niacinamide,ml,50.0,959,859.97,597.46,10.3,730,Ambient,18,False,Available,4.5,Regular
P001411,NAT-CHA-GLU-15,Nature Fresh Chakki Atta Besan Gluten Free 1.5 kg,Nature Fresh,Popular,Staples & Grocery,Atta,Chakki Atta,Besan,Gluten Free,Not Applicable,kg,1.5,109,92.44,63.67,15.2,90,Ambient,0,False,Available,4.3,Regular
P001412,BRU-COF-CLA-500-5,Bru Coffee Powder Instant Classic Mocha 50.0 g,Bru,Popular,Beverages,Coffee,Coffee Powder,Instant,Classic,Mocha,g,50.0,89,63.56,46.75,28.6,365,Ambient,18,False,Available,4.4,Regular
P001413,NES-COF-GOL-500-5,Nescafé Coffee Powder Instant Gold Hazelnut 50.0 g,Nescafé,Popular,Beverages,Coffee,Coffee Powder,Instant,Gold,Hazelnut,g,50.0,105,101.76,75.4,3.1,365,Ambient,18,False,Available,4.2,Regular
P001414,HAL-CHI-ROA-1500-4,Haldiram's Chips Extruded Snacks Roasted Classic Salted 150.0 g,Haldiram's,Popular,Snacks,Munchies,Chips,Extruded Snacks,Roasted,Classic Salted,g,150.0,115,106.78,70.38,7.1,180,Ambient,12,False,Available,4.4,Regular
P001415,BIN-CHI-ROA-900-3,Bingo Chips Nachos Roasted Classic Salted 90.0 g,Bingo,Budget,Snacks,Munchies,Chips,Nachos,Roasted,Classic Salted,g,90.0,45,38.69,29.11,14.0,180,Ambient,12,False,Available,3.9,Regular
P001416,BEV-COF-GOL-1000-5,Bevzilla Coffee Powder Instant Gold Original 100.0 g,Bevzilla,Premium,Beverages,Coffee,Coffee Powder,Instant,Gold,Original,g,100.0,195,135.23,105.62,30.7,365,Ambient,18,False,Available,4.5,Regular
P001417,FAR-TOM-REG-10-1,Farm Fresh Tomato Hybrid Regular 1.0 kg,Farm Fresh,Popular,Fruits & Vegetables,Fresh Vegetables,Tomato,Hybrid,Regular,Not Applicable,kg,1.0,55,47.34,36.63,13.9,4,Ambient,0,True,Low Stock,4.6,Regular
P001418,BIN-CHI-BAK-300-10,Bingo Corn Chips Baked Tomato 30.0 g,Bingo,Budget,Snacks,Munchies,Chips,Corn Chips,Baked,Tomato,g,30.0,18,17.86,13.42,0.8,180,Ambient,12,False,Available,3.8,Regular
P001419,PAT-CHA-SHA-12,Patanjali Chakki Atta Maida Sharbati 1.2 kg,Patanjali,Budget,Staples & Grocery,Atta,Chakki Atta,Maida,Sharbati,Not Applicable,kg,1.2,55,54.97,37.63,0.1,90,Ambient,0,False,Available,3.9,Seasonal
P001420,LAY-CHI-BAK-1500-6,Lay's Chips Nachos Baked Magic Masala 150.0 g,Lay's,Popular,Snacks,Munchies,Chips,Nachos,Baked,Magic Masala,g,150.0,89,82.13,53.72,7.7,180,Ambient,12,False,Available,4.4,Regular
P001421,BIN-CHI-FRI-300-2,Bingo Chips Extruded Snacks Fried Classic Salted 30.0 g,Bingo,Budget,Snacks,Munchies,Chips,Extruded Snacks,Fried,Classic Salted,g,30.0,10,9.63,6.28,3.7,180,Ambient,12,False,Available,4.1,Regular
P001422,PAT-CHA-SEL-15,Patanjali Chakki Atta Wheat Select 1.5 kg,Patanjali,Budget,Staples & Grocery,Atta,Chakki Atta,Wheat,Select,Not Applicable,kg,1.5,109,102.53,71.99,5.9,90,Ambient,0,False,Available,3.9,Regular
P001423,BRU-COF-CLA-500-6,Bru Coffee Powder Instant Classic Original 50.0 g,Bru,Popular,Beverages,Coffee,Coffee Powder,Instant,Classic,Original,g,50.0,95,77.52,53.57,18.4,365,Ambient,18,False,Available,4.5,Regular
P001424,FOR-CHA-GLU-100-2,Fortune Chakki Atta Wheat Gluten Free 10.0 kg,Fortune,Popular,Staples & Grocery,Atta,Chakki Atta,Wheat,Gluten Free,Not Applicable,kg,10.0,519,394.92,312.87,23.9,90,Ambient,0,False,Available,4.2,Seasonal
P001425,HAL-CHI-ROA-900-7,Haldiram's Potato Chips Roasted Cream & Onion 90.0 g,Haldiram's,Popular,Snacks,Munchies,Chips,Potato Chips,Roasted,Cream & Onion,g,90.0,29,28.97,18.9,0.1,180,Ambient,12,False,Available,4.5,Regular
P001426,AAS-CHA-SEL-75,Aashirvaad Chakki Atta Multigrain Select 7.5 kg,Aashirvaad,Premium,Staples & Grocery,Atta,Chakki Atta,Multigrain,Select,Not Applicable,kg,7.5,339,273.67,213.9,19.3,90,Ambient,0,False,Available,4.6,Regular
P001427,GAR-FAC-ANT-500-4,Garnier Face Serum Liquid Serum Anti-Acne Vitamin C 50.0 ml,Garnier,Budget,Beauty & Personal Care,Skin Care,Face Serum,Liquid Serum,Anti-Acne,Vitamin C,ml,50.0,705,698.63,478.23,0.9,730,Ambient,18,False,Available,4.2,Regular
P001428,DOT-FAC-BRI-500-5,Dot & Key Face Serum Gel Brightening Salicylic Acid 50.0 ml,Dot & Key,Premium,Beauty & Personal Care,Skin Care,Face Serum,Gel,Brightening,Salicylic Acid,ml,50.0,965,848.43,576.82,12.1,730,Ambient,18,False,Available,4.8,Regular
P001429,UNB-TOM-REG-625-1,Unbranded Tomato Hybrid Regular 625 g,Unbranded,Budget,Fruits & Vegetables,Fresh Vegetables,Tomato,Hybrid,Regular,Not Applicable,g,625.0,29,24.69,19.44,14.9,4,Ambient,0,True,Available,3.9,Regular
P001430,VIM-DET-TOP-10-2,Vim Detergent Pods Top Load Fresh Spring 1.0 kg,Vim,Popular,Household Essentials,Cleaning Essentials,Detergent,Pods,Top Load,Fresh Spring,kg,1.0,169,137.06,96.62,18.9,730,Ambient,18,False,Available,4.4,Regular
P001431,UNB-BAS-LEA-30-1,Unbranded Basic Wear Belts Leather 3.0 pack,Unbranded,Budget,Fashion & Lifestyle,Apparel & Accessories,Basic Wear,Belts,Leather,Not Applicable,pack,3.0,359,335.69,223.05,6.5,3650,Ambient,12,False,Available,4.1,Regular
P001432,HAL-CHI-BAK-1500-7,Haldiram's Chips Extruded Snacks Baked Tomato 150.0 g,Haldiram's,Popular,Snacks,Munchies,Chips,Extruded Snacks,Baked,Tomato,g,150.0,95,63.82,49.93,32.8,180,Ambient,12,False,Available,4.3,Regular
P001433,VIM-DET-HAN-10-4,Vim Detergent Pods Hand Wash Fresh Spring 1.0 L,Vim,Popular,Household Essentials,Cleaning Essentials,Detergent,Pods,Hand Wash,Fresh Spring,L,1.0,239,227.11,161.25,5.0,730,Ambient,18,False,Available,4.2,Regular
P001434,ARI-DET-FRO-10-6,Ariel Detergent Powder Front Load Lavender 1.0 kg,Ariel,Premium,Household Essentials,Cleaning Essentials,Detergent,Powder,Front Load,Lavender,kg,1.0,179,156.54,122.38,12.5,730,Ambient,18,False,Available,4.7,New Arrival
P001435,MCC-FRI-CHI-7500-5,McCain Fries & Bites Nuggets Chicken Spicy 750.0 g,McCain,Premium,Frozen Foods,Frozen Snacks,Fries & Bites,Nuggets,Chicken,Spicy,g,750.0,305,258.7,177.43,15.2,180,Frozen,18,True,Available,4.6,Regular
P001436,MOD-BRE-GAR-2000-1,Modern Bread Loaf Whole Wheat Garlic 200.0 g,Modern,Popular,"Dairy, Bread & Eggs",Bread,Bread Loaf,Whole Wheat,Garlic,Not Applicable,g,200.0,25,23.88,19.0,4.5,5,Ambient,0,False,Available,4.3,Regular
P001437,AMU-FRI-CHI-4000-7,Amul Fries & Bites Nuggets Chicken Masala 400.0 g,Amul,Popular,Frozen Foods,Frozen Snacks,Fries & Bites,Nuggets,Chicken,Masala,g,400.0,129,107.18,83.71,16.9,180,Frozen,18,True,Available,4.3,Regular
P001438,NES-COF-GOL-500-6,Nescafé Coffee Powder Filter Gold Hazelnut 50.0 g,Nescafé,Popular,Beverages,Coffee,Coffee Powder,Filter,Gold,Hazelnut,g,50.0,95,74.69,51.82,21.4,365,Ambient,18,False,Available,4.5,Regular
P001439,BEV-COF-GOL-75,Bevzilla Coffee Powder Instant Gold Hazelnut 75 g,Bevzilla,Premium,Beverages,Coffee,Coffee Powder,Instant,Gold,Hazelnut,g,75.0,169,114.69,84.25,32.1,365,Ambient,18,False,Available,4.9,Regular
P001440,BRU-COF-GOL-500-6,Bru Coffee Powder Filter Gold Hazelnut 50.0 g,Bru,Popular,Beverages,Coffee,Coffee Powder,Filter,Gold,Hazelnut,g,50.0,145,143.19,110.3,1.3,365,Ambient,18,False,Available,4.5,Regular
P001441,PAM-DIA-ALO-320,Pampers Diapers Taped Aloe Vera Enriched 32.0 pack,Pampers,Premium,Baby Care,Baby Diapers & Wipes,Diapers,Taped,Aloe Vera Enriched,Not Applicable,pack,32.0,985,791.76,621.19,19.6,1095,Ambient,12,False,Low Stock,4.8,Regular
P001442,MEI-CHI-WIT-10-4,Meister Chicken Boneless With Skin 1.0 kg,Meister,Popular,Meat & Fish,Chicken,Chicken,Boneless,With Skin,Not Applicable,kg,1.0,439,413.41,317.96,5.8,3,Refrigerated,5,True,Available,4.5,Seasonal
P001443,GAR-FAC-HYD-500-3,Garnier Face Serum Liquid Serum Hydrating Hyaluronic Acid 50.0 ml,Garnier,Budget,Beauty & Personal Care,Skin Care,Face Serum,Liquid Serum,Hydrating,Hyaluronic Acid,ml,50.0,769,751.85,436.62,2.2,730,Ambient,18,False,Out Of Stock,3.9,Regular
P001444,DOT-FAC-BRI-300-4,Dot & Key Face Serum Liquid Serum Brightening Salicylic Acid 30.0 ml,Dot & Key,Premium,Beauty & Personal Care,Skin Care,Face Serum,Liquid Serum,Brightening,Salicylic Acid,ml,30.0,525,466.85,291.03,11.1,730,Ambient,18,False,Available,4.6,Regular
P001445,AKS-MIL-SKI-10,Akshayakalpa A2 Milk Skimmed Plain 1.0 L,Akshayakalpa,Premium,"Dairy, Bread & Eggs",Milk,Milk,A2 Milk,Skimmed,Plain,L,1.0,59,53.4,36.16,9.5,2,Refrigerated,0,True,Available,4.7,Regular
P001446,FOR-CHA-GLU-10-3,Fortune Chakki Atta Wheat Gluten Free 1.0 kg,Fortune,Popular,Staples & Grocery,Atta,Chakki Atta,Wheat,Gluten Free,Not Applicable,kg,1.0,75,71.41,54.42,4.8,90,Ambient,0,False,Available,4.4,New Arrival
P001447,HUG-DIA-STA-300,Huggies Diapers Pant Style Standard 30.0 pack,Huggies,Popular,Baby Care,Baby Diapers & Wipes,Diapers,Pant Style,Standard,Not Applicable,pack,30.0,469,424.98,279.4,9.4,1095,Ambient,12,False,Available,4.4,Regular
P001448,NAT-CHA-SEL-75,Nature Fresh Chakki Atta Besan Select 7.5 kg,Nature Fresh,Popular,Staples & Grocery,Atta,Chakki Atta,Besan,Select,Not Applicable,kg,7.5,415,412.62,280.02,0.6,90,Ambient,0,False,Available,4.4,Regular
P001449,VIM-DET-TOP-10-3,Vim Detergent Liquid Top Load Lemon 1.0 L,Vim,Popular,Household Essentials,Cleaning Essentials,Detergent,Liquid,Top Load,Lemon,L,1.0,209,182.97,140.47,12.5,730,Ambient,18,False,Available,4.3,Regular
P001450,THE-FAC-ANT-500-6,The Derma Co Face Serum Liquid Serum Anti-Acne Vitamin C 50.0 ml,The Derma Co,Premium,Beauty & Personal Care,Skin Care,Face Serum,Liquid Serum,Anti-Acne,Vitamin C,ml,50.0,655,568.9,397.13,13.1,730,Ambient,18,False,Available,4.8,Regular
P001451,JOC-BAS-CAN-30,Jockey Basic Wear Wallet Canvas 3.0 pack,Jockey,Premium,Fashion & Lifestyle,Apparel & Accessories,Basic Wear,Wallet,Canvas,Not Applicable,pack,3.0,585,513.99,367.44,12.1,3650,Ambient,12,False,Available,4.6,Regular
P001452,BRU-COF-DEC-62,Bru Coffee Powder Filter Decaf Mocha 62 g,Bru,Popular,Beverages,Coffee,Coffee Powder,Filter,Decaf,Mocha,g,62.0,119,94.02,71.22,21.0,365,Ambient,18,False,Available,4.3,Regular
P001453,FOR-CHA-SEL-50-1,Fortune Chakki Atta Maida Select 5.0 kg,Fortune,Popular,Staples & Grocery,Atta,Chakki Atta,Maida,Select,Not Applicable,kg,5.0,245,225.88,156.44,7.8,90,Ambient,0,False,Available,4.6,Regular
P001454,WHI-PET-PUP-12-1,Whiskas Pet Food Treats Puppy/Kitten Ocean Fish 1.2 kg,Whiskas,Popular,Pet Care,Dog & Cat Food,Pet Food,Treats,Puppy/Kitten,Ocean Fish,kg,1.2,405,391.41,279.43,3.4,540,Ambient,18,False,Available,4.5,Regular
P001455,MIN-FAC-HYD-300-6,Minimalist Face Serum Gel Hydrating Salicylic Acid 30.0 ml,Minimalist,Premium,Beauty & Personal Care,Skin Care,Face Serum,Gel,Hydrating,Salicylic Acid,ml,30.0,669,572.98,307.87,14.4,730,Ambient,18,False,Available,4.6,Regular
P001456,NAT-CHA-SHA-100-1,Nature Fresh Chakki Atta Maida Sharbati 10.0 kg,Nature Fresh,Popular,Staples & Grocery,Atta,Chakki Atta,Maida,Sharbati,Not Applicable,kg,10.0,415,353.0,279.92,14.9,90,Ambient,0,False,Available,4.3,Regular
P001457,BRU-COF-DEC-75,Bru Coffee Powder Filter Decaf Original 75 g,Bru,Popular,Beverages,Coffee,Coffee Powder,Filter,Decaf,Original,g,75.0,129,126.08,89.49,2.3,365,Ambient,18,False,Available,4.4,Regular
P001458,BIN-CHI-BAK-1500-9,Bingo Corn Chips Baked Classic Salted 150.0 g,Bingo,Budget,Snacks,Munchies,Chips,Corn Chips,Baked,Classic Salted,g,150.0,65,61.68,49.18,5.1,180,Ambient,12,False,Available,4.2,Regular
P001459,MCC-FRI-CHI-4000-4,McCain Fries & Bites Nuggets Chicken Masala 400.0 g,McCain,Premium,Frozen Foods,Frozen Snacks,Fries & Bites,Nuggets,Chicken,Masala,g,400.0,179,170.01,124.23,5.0,180,Frozen,18,True,Available,4.6,Regular
P001460,UNB-BAS-CAN-10-1,Unbranded Basic Wear Wallet Canvas 1.0 pc,Unbranded,Budget,Fashion & Lifestyle,Apparel & Accessories,Basic Wear,Wallet,Canvas,Not Applicable,pc,1.0,969,868.51,625.31,10.4,3650,Ambient,12,False,Available,4.1,Regular
P001461,KUR-CHI-FRI-900-5,Kurkure Chips Nachos Fried Cheese 90.0 g,Kurkure,Popular,Snacks,Munchies,Chips,Nachos,Fried,Cheese,g,90.0,35,34.97,25.51,0.1,180,Ambient,12,False,Available,4.5,Regular
P001462,BEV-COF-CLA-125,Bevzilla Coffee Powder Instant Classic Mocha 125 g,Bevzilla,Premium,Beverages,Coffee,Coffee Powder,Instant,Classic,Mocha,g,125.0,289,251.4,189.16,13.0,365,Ambient,18,False,Available,4.6,Regular
P001463,KUR-CHI-ROA-1500-6,Kurkure Chips Extruded Snacks Roasted Classic Salted 150.0 g,Kurkure,Popular,Snacks,Munchies,Chips,Extruded Snacks,Roasted,Classic Salted,g,150.0,55,37.61,27.3,31.6,180,Ambient,12,False,Available,4.2,Regular
P001464,FAR-ONI-REG-150-1,Farm Fresh Onion White Regular 15.0 kg,Farm Fresh,Popular,Fruits & Vegetables,Fresh Vegetables,Onion,White,Regular,Not Applicable,kg,15.0,545,518.19,414.9,4.9,4,Ambient,0,True,Available,4.5,Regular
P001465,BEV-COF-CLA-500-7,Bevzilla Coffee Powder Roast & Ground Classic Mocha 50.0 g,Bevzilla,Premium,Beverages,Coffee,Coffee Powder,Roast & Ground,Classic,Mocha,g,50.0,145,118.28,77.99,18.4,365,Ambient,18,False,Available,4.5,New Arrival
P001466,MIN-FAC-ANT-300-3,Minimalist Face Serum Gel Anti-Acne Salicylic Acid 30.0 ml,Minimalist,Premium,Beauty & Personal Care,Skin Care,Face Serum,Gel,Anti-Acne,Salicylic Acid,ml,30.0,489,399.74,268.73,18.3,730,Ambient,18,False,Available,4.9,Regular
P001467,DOT-FAC-BRI-300-5,Dot & Key Face Serum Gel Brightening Hyaluronic Acid 30.0 ml,Dot & Key,Premium,Beauty & Personal Care,Skin Care,Face Serum,Gel,Brightening,Hyaluronic Acid,ml,30.0,745,718.02,470.11,3.6,730,Ambient,18,False,Available,4.5,Regular
P001468,BIN-CHI-FRI-300-3,Bingo Chips Nachos Fried Cream & Onion 30.0 g,Bingo,Budget,Snacks,Munchies,Chips,Nachos,Fried,Cream & Onion,g,30.0,17,15.46,10.48,9.1,180,Ambient,12,False,Available,4.1,Regular
P001469,MOD-BRE-GAR-4000-1,Modern Bread Loaf Whole Wheat Garlic 400.0 g,Modern,Popular,"Dairy, Bread & Eggs",Bread,Bread Loaf,Whole Wheat,Garlic,Not Applicable,g,400.0,35,24.39,19.32,30.3,5,Ambient,0,False,Available,4.6,New Arrival
P001470,PUR-PET-PUP-4000,Purepet Pet Food Wet Gravy Puppy/Kitten Chicken 400.0 g,Purepet,Budget,Pet Care,Dog & Cat Food,Pet Food,Wet Gravy,Puppy/Kitten,Chicken,g,400.0,79,78.81,59.45,0.2,540,Ambient,18,False,Available,3.9,Regular
P001471,PRI-CHI-BAK-900-7,Pringles Chips Extruded Snacks Baked Magic Masala 90.0 g,Pringles,Premium,Snacks,Munchies,Chips,Extruded Snacks,Baked,Magic Masala,g,90.0,45,43.22,32.12,4.0,180,Ambient,12,False,Available,4.8,Regular
P001472,LAY-CHI-ROA-1500-8,Lay's Corn Chips Roasted Cream & Onion 150.0 g,Lay's,Popular,Snacks,Munchies,Chips,Corn Chips,Roasted,Cream & Onion,g,150.0,115,96.79,75.69,15.8,180,Ambient,12,False,Available,4.3,Regular
P001473,MIN-FAC-HYD-500-4,Minimalist Face Serum Liquid Serum Hydrating Salicylic Acid 50.0 ml,Minimalist,Premium,Beauty & Personal Care,Skin Care,Face Serum,Liquid Serum,Hydrating,Salicylic Acid,ml,50.0,659,606.8,321.59,7.9,730,Ambient,18,False,Available,4.9,Regular
P001474,JOC-BAS-POL-10,Jockey Basic Wear T-Shirts Polyester 1.0 pc,Jockey,Premium,Fashion & Lifestyle,Apparel & Accessories,Basic Wear,T-Shirts,Polyester,Not Applicable,pc,1.0,709,685.31,494.61,3.3,3650,Ambient,12,False,Available,4.6,Seasonal
P001475,HAL-CHI-FRI-900-6,Haldiram's Potato Chips Fried Tomato 90.0 g,Haldiram's,Popular,Snacks,Munchies,Chips,Potato Chips,Fried,Tomato,g,90.0,39,33.19,25.16,14.9,180,Ambient,12,False,Available,4.5,Regular
P001476,ITC-FRI-CHI-7500-8,ITC Master Chef Fries & Bites Nuggets Chicken Spicy 750.0 g,ITC Master Chef,Popular,Frozen Foods,Frozen Snacks,Fries & Bites,Nuggets,Chicken,Spicy,g,750.0,295,278.9,191.07,5.5,180,Frozen,18,True,Available,4.5,Regular
P001477,DOT-FAC-HYD-300-2,Dot & Key Face Serum Gel Hydrating Salicylic Acid 30.0 ml,Dot & Key,Premium,Beauty & Personal Care,Skin Care,Face Serum,Gel,Hydrating,Salicylic Acid,ml,30.0,539,516.48,336.5,4.2,730,Ambient,18,False,Available,4.8,Regular
P001478,MAM-DIA-STA-300,MamyPoko Diapers Taped Standard 30.0 pack,MamyPoko,Popular,Baby Care,Baby Diapers & Wipes,Diapers,Taped,Standard,Not Applicable,pack,30.0,519,475.02,374.66,8.5,1095,Ambient,12,False,Available,4.4,New Arrival
P001479,EVE-BAT-AAA-40-2,Eveready Batteries Zinc Carbon AAA 4.0 pack,Eveready,Budget,Household Essentials,Electronics,Batteries,Zinc Carbon,AAA,Not Applicable,pack,4.0,85,82.15,59.95,3.4,3650,Ambient,18,False,Available,4.0,Regular
P001480,PAT-CHA-SEL-12,Patanjali Chakki Atta Wheat Select 1.2 kg,Patanjali,Budget,Staples & Grocery,Atta,Chakki Atta,Wheat,Select,Not Applicable,kg,1.2,79,68.41,46.38,13.4,90,Ambient,0,False,Discontinued,4.2,Regular
P001481,GAR-FAC-HYD-300-5,Garnier Face Serum Liquid Serum Hydrating Hyaluronic Acid 30.0 ml,Garnier,Budget,Beauty & Personal Care,Skin Care,Face Serum,Liquid Serum,Hydrating,Hyaluronic Acid,ml,30.0,605,455.56,232.85,24.7,730,Ambient,18,False,Available,4.2,Regular
P001482,MIN-FAC-ANT-500-4,Minimalist Face Serum Gel Anti-Acne Vitamin C 50.0 ml,Minimalist,Premium,Beauty & Personal Care,Skin Care,Face Serum,Gel,Anti-Acne,Vitamin C,ml,50.0,859,779.64,529.27,9.2,730,Ambient,18,False,Available,4.6,Seasonal
P001483,AAS-CHA-SEL-50-1,Aashirvaad Chakki Atta Multigrain Select 5.0 kg,Aashirvaad,Premium,Staples & Grocery,Atta,Chakki Atta,Multigrain,Select,Not Applicable,kg,5.0,365,357.96,262.08,1.9,90,Ambient,0,False,Available,4.7,Regular
P001484,PRI-CHI-FRI-300-5,Pringles Potato Chips Fried Classic Salted 30.0 g,Pringles,Premium,Snacks,Munchies,Chips,Potato Chips,Fried,Classic Salted,g,30.0,12,10.32,8.15,14.0,180,Ambient,12,False,Available,4.7,Regular
P001485,ITC-FRI-VEG-4000-6,ITC Master Chef Fries & Bites Cheese Balls Veg Spicy 400.0 g,ITC Master Chef,Popular,Frozen Foods,Frozen Snacks,Fries & Bites,Cheese Balls,Veg,Spicy,g,400.0,189,152.12,108.52,19.5,180,Frozen,18,True,Available,4.2,Regular
P001486,AMU-FRI-CHI-7500-6,Amul Fries & Bites Aloo Tikki Chicken Masala 750.0 g,Amul,Popular,Frozen Foods,Frozen Snacks,Fries & Bites,Aloo Tikki,Chicken,Masala,g,750.0,295,293.42,229.89,0.5,180,Frozen,18,True,Available,4.2,Regular
P001487,LIC-CHI-ANT-5000,Licious Chicken Drumsticks Antibiotic Free 500.0 g,Licious,Premium,Meat & Fish,Chicken,Chicken,Drumsticks,Antibiotic Free,Not Applicable,g,500.0,229,214.5,156.28,6.3,3,Refrigerated,5,True,Available,4.7,Regular
P001488,MAM-DIA-ALO-720-1,MamyPoko Diapers Taped Aloe Vera Enriched 72.0 pack,MamyPoko,Popular,Baby Care,Baby Diapers & Wipes,Diapers,Taped,Aloe Vera Enriched,Not Applicable,pack,72.0,909,858.17,615.7,5.6,1095,Ambient,12,False,Discontinued,4.3,Regular
P001489,PRI-CHI-ROA-1500-2,Pringles Potato Chips Roasted Cream & Onion 150.0 g,Pringles,Premium,Snacks,Munchies,Chips,Potato Chips,Roasted,Cream & Onion,g,150.0,65,55.92,41.12,14.0,180,Ambient,12,False,Available,4.6,Regular
P001490,BEV-COF-GOL-1000-6,Bevzilla Coffee Powder Instant Gold Vanilla 100.0 g,Bevzilla,Premium,Beverages,Coffee,Coffee Powder,Instant,Gold,Vanilla,g,100.0,239,234.58,185.94,1.8,365,Ambient,18,False,Low Stock,4.7,Regular
P001491,GAR-FAC-BRI-300-6,Garnier Face Serum Gel Brightening Vitamin C 30.0 ml,Garnier,Budget,Beauty & Personal Care,Skin Care,Face Serum,Gel,Brightening,Vitamin C,ml,30.0,769,592.83,392.52,22.9,730,Ambient,18,False,Discontinued,3.9,Regular
P001492,NAT-CHA-SEL-12-1,Nature Fresh Chakki Atta Maida Select 1.2 kg,Nature Fresh,Popular,Staples & Grocery,Atta,Chakki Atta,Maida,Select,Not Applicable,kg,1.2,69,63.45,45.82,8.0,90,Ambient,0,False,Available,4.2,Regular
P001493,WHI-PET-SEN-30,Whiskas Pet Food Biscuits Senior Chicken 3.0 kg,Whiskas,Popular,Pet Care,Dog & Cat Food,Pet Food,Biscuits,Senior,Chicken,kg,3.0,519,486.59,381.16,6.2,540,Ambient,18,False,Available,4.2,Regular
P001494,BIN-CHI-BAK-900-7,Bingo Corn Chips Baked Cream & Onion 90.0 g,Bingo,Budget,Snacks,Munchies,Chips,Corn Chips,Baked,Cream & Onion,g,90.0,49,41.28,31.55,15.8,180,Ambient,12,False,Available,4.1,Regular
P001495,KUR-CHI-FRI-1500-3,Kurkure Chips Nachos Fried Tomato 150.0 g,Kurkure,Popular,Snacks,Munchies,Chips,Nachos,Fried,Tomato,g,150.0,69,56.01,38.93,18.8,180,Ambient,12,False,Available,4.4,Regular
P001496,FAS-BAS-CAN-10-1,Fastrack Basic Wear Caps Canvas 1.0 pc,Fastrack,Popular,Fashion & Lifestyle,Apparel & Accessories,Basic Wear,Caps,Canvas,Not Applicable,pc,1.0,509,446.91,302.29,12.2,3650,Ambient,12,False,Available,4.5,Regular
P001497,BEV-COF-GOL-500-9,Bevzilla Coffee Powder Roast & Ground Gold Mocha 50.0 g,Bevzilla,Premium,Beverages,Coffee,Coffee Powder,Roast & Ground,Gold,Mocha,g,50.0,115,101.53,78.12,11.7,365,Ambient,18,False,Available,4.8,Regular
P001498,UNB-ONI-PRE-100-1,Unbranded Onion White Premium Grade 10.0 kg,Unbranded,Budget,Fruits & Vegetables,Fresh Vegetables,Onion,White,Premium Grade,Not Applicable,kg,10.0,479,417.31,354.58,12.9,4,Ambient,0,True,Available,3.9,Regular
P001499,BEV-COF-CLA-1000-9,Bevzilla Coffee Powder Roast & Ground Classic Mocha 100.0 g,Bevzilla,Premium,Beverages,Coffee,Coffee Powder,Roast & Ground,Classic,Mocha,g,100.0,329,275.63,189.95,16.2,365,Ambient,18,False,Available,4.8,Regular
P001500,PHI-BAT-9V-40-1,Philips Batteries Zinc Carbon 9V 4.0 pack,Philips,Premium,Household Essentials,Electronics,Batteries,Zinc Carbon,9V,Not Applicable,pack,4.0,139,137.82,96.17,0.9,3650,Ambient,18,False,Available,4.6,Regular
P001501,FOR-CHA-SEL-75,Fortune Chakki Atta Multigrain Select 7.5 kg,Fortune,Popular,Staples & Grocery,Atta,Chakki Atta,Multigrain,Select,Not Applicable,kg,7.5,399,340.94,223.54,14.6,90,Ambient,0,False,Available,4.5,Regular
P001502,PUR-PET-ADU-4000,Purepet Pet Food Biscuits Adult Ocean Fish 400.0 g,Purepet,Budget,Pet Care,Dog & Cat Food,Pet Food,Biscuits,Adult,Ocean Fish,g,400.0,115,114.88,75.11,0.1,540,Ambient,18,False,Available,4.2,Regular
P001503,DOT-FAC-ANT-500-5,Dot & Key Face Serum Gel Anti-Acne Salicylic Acid 50.0 ml,Dot & Key,Premium,Beauty & Personal Care,Skin Care,Face Serum,Gel,Anti-Acne,Salicylic Acid,ml,50.0,665,547.94,382.49,17.6,730,Ambient,18,False,Available,4.6,Regular
P001504,KUR-CHI-FRI-1500-4,Kurkure Chips Extruded Snacks Fried Magic Masala 150.0 g,Kurkure,Popular,Snacks,Munchies,Chips,Extruded Snacks,Fried,Magic Masala,g,150.0,79,63.19,42.28,20.0,180,Ambient,12,False,Available,4.4,Regular
P001505,ARI-DET-FRO-10-7,Ariel Detergent Liquid Front Load Lemon 1.0 L,Ariel,Premium,Household Essentials,Cleaning Essentials,Detergent,Liquid,Front Load,Lemon,L,1.0,189,188.84,131.81,0.1,730,Ambient,18,False,Available,4.6,Regular
P001506,MCC-FRI-CHI-7500-6,McCain Fries & Bites Cheese Balls Chicken Classic 750.0 g,McCain,Premium,Frozen Foods,Frozen Snacks,Fries & Bites,Cheese Balls,Chicken,Classic,g,750.0,255,235.83,161.96,7.5,180,Frozen,18,True,Available,4.8,Regular
P001507,PHI-BAT-AAA-40-1,Philips Batteries Rechargeable AAA 4.0 pack,Philips,Premium,Household Essentials,Electronics,Batteries,Rechargeable,AAA,Not Applicable,pack,4.0,69,66.23,49.65,4.0,3650,Ambient,18,False,Available,4.7,Regular
P001508,KUR-CHI-ROA-300-1,Kurkure Chips Nachos Roasted Tomato 30.0 g,Kurkure,Popular,Snacks,Munchies,Chips,Nachos,Roasted,Tomato,g,30.0,14,11.84,8.29,15.5,180,Ambient,12,False,Available,4.3,Regular
P001509,NES-COF-GOL-200,Nescafé Coffee Powder Filter Gold Vanilla 200 g,Nescafé,Popular,Beverages,Coffee,Coffee Powder,Filter,Gold,Vanilla,g,200.0,485,396.35,299.18,18.3,365,Ambient,18,False,Available,4.3,Regular
P001510,BRU-COF-CLA-300,Bru Coffee Powder Instant Classic Mocha 300 g,Bru,Popular,Beverages,Coffee,Coffee Powder,Instant,Classic,Mocha,g,300.0,759,531.61,356.3,30.0,365,Ambient,18,False,Available,4.5,Regular
P001511,BEV-COF-CLA-500-8,Bevzilla Coffee Powder Filter Classic Hazelnut 50.0 g,Bevzilla,Premium,Beverages,Coffee,Coffee Powder,Filter,Classic,Hazelnut,g,50.0,115,107.7,77.77,6.3,365,Ambient,18,False,Available,4.8,Regular
P001512,PRI-CHI-ROA-1500-3,Pringles Corn Chips Roasted Magic Masala 150.0 g,Pringles,Premium,Snacks,Munchies,Chips,Corn Chips,Roasted,Magic Masala,g,150.0,59,54.84,42.06,7.1,180,Ambient,12,False,Available,4.9,Regular
P001513,LAY-CHI-FRI-300-6,Lay's Chips Nachos Fried Tomato 30.0 g,Lay's,Popular,Snacks,Munchies,Chips,Nachos,Fried,Tomato,g,30.0,14,13.28,9.47,5.2,180,Ambient,12,False,Available,4.5,Regular
P001514,COU-MIL-ORG-5000-1,Country Delight Buffalo Milk Organic Plain 500.0 ml,Country Delight,Premium,"Dairy, Bread & Eggs",Milk,Milk,Buffalo Milk,Organic,Plain,ml,500.0,29,28.7,22.58,1.0,2,Refrigerated,0,True,Available,4.9,Regular
P001515,MIN-FAC-BRI-150,Minimalist Face Serum Gel Brightening Niacinamide 150 ml,Minimalist,Premium,Beauty & Personal Care,Skin Care,Face Serum,Gel,Brightening,Niacinamide,ml,150.0,2249,2124.41,1370.7,5.5,730,Ambient,18,False,Available,4.8,Regular
P001516,PRI-CHI-FRI-300-6,Pringles Potato Chips Fried Cream & Onion 30.0 g,Pringles,Premium,Snacks,Munchies,Chips,Potato Chips,Fried,Cream & Onion,g,30.0,15,12.13,7.91,19.1,180,Ambient,12,False,Available,4.9,Regular
P001517,UNB-CHI-SKI-5000-1,Unbranded Chicken Mince Skinless 500.0 g,Unbranded,Budget,Meat & Fish,Chicken,Chicken,Mince,Skinless,Not Applicable,g,500.0,179,144.81,108.27,19.1,3,Refrigerated,5,True,Available,4.0,New Arrival
P001518,PUR-PET-ADU-30,Purepet Pet Food Treats Adult Ocean Fish 3.0 kg,Purepet,Budget,Pet Care,Dog & Cat Food,Pet Food,Treats,Adult,Ocean Fish,kg,3.0,765,728.84,552.87,4.7,540,Ambient,18,False,Available,3.9,Regular
P001519,PAT-CHA-SHA-50-1,Patanjali Chakki Atta Wheat Sharbati 5.0 kg,Patanjali,Budget,Staples & Grocery,Atta,Chakki Atta,Wheat,Sharbati,Not Applicable,kg,5.0,309,282.71,190.79,8.5,90,Ambient,0,False,Available,3.9,Regular
P001520,UNB-CHI-SKI-10-2,Unbranded Chicken Curry Cut Skinless 1.0 kg,Unbranded,Budget,Meat & Fish,Chicken,Chicken,Curry Cut,Skinless,Not Applicable,kg,1.0,495,417.45,284.33,15.7,3,Refrigerated,5,True,Low Stock,4.0,Seasonal
P001521,BEV-COF-DEC-500-6,Bevzilla Coffee Powder Roast & Ground Decaf Original 50.0 g,Bevzilla,Premium,Beverages,Coffee,Coffee Powder,Roast & Ground,Decaf,Original,g,50.0,89,80.03,52.89,10.1,365,Ambient,18,False,Available,4.6,Regular
P001522,ZES-APP-WAX-10-2,Zespri Apple Royal Gala Wax Free 1.0 kg,Zespri,Premium,Fruits & Vegetables,Fresh Fruits,Apple,Royal Gala,Wax Free,Not Applicable,kg,1.0,275,267.81,219.88,2.6,5,Refrigerated,0,True,Available,4.7,Regular
P001523,BIN-CHI-ROA-900-4,Bingo Corn Chips Roasted Magic Masala 90.0 g,Bingo,Budget,Snacks,Munchies,Chips,Corn Chips,Roasted,Magic Masala,g,90.0,29,26.84,21.21,7.4,180,Ambient,12,False,Available,3.9,Regular
P001524,FAR-APP-REG-70-1,Farm Fresh Apple Washington Regular 7.0 pc,Farm Fresh,Popular,Fruits & Vegetables,Fresh Fruits,Apple,Washington,Regular,Not Applicable,pc,7.0,365,280.1,214.96,23.3,5,Refrigerated,0,True,Available,4.2,Regular
P001525,NIV-FAC-BRI-300-4,Nivea Face Serum Gel Brightening Niacinamide 30.0 ml,Nivea,Popular,Beauty & Personal Care,Skin Care,Face Serum,Gel,Brightening,Niacinamide,ml,30.0,595,565.1,355.76,5.0,730,Ambient,18,False,Available,4.5,Regular
P001526,BIN-CHI-BAK-900-8,Bingo Chips Extruded Snacks Baked Classic Salted 90.0 g,Bingo,Budget,Snacks,Munchies,Chips,Extruded Snacks,Baked,Classic Salted,g,90.0,29,27.35,18.28,5.7,180,Ambient,12,False,Available,4.2,Regular
P001527,HAL-CHI-ROA-300-6,Haldiram's Potato Chips Roasted Cheese 30.0 g,Haldiram's,Popular,Snacks,Munchies,Chips,Potato Chips,Roasted,Cheese,g,30.0,15,9.84,7.04,34.4,180,Ambient,12,False,Available,4.6,New Arrival
P001528,BRU-COF-GOL-500-7,Bru Coffee Powder Filter Gold Original 50.0 g,Bru,Popular,Beverages,Coffee,Coffee Powder,Filter,Gold,Original,g,50.0,129,121.63,83.93,5.7,365,Ambient,18,False,Available,4.4,Regular
P001529,MIN-FAC-HYD-500-5,Minimalist Face Serum Gel Hydrating Hyaluronic Acid 50.0 ml,Minimalist,Premium,Beauty & Personal Care,Skin Care,Face Serum,Gel,Hydrating,Hyaluronic Acid,ml,50.0,965,840.44,582.91,12.9,730,Ambient,18,False,Low Stock,4.9,Regular
P001530,BIN-CHI-ROA-300-6,Bingo Corn Chips Roasted Tomato 30.0 g,Bingo,Budget,Snacks,Munchies,Chips,Corn Chips,Roasted,Tomato,g,30.0,12,11.59,8.6,3.4,180,Ambient,12,False,Available,4.0,Regular
P001531,NES-COF-CLA-500-4,Nescafé Coffee Powder Roast & Ground Classic Vanilla 50.0 g,Nescafé,Popular,Beverages,Coffee,Coffee Powder,Roast & Ground,Classic,Vanilla,g,50.0,139,112.69,74.6,18.9,365,Ambient,18,False,Available,4.4,Regular
P001532,DOT-FAC-ANT-500-6,Dot & Key Face Serum Gel Anti-Acne Vitamin C 50.0 ml,Dot & Key,Premium,Beauty & Personal Care,Skin Care,Face Serum,Gel,Anti-Acne,Vitamin C,ml,50.0,669,620.97,325.89,7.2,730,Ambient,18,False,Available,4.8,Regular
P001533,PAM-DIA-PRE-300,Pampers Diapers Pant Style Premium Care 30.0 pack,Pampers,Premium,Baby Care,Baby Diapers & Wipes,Diapers,Pant Style,Premium Care,Not Applicable,pack,30.0,379,312.01,237.91,17.7,1095,Ambient,12,False,Available,4.7,Regular
P001534,LAY-CHI-ROA-1500-9,Lay's Chips Extruded Snacks Roasted Magic Masala 150.0 g,Lay's,Popular,Snacks,Munchies,Chips,Extruded Snacks,Roasted,Magic Masala,g,150.0,65,60.76,45.9,6.5,180,Ambient,12,False,Available,4.6,Regular
P001535,PRI-CHI-BAK-300-6,Pringles Corn Chips Baked Tomato 30.0 g,Pringles,Premium,Snacks,Munchies,Chips,Corn Chips,Baked,Tomato,g,30.0,15,11.59,7.91,22.8,180,Ambient,12,False,Available,4.8,Regular
P001536,KUR-CHI-BAK-1500-4,Kurkure Chips Extruded Snacks Baked Classic Salted 150.0 g,Kurkure,Popular,Snacks,Munchies,Chips,Extruded Snacks,Baked,Classic Salted,g,150.0,55,39.66,27.6,27.9,180,Ambient,12,False,Available,4.4,Regular
P001537,SYS-BAT-BUT-20-2,Syska Batteries Alkaline Button Cell 2.0 pack,Syska,Popular,Household Essentials,Electronics,Batteries,Alkaline,Button Cell,Not Applicable,pack,2.0,69,51.5,38.46,25.4,3650,Ambient,18,False,Available,4.4,Regular
P001538,BAK-BRE-FRU-2000-1,Baker's Loaf Bread Loaf Whole Wheat Fruit 200.0 g,Baker's Loaf,Popular,"Dairy, Bread & Eggs",Bread,Bread Loaf,Whole Wheat,Fruit,Not Applicable,g,200.0,35,34.19,22.67,2.3,5,Ambient,0,False,Available,4.2,Regular
P001539,MOD-BRE-GAR-2000-2,Modern Bread Loaf Multigrain Garlic 200.0 g,Modern,Popular,"Dairy, Bread & Eggs",Bread,Bread Loaf,Multigrain,Garlic,Not Applicable,g,200.0,29,27.42,21.36,5.4,5,Ambient,0,False,Available,4.6,Regular
P001540,HAL-CHI-FRI-900-7,Haldiram's Corn Chips Fried Classic Salted 90.0 g,Haldiram's,Popular,Snacks,Munchies,Chips,Corn Chips,Fried,Classic Salted,g,90.0,45,32.08,23.87,28.7,180,Ambient,12,False,Available,4.4,Regular
P001541,FAR-ONI-PRE-50-2,Farm Fresh Onion White Premium Grade 5.0 kg,Farm Fresh,Popular,Fruits & Vegetables,Fresh Vegetables,Onion,White,Premium Grade,Not Applicable,kg,5.0,265,177.11,149.6,33.2,4,Ambient,0,True,Available,4.5,Regular
P001542,UNB-ONI-REG-62,Unbranded Onion White Regular 6.2 kg,Unbranded,Budget,Fruits & Vegetables,Fresh Vegetables,Onion,White,Regular,Not Applicable,kg,6.2,195,162.43,130.55,16.7,4,Ambient,0,True,Low Stock,4.2,Regular
P001543,HAL-CHI-FRI-1500-6,Haldiram's Chips Nachos Fried Magic Masala 150.0 g,Haldiram's,Popular,Snacks,Munchies,Chips,Nachos,Fried,Magic Masala,g,150.0,85,77.18,60.76,9.2,180,Ambient,12,False,Available,4.3,Regular
P001544,SUR-DET-HAN-10-6,Surf Excel Detergent Powder Hand Wash Lemon 1.0 L,Surf Excel,Premium,Household Essentials,Cleaning Essentials,Detergent,Powder,Hand Wash,Lemon,L,1.0,349,329.68,234.35,5.5,730,Ambient,18,False,Available,4.8,Regular
P001545,NAT-CHA-SHA-100-2,Nature Fresh Chakki Atta Multigrain Sharbati 10.0 kg,Nature Fresh,Popular,Staples & Grocery,Atta,Chakki Atta,Multigrain,Sharbati,Not Applicable,kg,10.0,579,481.11,322.51,16.9,90,Ambient,0,False,Available,4.2,Regular
P001546,GAR-FAC-HYD-500-4,Garnier Face Serum Liquid Serum Hydrating Salicylic Acid 50.0 ml,Garnier,Budget,Beauty & Personal Care,Skin Care,Face Serum,Liquid Serum,Hydrating,Salicylic Acid,ml,50.0,829,599.68,333.79,27.7,730,Ambient,18,False,Available,4.2,Regular
P001547,ENG-BRE-FRU-4000-1,English Oven Bread Loaf White Fruit 400.0 g,English Oven,Popular,"Dairy, Bread & Eggs",Bread,Bread Loaf,White,Fruit,Not Applicable,g,400.0,49,41.35,27.08,15.6,5,Ambient,0,False,Available,4.3,New Arrival
P001548,LIZ-DET-HAN-10-6,Lizol Detergent Liquid Hand Wash Fresh Spring 1.0 L,Lizol,Popular,Household Essentials,Cleaning Essentials,Detergent,Liquid,Hand Wash,Fresh Spring,L,1.0,329,302.03,234.61,8.2,730,Ambient,18,False,Available,4.5,Regular
P001549,VIM-DET-FRO-10-6,Vim Detergent Powder Front Load Lemon 1.0 kg,Vim,Popular,Household Essentials,Cleaning Essentials,Detergent,Powder,Front Load,Lemon,kg,1.0,209,168.53,114.46,19.4,730,Ambient,18,False,Available,4.4,Regular
P001550,THE-BRE-GAR-4000-1,The Health Factory Bread Loaf Whole Wheat Garlic 400.0 g,The Health Factory,Premium,"Dairy, Bread & Eggs",Bread,Bread Loaf,Whole Wheat,Garlic,Not Applicable,g,400.0,39,36.92,28.69,5.3,5,Ambient,0,False,Available,4.9,Regular
P001551,GAR-FAC-HYD-500-5,Garnier Face Serum Liquid Serum Hydrating Vitamin C 50.0 ml,Garnier,Budget,Beauty & Personal Care,Skin Care,Face Serum,Liquid Serum,Hydrating,Vitamin C,ml,50.0,805,795.05,540.06,1.2,730,Ambient,18,False,Available,3.8,Regular
P001552,NAN-MIL-ORG-10,Nandini Cow Milk Organic Plain 1.0 L,Nandini,Budget,"Dairy, Bread & Eggs",Milk,Milk,Cow Milk,Organic,Plain,L,1.0,69,59.4,39.27,13.9,2,Refrigerated,0,True,Available,3.9,Regular
P001553,THE-FAC-ANT-500-7,The Derma Co Face Serum Gel Anti-Acne Niacinamide 50.0 ml,The Derma Co,Premium,Beauty & Personal Care,Skin Care,Face Serum,Gel,Anti-Acne,Niacinamide,ml,50.0,789,695.58,454.22,11.8,730,Ambient,18,False,Available,4.8,Regular
P001554,AMU-FRI-VEG-7500-5,Amul Fries & Bites Cheese Balls Veg Spicy 750.0 g,Amul,Popular,Frozen Foods,Frozen Snacks,Fries & Bites,Cheese Balls,Veg,Spicy,g,750.0,259,217.23,159.48,16.1,180,Frozen,18,True,Available,4.5,Regular
P001555,LAY-CHI-BAK-300-3,Lay's Potato Chips Baked Classic Salted 30.0 g,Lay's,Popular,Snacks,Munchies,Chips,Potato Chips,Baked,Classic Salted,g,30.0,11,10.37,8.26,5.7,180,Ambient,12,False,Available,4.3,Regular
P001556,KUR-CHI-ROA-300-2,Kurkure Potato Chips Roasted Tomato 30.0 g,Kurkure,Popular,Snacks,Munchies,Chips,Potato Chips,Roasted,Tomato,g,30.0,17,14.89,10.77,12.4,180,Ambient,12,False,Available,4.5,Regular
P001557,HAR-DET-TOP-10-4,Harpic Detergent Liquid Top Load Lavender 1.0 L,Harpic,Popular,Household Essentials,Cleaning Essentials,Detergent,Liquid,Top Load,Lavender,L,1.0,215,183.17,138.58,14.8,730,Ambient,18,False,Available,4.2,Regular
P001558,MOO-PAI-FAS-150,Moov Pain Reliever Gel Fast Action 15.0 strip,Moov,Popular,Pharmacy,Pain Relief,Pain Reliever,Gel,Fast Action,Not Applicable,strip,15.0,35,26.07,21.08,25.5,730,Ambient,12,False,Available,4.4,Regular
P001559,DOT-FAC-HYD-300-3,Dot & Key Face Serum Liquid Serum Hydrating Hyaluronic Acid 30.0 ml,Dot & Key,Premium,Beauty & Personal Care,Skin Care,Face Serum,Liquid Serum,Hydrating,Hyaluronic Acid,ml,30.0,719,666.37,358.04,7.3,730,Ambient,18,False,Available,4.6,Regular
P001560,NAT-CHA-SEL-20-1,Nature Fresh Chakki Atta Multigrain Select 2.0 kg,Nature Fresh,Popular,Staples & Grocery,Atta,Chakki Atta,Multigrain,Select,Not Applicable,kg,2.0,109,85.24,63.21,21.8,90,Ambient,0,False,Available,4.4,Regular
P001561,LAY-CHI-BAK-300-4,Lay's Chips Extruded Snacks Baked Cream & Onion 30.0 g,Lay's,Popular,Snacks,Munchies,Chips,Extruded Snacks,Baked,Cream & Onion,g,30.0,10,9.17,6.43,8.3,180,Ambient,12,False,Available,4.4,New Arrival
P001562,MAM-DIA-PRE-310,MamyPoko Diapers Taped Premium Care 31.0 pack,MamyPoko,Popular,Baby Care,Baby Diapers & Wipes,Diapers,Taped,Premium Care,Not Applicable,pack,31.0,795,741.15,577.43,6.8,1095,Ambient,12,False,Available,4.6,Regular
P001563,KUR-CHI-FRI-900-6,Kurkure Potato Chips Fried Magic Masala 90.0 g,Kurkure,Popular,Snacks,Munchies,Chips,Potato Chips,Fried,Magic Masala,g,90.0,39,38.98,30.26,0.0,180,Ambient,12,False,Available,4.4,Regular
P001564,DOT-FAC-ANT-500-7,Dot & Key Face Serum Liquid Serum Anti-Acne Vitamin C 50.0 ml,Dot & Key,Premium,Beauty & Personal Care,Skin Care,Face Serum,Liquid Serum,Anti-Acne,Vitamin C,ml,50.0,939,721.51,374.82,23.2,730,Ambient,18,False,Available,4.7,Regular
P001565,MCC-FRI-VEG-4000-7,McCain Fries & Bites Aloo Tikki Veg Spicy 400.0 g,McCain,Premium,Frozen Foods,Frozen Snacks,Fries & Bites,Aloo Tikki,Veg,Spicy,g,400.0,169,159.08,123.65,5.9,180,Frozen,18,True,Available,4.8,Regular
P001566,KUR-CHI-BAK-900-3,Kurkure Chips Nachos Baked Classic Salted 90.0 g,Kurkure,Popular,Snacks,Munchies,Chips,Nachos,Baked,Classic Salted,g,90.0,39,28.51,19.14,26.9,180,Ambient,12,False,Available,4.3,Regular
P001567,AKS-EGG-WHI-120-1,Akshayakalpa Table Eggs White 12.0 pc,Akshayakalpa,Premium,"Dairy, Bread & Eggs",Eggs,Eggs,Table Eggs,White,Not Applicable,pc,12.0,135,130.56,86.36,3.3,21,Refrigerated,0,True,Out Of Stock,4.5,Regular
P001568,NES-COF-DEC-500-5,Nescafé Coffee Powder Roast & Ground Decaf Mocha 50.0 g,Nescafé,Popular,Beverages,Coffee,Coffee Powder,Roast & Ground,Decaf,Mocha,g,50.0,139,135.64,88.93,2.4,365,Ambient,18,False,Available,4.4,Regular
P001569,NAT-CHA-SEL-300,Nature Fresh Chakki Atta Multigrain Select 30.0 kg,Nature Fresh,Popular,Staples & Grocery,Atta,Chakki Atta,Multigrain,Select,Not Applicable,kg,30.0,1369,1252.05,906.43,8.5,90,Ambient,0,False,Available,4.5,Regular
P001570,EGG-EGG-FRE-300,Eggoz Country Eggs Free Range 30.0 pc,Eggoz,Popular,"Dairy, Bread & Eggs",Eggs,Eggs,Country Eggs,Free Range,Not Applicable,pc,30.0,239,230.66,164.15,3.5,21,Refrigerated,0,True,Available,4.4,Regular
P001571,AMU-MIL-LAC-10-1,Amul A2 Milk Lactose Free Plain 1.0 L,Amul,Popular,"Dairy, Bread & Eggs",Milk,Milk,A2 Milk,Lactose Free,Plain,L,1.0,69,62.69,49.52,9.1,2,Refrigerated,0,True,Available,4.2,Regular
P001572,PAT-CHA-SHA-50-2,Patanjali Chakki Atta Maida Sharbati 5.0 kg,Patanjali,Budget,Staples & Grocery,Atta,Chakki Atta,Maida,Sharbati,Not Applicable,kg,5.0,335,293.74,205.68,12.3,90,Ambient,0,False,Available,4.0,Regular
P001573,MEI-CHI-ANT-10-3,Meister Chicken Wings Antibiotic Free 1.0 kg,Meister,Popular,Meat & Fish,Chicken,Chicken,Wings,Antibiotic Free,Not Applicable,kg,1.0,459,398.24,304.76,13.2,3,Refrigerated,5,True,Discontinued,4.5,Regular
P001574,THE-BRE-FRU-4000-2,The Health Factory Bread Loaf Brown Fruit 400.0 g,The Health Factory,Premium,"Dairy, Bread & Eggs",Bread,Bread Loaf,Brown,Fruit,Not Applicable,g,400.0,59,40.16,31.49,31.9,5,Ambient,0,False,Available,4.9,Regular
P001575,MCC-FRI-VEG-7500-3,McCain Fries & Bites Aloo Tikki Veg Spicy 750.0 g,McCain,Premium,Frozen Foods,Frozen Snacks,Fries & Bites,Aloo Tikki,Veg,Spicy,g,750.0,335,311.82,203.93,6.9,180,Frozen,18,True,Available,4.9,Regular
P001576,AMU-MIL-TON-10,Amul Cow Milk Toned Plain 1.0 L,Amul,Popular,"Dairy, Bread & Eggs",Milk,Milk,Cow Milk,Toned,Plain,L,1.0,49,48.39,38.44,1.3,2,Refrigerated,0,True,Available,4.5,Regular
P001577,NES-COF-CLA-500-5,Nescafé Coffee Powder Filter Classic Hazelnut 50.0 g,Nescafé,Popular,Beverages,Coffee,Coffee Powder,Filter,Classic,Hazelnut,g,50.0,109,94.02,66.31,13.7,365,Ambient,18,False,Available,4.2,Regular
P001578,DRO-PET-ADU-4000,Drools Pet Food Treats Adult Meat 400.0 g,Drools,Budget,Pet Care,Dog & Cat Food,Pet Food,Treats,Adult,Meat,g,400.0,95,94.49,69.22,0.5,540,Ambient,18,False,Available,3.9,New Arrival
P001579,HUG-DIA-ALO-740,Huggies Diapers Taped Aloe Vera Enriched 74.0 pack,Huggies,Popular,Baby Care,Baby Diapers & Wipes,Diapers,Taped,Aloe Vera Enriched,Not Applicable,pack,74.0,2075,1913.52,1474.64,7.8,1095,Ambient,12,False,Available,4.4,Regular
P001580,PRI-CHI-BAK-1500-9,Pringles Chips Extruded Snacks Baked Cheese 150.0 g,Pringles,Premium,Snacks,Munchies,Chips,Extruded Snacks,Baked,Cheese,g,150.0,99,92.93,64.0,6.1,180,Ambient,12,False,Available,4.7,Regular
P001581,ITC-FRI-VEG-7500-5,ITC Master Chef Fries & Bites Cheese Balls Veg Spicy 750.0 g,ITC Master Chef,Popular,Frozen Foods,Frozen Snacks,Fries & Bites,Cheese Balls,Veg,Spicy,g,750.0,305,250.4,197.09,17.9,180,Frozen,18,True,Available,4.2,Regular
P001582,BRU-COF-DEC-1000-8,Bru Coffee Powder Instant Decaf Mocha 100.0 g,Bru,Popular,Beverages,Coffee,Coffee Powder,Instant,Decaf,Mocha,g,100.0,339,266.31,211.72,21.4,365,Ambient,18,False,Available,4.3,Regular
P001583,NES-COF-CLA-1000-8,Nescafé Coffee Powder Filter Classic Vanilla 100.0 g,Nescafé,Popular,Beverages,Coffee,Coffee Powder,Filter,Classic,Vanilla,g,100.0,149,143.23,102.37,3.9,365,Ambient,18,False,Available,4.5,Regular
P001584,BEN-COL-STA-1000-4,Benadryl Cold Relief Inhaler Standard Menthol 100.0 ml,Benadryl,Popular,Pharmacy,Cold & Flu,Cold Relief,Inhaler,Standard,Menthol,ml,100.0,105,87.34,61.69,16.8,730,Ambient,12,False,Available,4.5,Regular
P001585,ENG-BRE-SAN-4000-2,English Oven Bread Loaf Multigrain Sandwich 400.0 g,English Oven,Popular,"Dairy, Bread & Eggs",Bread,Bread Loaf,Multigrain,Sandwich,Not Applicable,g,400.0,49,43.17,33.19,11.9,5,Ambient,0,False,Available,4.5,Regular
P001586,PRI-CHI-FRI-300-7,Pringles Chips Extruded Snacks Fried Magic Masala 30.0 g,Pringles,Premium,Snacks,Munchies,Chips,Extruded Snacks,Fried,Magic Masala,g,30.0,15,11.2,7.45,25.3,180,Ambient,12,False,Available,4.8,Regular
P001587,CRO-PAI-AYU-300,Crocin Pain Reliever Spray Ayurvedic 30.0 g,Crocin,Popular,Pharmacy,Pain Relief,Pain Reliever,Spray,Ayurvedic,Not Applicable,g,30.0,135,125.29,94.74,7.2,730,Ambient,12,False,Out Of Stock,4.5,Regular
P001588,PAT-CHA-SEL-62,Patanjali Chakki Atta Besan Select 6.2 kg,Patanjali,Budget,Staples & Grocery,Atta,Chakki Atta,Besan,Select,Not Applicable,kg,6.2,379,295.97,213.81,21.9,90,Ambient,0,False,Available,3.9,Regular
P001589,LIZ-DET-FRO-10-5,Lizol Detergent Liquid Front Load Fresh Spring 1.0 kg,Lizol,Popular,Household Essentials,Cleaning Essentials,Detergent,Liquid,Front Load,Fresh Spring,kg,1.0,179,169.59,121.92,5.3,730,Ambient,18,False,Discontinued,4.2,Regular
P001590,BIN-CHI-FRI-300-4,Bingo Corn Chips Fried Cream & Onion 30.0 g,Bingo,Budget,Snacks,Munchies,Chips,Corn Chips,Fried,Cream & Onion,g,30.0,18,17.74,11.99,1.4,180,Ambient,12,False,Available,4.0,Regular
P001591,SYS-BAT-9V-20-1,Syska Batteries Zinc Carbon 9V 2.0 pack,Syska,Popular,Household Essentials,Electronics,Batteries,Zinc Carbon,9V,Not Applicable,pack,2.0,49,46.86,36.38,4.4,3650,Ambient,18,False,Available,4.3,Regular
P001592,PRI-CHI-FRI-300-8,Pringles Chips Nachos Fried Magic Masala 30.0 g,Pringles,Premium,Snacks,Munchies,Chips,Nachos,Fried,Magic Masala,g,30.0,15,13.14,9.49,12.4,180,Ambient,12,False,Available,4.7,Regular
P001593,PAT-CHA-GLU-20,Patanjali Chakki Atta Wheat Gluten Free 2.0 kg,Patanjali,Budget,Staples & Grocery,Atta,Chakki Atta,Wheat,Gluten Free,Not Applicable,kg,2.0,109,105.63,75.85,3.1,90,Ambient,0,False,Available,4.2,Regular
P001594,GAR-FAC-ANT-300-4,Garnier Face Serum Liquid Serum Anti-Acne Vitamin C 30.0 ml,Garnier,Budget,Beauty & Personal Care,Skin Care,Face Serum,Liquid Serum,Anti-Acne,Vitamin C,ml,30.0,629,568.08,285.75,9.7,730,Ambient,18,False,Available,4.1,Regular
P001595,NAT-CHA-GLU-100-2,Nature Fresh Chakki Atta Wheat Gluten Free 10.0 kg,Nature Fresh,Popular,Staples & Grocery,Atta,Chakki Atta,Wheat,Gluten Free,Not Applicable,kg,10.0,409,350.86,270.14,14.2,90,Ambient,0,False,Available,4.6,Regular
P001596,LAY-CHI-FRI-900-4,Lay's Corn Chips Fried Cheese 90.0 g,Lay's,Popular,Snacks,Munchies,Chips,Corn Chips,Fried,Cheese,g,90.0,29,27.25,18.46,6.0,180,Ambient,12,False,Available,4.3,New Arrival
P001597,LAY-CHI-BAK-900-9,Lay's Corn Chips Baked Tomato 90.0 g,Lay's,Popular,Snacks,Munchies,Chips,Corn Chips,Baked,Tomato,g,90.0,45,40.7,32.18,9.6,180,Ambient,12,False,Available,4.4,Regular
P001598,HAR-DET-TOP-10-5,Harpic Detergent Liquid Top Load Fresh Spring 1.0 L,Harpic,Popular,Household Essentials,Cleaning Essentials,Detergent,Liquid,Top Load,Fresh Spring,L,1.0,315,225.36,159.67,28.5,730,Ambient,18,False,Available,4.5,Regular
P001599,NES-COF-DEC-1000-9,Nescafé Coffee Powder Instant Decaf Mocha 100.0 g,Nescafé,Popular,Beverages,Coffee,Coffee Powder,Instant,Decaf,Mocha,g,100.0,309,288.21,227.51,6.7,365,Ambient,18,False,Available,4.4,Regular
P001600,AAS-CHA-SEL-10-3,Aashirvaad Chakki Atta Multigrain Select 1.0 kg,Aashirvaad,Premium,Staples & Grocery,Atta,Chakki Atta,Multigrain,Select,Not Applicable,kg,1.0,69,55.69,37.14,19.3,90,Ambient,0,False,Available,4.7,Regular
P001601,MAM-FAC-ANT-500-4,Mamaearth Face Serum Liquid Serum Anti-Acne Vitamin C 50.0 ml,Mamaearth,Popular,Beauty & Personal Care,Skin Care,Face Serum,Liquid Serum,Anti-Acne,Vitamin C,ml,50.0,649,625.53,424.85,3.6,730,Ambient,18,False,Available,4.4,New Arrival
P001602,NIV-FAC-ANT-300-3,Nivea Face Serum Liquid Serum Anti-Acne Vitamin C 30.0 ml,Nivea,Popular,Beauty & Personal Care,Skin Care,Face Serum,Liquid Serum,Anti-Acne,Vitamin C,ml,30.0,489,480.44,290.42,1.8,730,Ambient,18,False,Available,4.5,Regular
P001603,MAM-FAC-HYD-300-5,Mamaearth Face Serum Liquid Serum Hydrating Vitamin C 30.0 ml,Mamaearth,Popular,Beauty & Personal Care,Skin Care,Face Serum,Liquid Serum,Hydrating,Vitamin C,ml,30.0,749,740.47,380.42,1.1,730,Ambient,18,False,Low Stock,4.2,Regular
P001604,PAT-CHA-GLU-125,Patanjali Chakki Atta Wheat Gluten Free 12.5 kg,Patanjali,Budget,Staples & Grocery,Atta,Chakki Atta,Wheat,Gluten Free,Not Applicable,kg,12.5,809,623.39,441.85,22.9,90,Ambient,0,False,Available,4.0,Regular
P001605,PAM-DIA-ALO-310,Pampers Diapers Pant Style Aloe Vera Enriched 31.0 pack,Pampers,Premium,Baby Care,Baby Diapers & Wipes,Diapers,Pant Style,Aloe Vera Enriched,Not Applicable,pack,31.0,609,608.45,442.75,0.1,1095,Ambient,12,False,Available,4.7,Regular
P001606,DOT-FAC-BRI-300-6,Dot & Key Face Serum Liquid Serum Brightening Niacinamide 30.0 ml,Dot & Key,Premium,Beauty & Personal Care,Skin Care,Face Serum,Liquid Serum,Brightening,Niacinamide,ml,30.0,549,428.89,240.06,21.9,730,Ambient,18,False,Available,4.7,Regular
P001607,AMU-FRI-CHI-4000-8,Amul Fries & Bites French Fries Chicken Masala 400.0 g,Amul,Popular,Frozen Foods,Frozen Snacks,Fries & Bites,French Fries,Chicken,Masala,g,400.0,129,100.92,71.42,21.8,180,Frozen,18,True,Available,4.6,Regular
P001608,ABH-EGG-WHI-60-1,Abhi Eggs Country Eggs White 6.0 pc,Abhi Eggs,Budget,"Dairy, Bread & Eggs",Eggs,Eggs,Country Eggs,White,Not Applicable,pc,6.0,55,51.31,33.98,6.7,21,Refrigerated,0,True,Available,3.9,Regular
P001609,LAY-CHI-FRI-1500-5,Lay's Chips Nachos Fried Magic Masala 150.0 g,Lay's,Popular,Snacks,Munchies,Chips,Nachos,Fried,Magic Masala,g,150.0,55,52.22,38.54,5.1,180,Ambient,12,False,Available,4.5,Regular
P001610,THE-FAC-BRI-500-7,The Derma Co Face Serum Gel Brightening Salicylic Acid 50.0 ml,The Derma Co,Premium,Beauty & Personal Care,Skin Care,Face Serum,Gel,Brightening,Salicylic Acid,ml,50.0,919,894.36,617.86,2.7,730,Ambient,18,False,Available,4.8,Regular
P001611,MCC-FRI-VEG-7500-4,McCain Fries & Bites Aloo Tikki Veg Masala 750.0 g,McCain,Premium,Frozen Foods,Frozen Snacks,Fries & Bites,Aloo Tikki,Veg,Masala,g,750.0,359,314.13,248.62,12.5,180,Frozen,18,True,Available,4.5,Regular
P001612,BRU-COF-DEC-1000-9,Bru Coffee Powder Instant Decaf Hazelnut 100.0 g,Bru,Popular,Beverages,Coffee,Coffee Powder,Instant,Decaf,Hazelnut,g,100.0,239,235.62,177.39,1.4,365,Ambient,18,False,Available,4.4,Regular
P001613,BEV-COF-DEC-500-7,Bevzilla Coffee Powder Filter Decaf Mocha 50.0 g,Bevzilla,Premium,Beverages,Coffee,Coffee Powder,Filter,Decaf,Mocha,g,50.0,139,125.11,97.65,10.0,365,Ambient,18,False,Available,4.7,Regular
P001614,FOR-CHA-SHA-10-3,Fortune Chakki Atta Multigrain Sharbati 1.0 kg,Fortune,Popular,Staples & Grocery,Atta,Chakki Atta,Multigrain,Sharbati,Not Applicable,kg,1.0,69,63.28,49.9,8.3,90,Ambient,0,False,Low Stock,4.6,Seasonal
P001615,UNB-CHI-SKI-10-3,Unbranded Chicken Mince Skinless 1.0 kg,Unbranded,Budget,Meat & Fish,Chicken,Chicken,Mince,Skinless,Not Applicable,kg,1.0,335,306.44,207.76,8.5,3,Refrigerated,5,True,Available,4.2,Regular
P001616,BEN-COL-EXT-250-1,Benadryl Cold Relief Lozenges Extra Strong Ginger 25.0 g,Benadryl,Popular,Pharmacy,Cold & Flu,Cold Relief,Lozenges,Extra Strong,Ginger,g,25.0,75,69.59,55.99,7.2,730,Ambient,12,False,Low Stock,4.3,Regular
P001617,BRU-COF-DEC-1000-10,Bru Coffee Powder Instant Decaf Vanilla 100.0 g,Bru,Popular,Beverages,Coffee,Coffee Powder,Instant,Decaf,Vanilla,g,100.0,259,210.59,160.76,18.7,365,Ambient,18,False,Available,4.6,Seasonal
P001618,FAR-TOM-REG-10-2,Farm Fresh Tomato Cherry Regular 1.0 kg,Farm Fresh,Popular,Fruits & Vegetables,Fresh Vegetables,Tomato,Cherry,Regular,Not Applicable,kg,1.0,39,35.99,30.22,7.7,4,Ambient,0,True,Available,4.3,Regular
P001619,MAM-FAC-BRI-300-5,Mamaearth Face Serum Liquid Serum Brightening Hyaluronic Acid 30.0 ml,Mamaearth,Popular,Beauty & Personal Care,Skin Care,Face Serum,Liquid Serum,Brightening,Hyaluronic Acid,ml,30.0,559,449.96,271.22,19.5,730,Ambient,18,False,Available,4.2,Regular
P001620,HAL-CHI-FRI-1500-7,Haldiram's Chips Nachos Fried Tomato 150.0 g,Haldiram's,Popular,Snacks,Munchies,Chips,Nachos,Fried,Tomato,g,150.0,115,77.49,55.94,32.6,180,Ambient,12,False,Available,4.3,Regular
P001621,LIC-CHI-WIT-10-1,Licious Chicken Drumsticks With Skin 1.0 kg,Licious,Premium,Meat & Fish,Chicken,Chicken,Drumsticks,With Skin,Not Applicable,kg,1.0,429,380.83,263.25,11.2,3,Refrigerated,5,True,Available,4.8,Regular
P001622,DUR-BAT-AA-20-1,Duracell Batteries Alkaline AA 2.0 pack,Duracell,Premium,Household Essentials,Electronics,Batteries,Alkaline,AA,Not Applicable,pack,2.0,29,27.21,19.97,6.2,3650,Ambient,18,False,Available,4.8,Regular
P001623,BEV-COF-DEC-500-8,Bevzilla Coffee Powder Instant Decaf Original 50.0 g,Bevzilla,Premium,Beverages,Coffee,Coffee Powder,Instant,Decaf,Original,g,50.0,145,137.6,92.82,5.1,365,Ambient,18,False,Available,4.6,Regular
P001624,FAR-APP-WAX-10-1,Farm Fresh Apple Kashmiri Wax Free 1.0 kg,Farm Fresh,Popular,Fruits & Vegetables,Fresh Fruits,Apple,Kashmiri,Wax Free,Not Applicable,kg,1.0,259,225.32,169.78,13.0,5,Refrigerated,0,True,Available,4.2,Regular
P001625,NIV-FAC-BRI-500-6,Nivea Face Serum Liquid Serum Brightening Niacinamide 50.0 ml,Nivea,Popular,Beauty & Personal Care,Skin Care,Face Serum,Liquid Serum,Brightening,Niacinamide,ml,50.0,939,920.97,641.21,1.9,730,Ambient,18,False,Available,4.4,Regular
P001626,NAT-CHA-SHA-75-1,Nature Fresh Chakki Atta Besan Sharbati 7.5 kg,Nature Fresh,Popular,Staples & Grocery,Atta,Chakki Atta,Besan,Sharbati,Not Applicable,kg,7.5,429,376.47,279.76,12.2,90,Ambient,0,False,Available,4.5,Regular
P001627,THE-FAC-HYD-500-6,The Derma Co Face Serum Gel Hydrating Niacinamide 50.0 ml,The Derma Co,Premium,Beauty & Personal Care,Skin Care,Face Serum,Gel,Hydrating,Niacinamide,ml,50.0,809,741.84,514.64,8.3,730,Ambient,18,False,Available,4.8,Regular
P001628,VIM-DET-HAN-10-5,Vim Detergent Powder Hand Wash Lavender 1.0 kg,Vim,Popular,Household Essentials,Cleaning Essentials,Detergent,Powder,Hand Wash,Lavender,kg,1.0,239,216.17,148.47,9.6,730,Ambient,18,False,Available,4.3,Regular
P001629,AKS-EGG-FRE-300-1,Akshayakalpa Country Eggs Free Range 30.0 pc,Akshayakalpa,Premium,"Dairy, Bread & Eggs",Eggs,Eggs,Country Eggs,Free Range,Not Applicable,pc,30.0,325,320.73,220.34,1.3,21,Refrigerated,0,True,Available,4.6,Regular
P001630,AKS-EGG-FRE-120,Akshayakalpa Table Eggs Free Range 12.0 pc,Akshayakalpa,Premium,"Dairy, Bread & Eggs",Eggs,Eggs,Table Eggs,Free Range,Not Applicable,pc,12.0,85,70.33,49.71,17.3,21,Refrigerated,0,True,Available,4.8,Regular
P001631,KUR-CHI-BAK-1500-5,Kurkure Potato Chips Baked Cream & Onion 150.0 g,Kurkure,Popular,Snacks,Munchies,Chips,Potato Chips,Baked,Cream & Onion,g,150.0,105,94.88,65.2,9.6,180,Ambient,12,False,Available,4.5,Regular
P001632,MAM-DIA-ALO-750,MamyPoko Diapers Taped Aloe Vera Enriched 75.0 pack,MamyPoko,Popular,Baby Care,Baby Diapers & Wipes,Diapers,Taped,Aloe Vera Enriched,Not Applicable,pack,75.0,2995,2702.62,1784.08,9.8,1095,Ambient,12,False,Available,4.3,Regular
P001633,REL-CHI-WIT-5000-4,Relish Chicken Boneless With Skin 500.0 g,Relish,Popular,Meat & Fish,Chicken,Chicken,Boneless,With Skin,Not Applicable,g,500.0,319,310.47,228.64,2.7,3,Refrigerated,5,True,Available,4.5,Regular
P001634,HAL-CHI-BAK-1500-8,Haldiram's Potato Chips Baked Cheese 150.0 g,Haldiram's,Popular,Snacks,Munchies,Chips,Potato Chips,Baked,Cheese,g,150.0,105,79.9,52.41,23.9,180,Ambient,12,False,Available,4.4,Regular
P001635,AAS-CHA-SEL-300-1,Aashirvaad Chakki Atta Besan Select 30.0 kg,Aashirvaad,Premium,Staples & Grocery,Atta,Chakki Atta,Besan,Select,Not Applicable,kg,30.0,2149,2123.4,1409.6,1.2,90,Ambient,0,False,Available,4.6,New Arrival
P001636,BIN-CHI-FRI-300-5,Bingo Chips Nachos Fried Tomato 30.0 g,Bingo,Budget,Snacks,Munchies,Chips,Nachos,Fried,Tomato,g,30.0,17,16.77,10.9,1.4,180,Ambient,12,False,Low Stock,4.2,Regular
P001637,NAT-CHA-GLU-62,Nature Fresh Chakki Atta Multigrain Gluten Free 6.2 kg,Nature Fresh,Popular,Staples & Grocery,Atta,Chakki Atta,Multigrain,Gluten Free,Not Applicable,kg,6.2,325,273.94,217.57,15.7,90,Ambient,0,False,Available,4.3,Regular
P001638,MIL-MIL-SKI-5000-1,Milky Mist Cow Milk Skimmed Plain 500.0 ml,Milky Mist,Popular,"Dairy, Bread & Eggs",Milk,Milk,Cow Milk,Skimmed,Plain,ml,500.0,30,26.25,18.43,12.5,2,Refrigerated,0,True,Available,4.5,Regular
P001639,LAY-CHI-ROA-900-5,Lay's Potato Chips Roasted Classic Salted 90.0 g,Lay's,Popular,Snacks,Munchies,Chips,Potato Chips,Roasted,Classic Salted,g,90.0,30,29.54,20.7,1.5,180,Ambient,12,False,Available,4.5,Regular
P001640,BAK-BRE-SAN-4000,Baker's Loaf Bread Loaf White Sandwich 400.0 g,Baker's Loaf,Popular,"Dairy, Bread & Eggs",Bread,Bread Loaf,White,Sandwich,Not Applicable,g,400.0,59,54.74,43.65,7.2,5,Ambient,0,False,Available,4.2,Regular
P001641,HAL-CHI-ROA-900-8,Haldiram's Chips Extruded Snacks Roasted Cream & Onion 90.0 g,Haldiram's,Popular,Snacks,Munchies,Chips,Extruded Snacks,Roasted,Cream & Onion,g,90.0,29,21.64,15.24,25.4,180,Ambient,12,False,Available,4.4,Regular
P001642,DRO-PET-PUP-30,Drools Pet Food Treats Puppy/Kitten Liver 3.0 kg,Drools,Budget,Pet Care,Dog & Cat Food,Pet Food,Treats,Puppy/Kitten,Liver,kg,3.0,685,488.45,384.93,28.7,540,Ambient,18,False,Available,4.2,Regular
P001643,BEV-COF-DEC-500-9,Bevzilla Coffee Powder Instant Decaf Mocha 50.0 g,Bevzilla,Premium,Beverages,Coffee,Coffee Powder,Instant,Decaf,Mocha,g,50.0,119,107.38,78.81,9.8,365,Ambient,18,False,Available,4.6,Regular
P001644,MIL-MIL-SKI-5000-2,Milky Mist A2 Milk Skimmed Plain 500.0 ml,Milky Mist,Popular,"Dairy, Bread & Eggs",Milk,Milk,A2 Milk,Skimmed,Plain,ml,500.0,39,29.68,21.54,23.9,2,Refrigerated,0,True,Available,4.3,Regular
P001645,ITC-FRI-CHI-4000-6,ITC Master Chef Fries & Bites Cheese Balls Chicken Masala 400.0 g,ITC Master Chef,Popular,Frozen Foods,Frozen Snacks,Fries & Bites,Cheese Balls,Chicken,Masala,g,400.0,135,90.36,63.4,33.1,180,Frozen,18,True,Available,4.3,Regular
P001646,NES-COF-GOL-500-7,Nescafé Coffee Powder Filter Gold Vanilla 50.0 g,Nescafé,Popular,Beverages,Coffee,Coffee Powder,Filter,Gold,Vanilla,g,50.0,125,117.6,85.14,5.9,365,Ambient,18,False,Available,4.4,Regular
P001647,THE-FAC-HYD-300-7,The Derma Co Face Serum Gel Hydrating Hyaluronic Acid 30.0 ml,The Derma Co,Premium,Beauty & Personal Care,Skin Care,Face Serum,Gel,Hydrating,Hyaluronic Acid,ml,30.0,525,443.45,290.2,15.5,730,Ambient,18,False,Available,4.9,Regular
P001648,BIN-CHI-BAK-300-11,Bingo Chips Nachos Baked Classic Salted 30.0 g,Bingo,Budget,Snacks,Munchies,Chips,Nachos,Baked,Classic Salted,g,30.0,20,18.02,14.37,9.9,180,Ambient,12,False,Available,4.2,Regular
P001649,MIN-FAC-ANT-500-5,Minimalist Face Serum Gel Anti-Acne Hyaluronic Acid 50.0 ml,Minimalist,Premium,Beauty & Personal Care,Skin Care,Face Serum,Gel,Anti-Acne,Hyaluronic Acid,ml,50.0,939,794.35,548.94,15.4,730,Ambient,18,False,Low Stock,4.6,Regular
P001650,MIN-FAC-ANT-300-4,Minimalist Face Serum Liquid Serum Anti-Acne Hyaluronic Acid 30.0 ml,Minimalist,Premium,Beauty & Personal Care,Skin Care,Face Serum,Liquid Serum,Anti-Acne,Hyaluronic Acid,ml,30.0,439,372.85,252.55,15.1,730,Ambient,18,False,Available,4.5,Regular
P001651,JOC-BAS-POL-10-1,Jockey Basic Wear Socks Polyester 1.0 pc,Jockey,Premium,Fashion & Lifestyle,Apparel & Accessories,Basic Wear,Socks,Polyester,Not Applicable,pc,1.0,359,330.81,223.5,7.9,3650,Ambient,12,False,Available,4.8,Regular
P001652,BAK-BRE-SAN-4000-1,Baker's Loaf Bread Loaf Brown Sandwich 400.0 g,Baker's Loaf,Popular,"Dairy, Bread & Eggs",Bread,Bread Loaf,Brown,Sandwich,Not Applicable,g,400.0,35,30.01,22.73,14.3,5,Ambient,0,False,Available,4.2,Regular
P001653,BRU-COF-GOL-1000-9,Bru Coffee Powder Filter Gold Original 100.0 g,Bru,Popular,Beverages,Coffee,Coffee Powder,Filter,Gold,Original,g,100.0,269,250.7,163.89,6.8,365,Ambient,18,False,Available,4.6,Regular
P001654,MCC-FRI-VEG-7500-5,McCain Fries & Bites Cheese Balls Veg Classic 750.0 g,McCain,Premium,Frozen Foods,Frozen Snacks,Fries & Bites,Cheese Balls,Veg,Classic,g,750.0,279,224.8,169.92,19.4,180,Frozen,18,True,Available,4.5,Regular
P001655,FAR-TOM-REG-30,Farm Fresh Tomato Hybrid Regular 3.0 kg,Farm Fresh,Popular,Fruits & Vegetables,Fresh Vegetables,Tomato,Hybrid,Regular,Not Applicable,kg,3.0,129,120.67,100.76,6.5,4,Ambient,0,True,Available,4.4,Regular
P001656,MAM-FAC-BRI-500-4,Mamaearth Face Serum Gel Brightening Vitamin C 50.0 ml,Mamaearth,Popular,Beauty & Personal Care,Skin Care,Face Serum,Gel,Brightening,Vitamin C,ml,50.0,639,600.29,382.61,6.1,730,Ambient,18,False,Low Stock,4.5,Regular
P001657,KUR-CHI-ROA-900-4,Kurkure Corn Chips Roasted Classic Salted 90.0 g,Kurkure,Popular,Snacks,Munchies,Chips,Corn Chips,Roasted,Classic Salted,g,90.0,45,30.71,21.28,31.8,180,Ambient,12,False,Available,4.6,Regular
P001658,BRU-COF-CLA-500-7,Bru Coffee Powder Instant Classic Vanilla 50.0 g,Bru,Popular,Beverages,Coffee,Coffee Powder,Instant,Classic,Vanilla,g,50.0,105,74.82,52.48,28.7,365,Ambient,18,False,Available,4.3,Regular
P001659,BRU-COF-GOL-500-8,Bru Coffee Powder Roast & Ground Gold Original 50.0 g,Bru,Popular,Beverages,Coffee,Coffee Powder,Roast & Ground,Gold,Original,g,50.0,129,118.36,77.73,8.2,365,Ambient,18,False,Available,4.6,Regular
P001660,DOT-FAC-HYD-500-6,Dot & Key Face Serum Gel Hydrating Niacinamide 50.0 ml,Dot & Key,Premium,Beauty & Personal Care,Skin Care,Face Serum,Gel,Hydrating,Niacinamide,ml,50.0,995,917.12,458.96,7.8,730,Ambient,18,False,Available,4.8,Regular
P001661,EVE-BAT-AA-20,Eveready Batteries Zinc Carbon AA 2.0 pack,Eveready,Budget,Household Essentials,Electronics,Batteries,Zinc Carbon,AA,Not Applicable,pack,2.0,75,53.94,42.17,28.1,3650,Ambient,18,False,Available,4.2,Regular
P001662,KUR-CHI-FRI-300-6,Kurkure Corn Chips Fried Cream & Onion 30.0 g,Kurkure,Popular,Snacks,Munchies,Chips,Corn Chips,Fried,Cream & Onion,g,30.0,18,15.11,10.59,16.1,180,Ambient,12,False,Available,4.4,Regular
P001663,MIN-FAC-HYD-500-6,Minimalist Face Serum Gel Hydrating Vitamin C 50.0 ml,Minimalist,Premium,Beauty & Personal Care,Skin Care,Face Serum,Gel,Hydrating,Vitamin C,ml,50.0,725,638.36,373.41,12.0,730,Ambient,18,False,Available,4.9,Regular
P001664,PRI-CHI-BAK-300-7,Pringles Chips Nachos Baked Classic Salted 30.0 g,Pringles,Premium,Snacks,Munchies,Chips,Nachos,Baked,Classic Salted,g,30.0,13,10.66,6.97,18.0,180,Ambient,12,False,Out Of Stock,4.6,Regular
P001665,DUR-BAT-AA-40,Duracell Batteries Zinc Carbon AA 4.0 pack,Duracell,Premium,Household Essentials,Electronics,Batteries,Zinc Carbon,AA,Not Applicable,pack,4.0,99,89.24,62.11,9.9,3650,Ambient,18,False,Available,4.7,Regular
P001666,MEI-CHI-SKI-10-2,Meister Chicken Drumsticks Skinless 1.0 kg,Meister,Popular,Meat & Fish,Chicken,Chicken,Drumsticks,Skinless,Not Applicable,kg,1.0,539,398.06,313.69,26.1,3,Refrigerated,5,True,Available,4.4,Regular
P001667,GAR-FAC-BRI-300-7,Garnier Face Serum Liquid Serum Brightening Hyaluronic Acid 30.0 ml,Garnier,Budget,Beauty & Personal Care,Skin Care,Face Serum,Liquid Serum,Brightening,Hyaluronic Acid,ml,30.0,429,370.56,223.51,13.6,730,Ambient,18,False,Available,3.9,Regular
P001668,BIN-CHI-BAK-900-9,Bingo Chips Extruded Snacks Baked Cream & Onion 90.0 g,Bingo,Budget,Snacks,Munchies,Chips,Extruded Snacks,Baked,Cream & Onion,g,90.0,45,42.23,28.54,6.1,180,Ambient,12,False,Available,4.3,Regular
P001669,PAT-CHA-SEL-75,Patanjali Chakki Atta Besan Select 7.5 kg,Patanjali,Budget,Staples & Grocery,Atta,Chakki Atta,Besan,Select,Not Applicable,kg,7.5,549,419.03,278.07,23.7,90,Ambient,0,False,Available,4.1,Regular
P001670,NAT-CHA-SEL-100-1,Nature Fresh Chakki Atta Wheat Select 10.0 kg,Nature Fresh,Popular,Staples & Grocery,Atta,Chakki Atta,Wheat,Select,Not Applicable,kg,10.0,609,511.22,347.95,16.1,90,Ambient,0,False,Available,4.3,Regular
P001671,MIL-MIL-FUL-10,Milky Mist Cow Milk Full Cream Plain 1.0 L,Milky Mist,Popular,"Dairy, Bread & Eggs",Milk,Milk,Cow Milk,Full Cream,Plain,L,1.0,49,48.0,34.76,2.0,2,Refrigerated,0,True,Available,4.3,Regular
P001672,BEV-COF-CLA-1000-10,Bevzilla Coffee Powder Instant Classic Original 100.0 g,Bevzilla,Premium,Beverages,Coffee,Coffee Powder,Instant,Classic,Original,g,100.0,249,202.15,155.71,18.8,365,Ambient,18,False,Available,4.6,Regular
P001673,BEN-COL-STA-1000-5,Benadryl Cold Relief Lozenges Standard Tulsi 100.0 ml,Benadryl,Popular,Pharmacy,Cold & Flu,Cold Relief,Lozenges,Standard,Tulsi,ml,100.0,109,108.09,85.09,0.8,730,Ambient,12,False,Available,4.5,Regular
P001674,AKS-EGG-BRO-60,Akshayakalpa Table Eggs Brown 6.0 pc,Akshayakalpa,Premium,"Dairy, Bread & Eggs",Eggs,Eggs,Table Eggs,Brown,Not Applicable,pc,6.0,69,50.34,39.51,27.0,21,Refrigerated,0,True,Available,4.8,Regular
P001675,DOT-FAC-HYD-37,Dot & Key Face Serum Liquid Serum Hydrating Niacinamide 37 ml,Dot & Key,Premium,Beauty & Personal Care,Skin Care,Face Serum,Liquid Serum,Hydrating,Niacinamide,ml,37.0,915,728.72,485.77,20.4,730,Ambient,18,False,Available,4.5,New Arrival
P001676,NAT-CHA-GLU-30-1,Nature Fresh Chakki Atta Maida Gluten Free 3.0 kg,Nature Fresh,Popular,Staples & Grocery,Atta,Chakki Atta,Maida,Gluten Free,Not Applicable,kg,3.0,189,174.55,129.48,7.6,90,Ambient,0,False,Available,4.4,Regular
P001677,PAT-CHA-GLU-100-3,Patanjali Chakki Atta Wheat Gluten Free 10.0 kg,Patanjali,Budget,Staples & Grocery,Atta,Chakki Atta,Wheat,Gluten Free,Not Applicable,kg,10.0,439,364.5,278.4,17.0,90,Ambient,0,False,Available,3.9,Regular
P001678,MIL-MIL-ORG-5000-1,Milky Mist A2 Milk Organic Plain 500.0 ml,Milky Mist,Popular,"Dairy, Bread & Eggs",Milk,Milk,A2 Milk,Organic,Plain,ml,500.0,29,26.35,19.75,9.1,2,Refrigerated,0,True,Available,4.4,Regular
P001679,LAY-CHI-ROA-300-6,Lay's Chips Nachos Roasted Cream & Onion 30.0 g,Lay's,Popular,Snacks,Munchies,Chips,Nachos,Roasted,Cream & Onion,g,30.0,11,10.6,8.36,3.6,180,Ambient,12,False,Available,4.6,Regular
P001680,FAR-APP-WAX-40-2,Farm Fresh Apple Royal Gala Wax Free 4.0 pc,Farm Fresh,Popular,Fruits & Vegetables,Fresh Fruits,Apple,Royal Gala,Wax Free,Not Applicable,pc,4.0,155,102.83,80.92,33.7,5,Refrigerated,0,True,Available,4.5,New Arrival
P001681,PAT-CHA-GLU-30,Patanjali Chakki Atta Besan Gluten Free 3.0 kg,Patanjali,Budget,Staples & Grocery,Atta,Chakki Atta,Besan,Gluten Free,Not Applicable,kg,3.0,179,147.54,102.54,17.6,90,Ambient,0,False,Available,4.2,Regular
P001682,AMU-MIL-TON-5000-1,Amul Buffalo Milk Toned Plain 500.0 ml,Amul,Popular,"Dairy, Bread & Eggs",Milk,Milk,Buffalo Milk,Toned,Plain,ml,500.0,39,32.8,22.21,15.9,2,Refrigerated,0,True,Available,4.4,Regular
P001683,HAL-CHI-FRI-1500-8,Haldiram's Chips Extruded Snacks Fried Cream & Onion 150.0 g,Haldiram's,Popular,Snacks,Munchies,Chips,Extruded Snacks,Fried,Cream & Onion,g,150.0,59,56.03,39.84,5.0,180,Ambient,12,False,Available,4.5,Regular
P001684,NES-COF-DEC-500-6,Nescafé Coffee Powder Roast & Ground Decaf Original 50.0 g,Nescafé,Popular,Beverages,Coffee,Coffee Powder,Roast & Ground,Decaf,Original,g,50.0,109,101.8,78.74,6.6,365,Ambient,18,False,Available,4.5,Regular
P001685,HAL-CHI-ROA-1500-5,Haldiram's Chips Extruded Snacks Roasted Magic Masala 150.0 g,Haldiram's,Popular,Snacks,Munchies,Chips,Extruded Snacks,Roasted,Magic Masala,g,150.0,69,66.33,50.75,3.9,180,Ambient,12,False,Available,4.4,Regular
P001686,NES-COF-DEC-1000-10,Nescafé Coffee Powder Filter Decaf Original 100.0 g,Nescafé,Popular,Beverages,Coffee,Coffee Powder,Filter,Decaf,Original,g,100.0,159,134.87,97.27,15.2,365,Ambient,18,False,Available,4.4,Regular
P001687,MIN-FAC-HYD-100,Minimalist Face Serum Gel Hydrating Vitamin C 100 ml,Minimalist,Premium,Beauty & Personal Care,Skin Care,Face Serum,Gel,Hydrating,Vitamin C,ml,100.0,1939,1689.79,1053.05,12.9,730,Ambient,18,False,Available,4.8,New Arrival
P001688,LAY-CHI-FRI-1500-6,Lay's Chips Nachos Fried Classic Salted 150.0 g,Lay's,Popular,Snacks,Munchies,Chips,Nachos,Fried,Classic Salted,g,150.0,115,91.28,60.08,20.6,180,Ambient,12,False,Available,4.6,Regular
P001689,AAS-CHA-SHA-150-1,Aashirvaad Chakki Atta Multigrain Sharbati 15.0 kg,Aashirvaad,Premium,Staples & Grocery,Atta,Chakki Atta,Multigrain,Sharbati,Not Applicable,kg,15.0,999,856.09,649.14,14.3,90,Ambient,0,False,Available,4.9,Regular
P001690,MAM-DIA-STA-300-1,MamyPoko Diapers Pant Style Standard 30.0 pack,MamyPoko,Popular,Baby Care,Baby Diapers & Wipes,Diapers,Pant Style,Standard,Not Applicable,pack,30.0,409,381.45,295.69,6.7,1095,Ambient,12,False,Low Stock,4.3,Regular
P001691,UNB-CHI-WIT-2500,Unbranded Chicken Drumsticks With Skin 250.0 g,Unbranded,Budget,Meat & Fish,Chicken,Chicken,Drumsticks,With Skin,Not Applicable,g,250.0,115,100.93,78.18,12.2,3,Refrigerated,5,True,Available,4.3,Regular
P001692,WHI-PET-ADU-30,Whiskas Pet Food Treats Adult Meat 3.0 kg,Whiskas,Popular,Pet Care,Dog & Cat Food,Pet Food,Treats,Adult,Meat,kg,3.0,615,596.36,467.6,3.0,540,Ambient,18,False,Out Of Stock,4.3,Regular
P001693,NES-COF-GOL-500-8,Nescafé Coffee Powder Roast & Ground Gold Hazelnut 50.0 g,Nescafé,Popular,Beverages,Coffee,Coffee Powder,Roast & Ground,Gold,Hazelnut,g,50.0,99,88.15,63.22,11.0,365,Ambient,18,False,Available,4.4,Regular
P001694,LAY-CHI-BAK-900-10,Lay's Corn Chips Baked Classic Salted 90.0 g,Lay's,Popular,Snacks,Munchies,Chips,Corn Chips,Baked,Classic Salted,g,90.0,29,26.68,21.18,8.0,180,Ambient,12,False,Available,4.6,Regular
P001695,BIN-CHI-ROA-900-5,Bingo Chips Extruded Snacks Roasted Cream & Onion 90.0 g,Bingo,Budget,Snacks,Munchies,Chips,Extruded Snacks,Roasted,Cream & Onion,g,90.0,39,34.34,24.96,12.0,180,Ambient,12,False,Available,4.2,Regular
P001696,PRI-CHI-FRI-1500-8,Pringles Corn Chips Fried Classic Salted 150.0 g,Pringles,Premium,Snacks,Munchies,Chips,Corn Chips,Fried,Classic Salted,g,150.0,75,70.19,46.17,6.4,180,Ambient,12,False,Available,4.7,Regular
P001697,BEV-COF-GOL-1000-7,Bevzilla Coffee Powder Filter Gold Hazelnut 100.0 g,Bevzilla,Premium,Beverages,Coffee,Coffee Powder,Filter,Gold,Hazelnut,g,100.0,239,212.08,155.23,11.3,365,Ambient,18,False,Available,4.9,Regular
P001698,PRI-CHI-FRI-300-9,Pringles Corn Chips Fried Cheese 30.0 g,Pringles,Premium,Snacks,Munchies,Chips,Corn Chips,Fried,Cheese,g,30.0,17,16.22,12.68,4.6,180,Ambient,12,False,Available,4.9,Regular
P001699,REL-CHI-ANT-5000-3,Relish Chicken Wings Antibiotic Free 500.0 g,Relish,Popular,Meat & Fish,Chicken,Chicken,Wings,Antibiotic Free,Not Applicable,g,500.0,235,233.98,182.38,0.4,3,Refrigerated,5,True,Available,4.3,Regular
P001700,AAS-CHA-SEL-50-2,Aashirvaad Chakki Atta Wheat Select 5.0 kg,Aashirvaad,Premium,Staples & Grocery,Atta,Chakki Atta,Wheat,Select,Not Applicable,kg,5.0,325,293.01,199.09,9.8,90,Ambient,0,False,Available,4.8,Regular
P001701,AKS-MIL-SKI-5000,Akshayakalpa Buffalo Milk Skimmed Plain 500.0 ml,Akshayakalpa,Premium,"Dairy, Bread & Eggs",Milk,Milk,Buffalo Milk,Skimmed,Plain,ml,500.0,29,27.44,21.31,5.4,2,Refrigerated,0,True,Available,4.6,Regular
P001702,DRM-HEA-INF-10,Dr Morepen Health Monitor Glucometer Infrared 1.0 pc,Dr Morepen,Popular,Pharmacy,Medical Devices,Health Monitor,Glucometer,Infrared,Not Applicable,pc,1.0,1725,1575.31,1180.2,8.7,1825,Ambient,18,False,Available,4.2,Regular
P001703,COU-MIL-DOU-5000,Country Delight Buffalo Milk Double Toned Plain 500.0 ml,Country Delight,Premium,"Dairy, Bread & Eggs",Milk,Milk,Buffalo Milk,Double Toned,Plain,ml,500.0,39,35.31,28.04,9.5,2,Refrigerated,0,True,Available,4.5,Regular
P001704,MAM-FAC-HYD-500-6,Mamaearth Face Serum Gel Hydrating Vitamin C 50.0 ml,Mamaearth,Popular,Beauty & Personal Care,Skin Care,Face Serum,Gel,Hydrating,Vitamin C,ml,50.0,879,634.47,419.97,27.8,730,Ambient,18,False,Out Of Stock,4.4,Regular
P001705,ITC-FRI-CHI-4000-7,ITC Master Chef Fries & Bites Nuggets Chicken Masala 400.0 g,ITC Master Chef,Popular,Frozen Foods,Frozen Snacks,Fries & Bites,Nuggets,Chicken,Masala,g,400.0,205,171.67,112.89,16.3,180,Frozen,18,True,Available,4.5,Regular
P001706,PAT-CHA-SEL-75-1,Patanjali Chakki Atta Maida Select 7.5 kg,Patanjali,Budget,Staples & Grocery,Atta,Chakki Atta,Maida,Select,Not Applicable,kg,7.5,379,318.88,213.39,15.9,90,Ambient,0,False,Available,3.9,Regular
P001707,BEN-COL-EXT-250-2,Benadryl Cold Relief Lozenges Extra Strong Menthol 25.0 g,Benadryl,Popular,Pharmacy,Cold & Flu,Cold Relief,Lozenges,Extra Strong,Menthol,g,25.0,49,41.8,32.49,14.7,730,Ambient,12,False,Available,4.3,Regular
P001708,PAT-CHA-GLU-200,Patanjali Chakki Atta Wheat Gluten Free 20.0 kg,Patanjali,Budget,Staples & Grocery,Atta,Chakki Atta,Wheat,Gluten Free,Not Applicable,kg,20.0,1119,873.08,615.33,22.0,90,Ambient,0,False,Available,3.8,Regular
P001709,LAY-CHI-FRI-300-7,Lay's Corn Chips Fried Tomato 30.0 g,Lay's,Popular,Snacks,Munchies,Chips,Corn Chips,Fried,Tomato,g,30.0,15,10.37,7.96,30.8,180,Ambient,12,False,Available,4.4,Regular
P001710,NES-COF-GOL-1000-7,Nescafé Coffee Powder Filter Gold Vanilla 100.0 g,Nescafé,Popular,Beverages,Coffee,Coffee Powder,Filter,Gold,Vanilla,g,100.0,249,228.94,158.77,8.1,365,Ambient,18,False,Available,4.2,Regular
P001711,LAY-CHI-FRI-300-8,Lay's Corn Chips Fried Classic Salted 30.0 g,Lay's,Popular,Snacks,Munchies,Chips,Corn Chips,Fried,Classic Salted,g,30.0,17,14.26,10.06,16.1,180,Ambient,12,False,Available,4.3,Regular
P001712,HAL-CHI-ROA-300-7,Haldiram's Chips Nachos Roasted Classic Salted 30.0 g,Haldiram's,Popular,Snacks,Munchies,Chips,Nachos,Roasted,Classic Salted,g,30.0,13,12.66,8.32,2.7,180,Ambient,12,False,Low Stock,4.6,Regular
P001713,UNB-ONI-REG-20,Unbranded Onion Sambhar Regular 2.0 kg,Unbranded,Budget,Fruits & Vegetables,Fresh Vegetables,Onion,Sambhar,Regular,Not Applicable,kg,2.0,109,88.56,69.36,18.8,4,Ambient,0,True,Available,4.0,Regular
P001714,PRI-CHI-FRI-1500-9,Pringles Chips Nachos Fried Classic Salted 150.0 g,Pringles,Premium,Snacks,Munchies,Chips,Nachos,Fried,Classic Salted,g,150.0,95,67.48,48.48,29.0,180,Ambient,12,False,Available,4.6,Regular
P001715,FAS-BAS-COT-30,Fastrack Basic Wear T-Shirts Cotton 3.0 pack,Fastrack,Popular,Fashion & Lifestyle,Apparel & Accessories,Basic Wear,T-Shirts,Cotton,Not Applicable,pack,3.0,385,309.43,205.92,19.6,3650,Ambient,12,False,Available,4.5,Regular
P001716,AMU-MIL-DOU-10-1,Amul Buffalo Milk Double Toned Plain 1.0 L,Amul,Popular,"Dairy, Bread & Eggs",Milk,Milk,Buffalo Milk,Double Toned,Plain,L,1.0,65,47.64,36.34,26.7,2,Refrigerated,0,True,Available,4.4,Regular
P001717,AAS-CHA-GLU-150-3,Aashirvaad Chakki Atta Wheat Gluten Free 15.0 kg,Aashirvaad,Premium,Staples & Grocery,Atta,Chakki Atta,Wheat,Gluten Free,Not Applicable,kg,15.0,719,578.34,405.36,19.6,90,Ambient,0,False,Available,4.6,Regular
P001718,NES-COF-GOL-1000-8,Nescafé Coffee Powder Instant Gold Hazelnut 100.0 g,Nescafé,Popular,Beverages,Coffee,Coffee Powder,Instant,Gold,Hazelnut,g,100.0,229,216.08,144.27,5.6,365,Ambient,18,False,Available,4.5,Regular
P001719,HAL-CHI-FRI-900-8,Haldiram's Corn Chips Fried Tomato 90.0 g,Haldiram's,Popular,Snacks,Munchies,Chips,Corn Chips,Fried,Tomato,g,90.0,45,37.8,26.34,16.0,180,Ambient,12,False,Available,4.2,Regular
P001720,UNB-CHI-SKI-2500-2,Unbranded Chicken Wings Skinless 250.0 g,Unbranded,Budget,Meat & Fish,Chicken,Chicken,Wings,Skinless,Not Applicable,g,250.0,99,86.97,58.47,12.2,3,Refrigerated,5,True,Available,4.0,Regular
P001721,HAR-DET-TOP-10-6,Harpic Detergent Liquid Top Load Lemon 1.0 kg,Harpic,Popular,Household Essentials,Cleaning Essentials,Detergent,Liquid,Top Load,Lemon,kg,1.0,189,163.99,114.59,13.2,730,Ambient,18,False,Available,4.4,Regular
P001722,COU-MIL-ORG-10,Country Delight Cow Milk Organic Plain 1.0 L,Country Delight,Premium,"Dairy, Bread & Eggs",Milk,Milk,Cow Milk,Organic,Plain,L,1.0,79,73.37,55.83,7.1,2,Refrigerated,0,True,Available,4.5,Seasonal
P001723,VIM-DET-TOP-10-4,Vim Detergent Liquid Top Load Fresh Spring 1.0 kg,Vim,Popular,Household Essentials,Cleaning Essentials,Detergent,Liquid,Top Load,Fresh Spring,kg,1.0,179,168.09,118.43,6.1,730,Ambient,18,False,Available,4.2,Regular
P001724,HAR-DET-TOP-10-7,Harpic Detergent Powder Top Load Fresh Spring 1.0 kg,Harpic,Popular,Household Essentials,Cleaning Essentials,Detergent,Powder,Top Load,Fresh Spring,kg,1.0,169,148.36,99.2,12.2,730,Ambient,18,False,Available,4.4,Regular
P001725,HUG-DIA-STA-750,Huggies Diapers Taped Standard 75.0 pack,Huggies,Popular,Baby Care,Baby Diapers & Wipes,Diapers,Taped,Standard,Not Applicable,pack,75.0,3299,3280.8,2148.14,0.6,1095,Ambient,12,False,Available,4.4,Regular
P001726,SUR-DET-TOP-10-6,Surf Excel Detergent Pods Top Load Lavender 1.0 L,Surf Excel,Premium,Household Essentials,Cleaning Essentials,Detergent,Pods,Top Load,Lavender,L,1.0,199,168.36,110.69,15.4,730,Ambient,18,False,Available,4.5,Regular
P001727,BRU-COF-GOL-500-9,Bru Coffee Powder Instant Gold Mocha 50.0 g,Bru,Popular,Beverages,Coffee,Coffee Powder,Instant,Gold,Mocha,g,50.0,105,95.65,71.74,8.9,365,Ambient,18,False,Available,4.3,Regular
P001728,NAT-CHA-GLU-75-1,Nature Fresh Chakki Atta Maida Gluten Free 7.5 kg,Nature Fresh,Popular,Staples & Grocery,Atta,Chakki Atta,Maida,Gluten Free,Not Applicable,kg,7.5,509,454.87,360.54,10.6,90,Ambient,0,False,Available,4.3,New Arrival
P001729,ITC-FRI-CHI-7500-9,ITC Master Chef Fries & Bites Nuggets Chicken Masala 750.0 g,ITC Master Chef,Popular,Frozen Foods,Frozen Snacks,Fries & Bites,Nuggets,Chicken,Masala,g,750.0,305,244.45,164.83,19.9,180,Frozen,18,True,Low Stock,4.4,Regular
P001730,FAR-ONI-REG-62,Farm Fresh Onion Red Regular 6.2 kg,Farm Fresh,Popular,Fruits & Vegetables,Fresh Vegetables,Onion,Red,Regular,Not Applicable,kg,6.2,299,279.71,233.24,6.5,4,Ambient,0,True,Low Stock,4.3,Regular
P001731,LAY-CHI-BAK-1500-7,Lay's Corn Chips Baked Magic Masala 150.0 g,Lay's,Popular,Snacks,Munchies,Chips,Corn Chips,Baked,Magic Masala,g,150.0,79,72.87,55.58,7.8,180,Ambient,12,False,Available,4.2,Regular
P001732,HAR-DET-FRO-10-5,Harpic Detergent Pods Front Load Fresh Spring 1.0 L,Harpic,Popular,Household Essentials,Cleaning Essentials,Detergent,Pods,Front Load,Fresh Spring,L,1.0,325,223.19,160.92,31.3,730,Ambient,18,False,Available,4.4,Regular
P001733,THE-FAC-ANT-300-5,The Derma Co Face Serum Liquid Serum Anti-Acne Vitamin C 30.0 ml,The Derma Co,Premium,Beauty & Personal Care,Skin Care,Face Serum,Liquid Serum,Anti-Acne,Vitamin C,ml,30.0,715,640.48,412.07,10.4,730,Ambient,18,False,Available,4.5,Regular
P001734,HAL-CHI-FRI-1500-9,Haldiram's Corn Chips Fried Classic Salted 150.0 g,Haldiram's,Popular,Snacks,Munchies,Chips,Corn Chips,Fried,Classic Salted,g,150.0,95,86.98,69.14,8.4,180,Ambient,12,False,Available,4.5,Seasonal
P001735,PAT-CHA-SEL-62-1,Patanjali Chakki Atta Maida Select 6.2 kg,Patanjali,Budget,Staples & Grocery,Atta,Chakki Atta,Maida,Select,Not Applicable,kg,6.2,435,375.06,277.5,13.8,90,Ambient,0,False,Available,4.2,Seasonal
P001736,KUR-CHI-BAK-900-4,Kurkure Chips Extruded Snacks Baked Cream & Onion 90.0 g,Kurkure,Popular,Snacks,Munchies,Chips,Extruded Snacks,Baked,Cream & Onion,g,90.0,49,44.44,35.04,9.3,180,Ambient,12,False,Available,4.4,Regular
P001737,MAM-FAC-BRI-500-5,Mamaearth Face Serum Gel Brightening Salicylic Acid 50.0 ml,Mamaearth,Popular,Beauty & Personal Care,Skin Care,Face Serum,Gel,Brightening,Salicylic Acid,ml,50.0,879,606.6,422.17,31.0,730,Ambient,18,False,Available,4.5,New Arrival
P001738,GAR-FAC-BRI-500-7,Garnier Face Serum Liquid Serum Brightening Hyaluronic Acid 50.0 ml,Garnier,Budget,Beauty & Personal Care,Skin Care,Face Serum,Liquid Serum,Brightening,Hyaluronic Acid,ml,50.0,815,736.8,501.68,9.6,730,Ambient,18,False,Available,4.1,Regular
P001739,VIM-DET-FRO-10-7,Vim Detergent Liquid Front Load Lemon 1.0 kg,Vim,Popular,Household Essentials,Cleaning Essentials,Detergent,Liquid,Front Load,Lemon,kg,1.0,165,149.89,100.59,9.2,730,Ambient,18,False,Available,4.5,Regular
P001740,UNB-ONI-PRE-150,Unbranded Onion Sambhar Premium Grade 15.0 kg,Unbranded,Budget,Fruits & Vegetables,Fresh Vegetables,Onion,Sambhar,Premium Grade,Not Applicable,kg,15.0,599,494.57,405.44,17.4,4,Ambient,0,True,Available,4.0,Regular
P001741,SUR-DET-TOP-10-7,Surf Excel Detergent Powder Top Load Fresh Spring 1.0 L,Surf Excel,Premium,Household Essentials,Cleaning Essentials,Detergent,Powder,Top Load,Fresh Spring,L,1.0,195,175.8,125.45,9.8,730,Ambient,18,False,Available,4.7,Regular
P001742,WHI-PET-ADU-30-1,Whiskas Pet Food Dry Kibbles Adult Ocean Fish 3.0 kg,Whiskas,Popular,Pet Care,Dog & Cat Food,Pet Food,Dry Kibbles,Adult,Ocean Fish,kg,3.0,689,646.89,478.08,6.1,540,Ambient,18,False,Available,4.3,Regular
P001743,BRU-COF-DEC-500-10,Bru Coffee Powder Filter Decaf Hazelnut 50.0 g,Bru,Popular,Beverages,Coffee,Coffee Powder,Filter,Decaf,Hazelnut,g,50.0,99,82.14,59.47,17.0,365,Ambient,18,False,Available,4.4,Regular
P001744,GAR-FAC-ANT-300-5,Garnier Face Serum Gel Anti-Acne Hyaluronic Acid 30.0 ml,Garnier,Budget,Beauty & Personal Care,Skin Care,Face Serum,Gel,Anti-Acne,Hyaluronic Acid,ml,30.0,795,657.66,335.21,17.3,730,Ambient,18,False,Available,4.2,Regular
P001745,BIN-CHI-BAK-300-12,Bingo Chips Extruded Snacks Baked Magic Masala 30.0 g,Bingo,Budget,Snacks,Munchies,Chips,Extruded Snacks,Baked,Magic Masala,g,30.0,17,14.53,10.36,14.5,180,Ambient,12,False,Available,3.8,Regular
P001746,LIC-CHI-WIT-5000-3,Licious Chicken Curry Cut With Skin 500.0 g,Licious,Premium,Meat & Fish,Chicken,Chicken,Curry Cut,With Skin,Not Applicable,g,500.0,279,272.76,198.7,2.2,3,Refrigerated,5,True,Available,4.5,Regular
P001747,UNB-CHI-SKI-10-4,Unbranded Chicken Wings Skinless 1.0 kg,Unbranded,Budget,Meat & Fish,Chicken,Chicken,Wings,Skinless,Not Applicable,kg,1.0,365,362.38,255.66,0.7,3,Refrigerated,5,True,Available,3.8,Seasonal
P001748,PAT-CHA-SEL-100-2,Patanjali Chakki Atta Besan Select 10.0 kg,Patanjali,Budget,Staples & Grocery,Atta,Chakki Atta,Besan,Select,Not Applicable,kg,10.0,579,544.04,358.35,6.0,90,Ambient,0,False,Available,4.1,New Arrival
P001749,LAY-CHI-ROA-300-7,Lay's Potato Chips Roasted Tomato 30.0 g,Lay's,Popular,Snacks,Munchies,Chips,Potato Chips,Roasted,Tomato,g,30.0,11,9.46,6.38,14.0,180,Ambient,12,False,Available,4.4,Regular
P001750,NAN-MIL-FUL-5000-1,Nandini Cow Milk Full Cream Plain 500.0 ml,Nandini,Budget,"Dairy, Bread & Eggs",Milk,Milk,Cow Milk,Full Cream,Plain,ml,500.0,39,26.75,21.16,31.4,2,Refrigerated,0,True,Available,4.0,Regular
P001751,PRI-CHI-FRI-300-10,Pringles Chips Extruded Snacks Fried Tomato 30.0 g,Pringles,Premium,Snacks,Munchies,Chips,Extruded Snacks,Fried,Tomato,g,30.0,14,12.78,8.62,8.7,180,Ambient,12,False,Low Stock,4.5,Regular
P001752,NES-COF-CLA-500-6,Nescafé Coffee Powder Filter Classic Vanilla 50.0 g,Nescafé,Popular,Beverages,Coffee,Coffee Powder,Filter,Classic,Vanilla,g,50.0,129,125.14,83.75,3.0,365,Ambient,18,False,Available,4.3,Regular
P001753,ITC-FRI-CHI-7500-10,ITC Master Chef Fries & Bites Aloo Tikki Chicken Masala 750.0 g,ITC Master Chef,Popular,Frozen Foods,Frozen Snacks,Fries & Bites,Aloo Tikki,Chicken,Masala,g,750.0,249,242.0,175.86,2.8,180,Frozen,18,True,Available,4.4,Regular
P001754,ITC-FRI-VEG-4000-7,ITC Master Chef Fries & Bites French Fries Veg Classic 400.0 g,ITC Master Chef,Popular,Frozen Foods,Frozen Snacks,Fries & Bites,French Fries,Veg,Classic,g,400.0,215,164.4,120.14,23.5,180,Frozen,18,True,Available,4.4,Regular
P001755,MIN-FAC-ANT-500-6,Minimalist Face Serum Liquid Serum Anti-Acne Niacinamide 50.0 ml,Minimalist,Premium,Beauty & Personal Care,Skin Care,Face Serum,Liquid Serum,Anti-Acne,Niacinamide,ml,50.0,819,676.52,374.38,17.4,730,Ambient,18,False,Available,4.9,Seasonal
P001756,MCC-FRI-CHI-4000-5,McCain Fries & Bites Nuggets Chicken Classic 400.0 g,McCain,Premium,Frozen Foods,Frozen Snacks,Fries & Bites,Nuggets,Chicken,Classic,g,400.0,159,150.43,117.47,5.4,180,Frozen,18,True,Available,4.5,Regular
P001757,UNB-ONI-PRE-20,Unbranded Onion Sambhar Premium Grade 2.0 kg,Unbranded,Budget,Fruits & Vegetables,Fresh Vegetables,Onion,Sambhar,Premium Grade,Not Applicable,kg,2.0,89,69.58,57.77,21.8,4,Ambient,0,True,Available,4.2,Regular
P001758,WHI-PET-WEI-4000-1,Whiskas Pet Food Wet Gravy Weight Management Liver 400.0 g,Whiskas,Popular,Pet Care,Dog & Cat Food,Pet Food,Wet Gravy,Weight Management,Liver,g,400.0,89,85.06,61.73,4.4,540,Ambient,18,False,Available,4.5,Regular
P001759,AMU-FRI-CHI-7500-7,Amul Fries & Bites Nuggets Chicken Masala 750.0 g,Amul,Popular,Frozen Foods,Frozen Snacks,Fries & Bites,Nuggets,Chicken,Masala,g,750.0,305,287.62,192.38,5.7,180,Frozen,18,True,Available,4.4,Regular
P001760,AMU-FRI-CHI-7500-8,Amul Fries & Bites Cheese Balls Chicken Spicy 750.0 g,Amul,Popular,Frozen Foods,Frozen Snacks,Fries & Bites,Cheese Balls,Chicken,Spicy,g,750.0,219,206.76,134.53,5.6,180,Frozen,18,True,Low Stock,4.5,Regular
P001761,MAM-DIA-ALO-740,MamyPoko Diapers Taped Aloe Vera Enriched 74.0 pack,MamyPoko,Popular,Baby Care,Baby Diapers & Wipes,Diapers,Taped,Aloe Vera Enriched,Not Applicable,pack,74.0,2289,1738.12,1306.44,24.1,1095,Ambient,12,False,Available,4.6,Regular
P001762,LIC-CHI-ANT-5000-1,Licious Chicken Wings Antibiotic Free 500.0 g,Licious,Premium,Meat & Fish,Chicken,Chicken,Wings,Antibiotic Free,Not Applicable,g,500.0,245,189.9,143.65,22.5,3,Refrigerated,5,True,Available,4.8,Regular
P001763,BRU-COF-CLA-500-8,Bru Coffee Powder Filter Classic Vanilla 50.0 g,Bru,Popular,Beverages,Coffee,Coffee Powder,Filter,Classic,Vanilla,g,50.0,135,88.72,66.04,34.3,365,Ambient,18,False,Available,4.4,Regular
P001764,PRI-CHI-FRI-900-6,Pringles Potato Chips Fried Cheese 90.0 g,Pringles,Premium,Snacks,Munchies,Chips,Potato Chips,Fried,Cheese,g,90.0,39,34.28,25.73,12.1,180,Ambient,12,False,Available,4.8,Regular
P001765,BRU-COF-DEC-1000-11,Bru Coffee Powder Roast & Ground Decaf Hazelnut 100.0 g,Bru,Popular,Beverages,Coffee,Coffee Powder,Roast & Ground,Decaf,Hazelnut,g,100.0,349,332.81,258.05,4.6,365,Ambient,18,False,Available,4.5,Regular
P001766,FAR-APP-WAX-10-2,Farm Fresh Apple Washington Wax Free 1.0 kg,Farm Fresh,Popular,Fruits & Vegetables,Fresh Fruits,Apple,Washington,Wax Free,Not Applicable,kg,1.0,245,241.11,200.62,1.6,5,Refrigerated,0,True,Available,4.4,Regular
P001767,PRI-CHI-ROA-1500-4,Pringles Chips Extruded Snacks Roasted Cream & Onion 150.0 g,Pringles,Premium,Snacks,Munchies,Chips,Extruded Snacks,Roasted,Cream & Onion,g,150.0,119,113.02,78.52,5.0,180,Ambient,12,False,Available,4.6,Regular
P001768,LIZ-DET-TOP-10-7,Lizol Detergent Pods Top Load Fresh Spring 1.0 L,Lizol,Popular,Household Essentials,Cleaning Essentials,Detergent,Pods,Top Load,Fresh Spring,L,1.0,195,190.53,149.72,2.3,730,Ambient,18,False,Available,4.4,Regular
P001769,NES-COF-DEC-500-7,Nescafé Coffee Powder Filter Decaf Mocha 50.0 g,Nescafé,Popular,Beverages,Coffee,Coffee Powder,Filter,Decaf,Mocha,g,50.0,119,112.65,79.37,5.3,365,Ambient,18,False,Available,4.6,Regular
P001770,BAK-BRE-SAN-2000-3,Baker's Loaf Bread Loaf White Sandwich 200.0 g,Baker's Loaf,Popular,"Dairy, Bread & Eggs",Bread,Bread Loaf,White,Sandwich,Not Applicable,g,200.0,25,23.73,18.3,5.1,5,Ambient,0,False,Available,4.3,Regular
P001771,FAS-BAS-COT-10-1,Fastrack Basic Wear T-Shirts Cotton 1.0 pc,Fastrack,Popular,Fashion & Lifestyle,Apparel & Accessories,Basic Wear,T-Shirts,Cotton,Not Applicable,pc,1.0,929,862.75,595.82,7.1,3650,Ambient,12,False,Available,4.3,New Arrival
P001772,HAL-CHI-ROA-900-9,Haldiram's Corn Chips Roasted Cream & Onion 90.0 g,Haldiram's,Popular,Snacks,Munchies,Chips,Corn Chips,Roasted,Cream & Onion,g,90.0,45,29.69,21.25,34.0,180,Ambient,12,False,Available,4.5,Regular
P001773,LIC-CHI-ANT-10-2,Licious Chicken Wings Antibiotic Free 1.0 kg,Licious,Premium,Meat & Fish,Chicken,Chicken,Wings,Antibiotic Free,Not Applicable,kg,1.0,335,308.32,241.89,8.0,3,Refrigerated,5,True,Low Stock,4.6,Regular
P001774,KUR-CHI-ROA-900-5,Kurkure Chips Nachos Roasted Classic Salted 90.0 g,Kurkure,Popular,Snacks,Munchies,Chips,Nachos,Roasted,Classic Salted,g,90.0,35,29.53,23.06,15.6,180,Ambient,12,False,Available,4.4,Regular
P001775,BAK-BRE-GAR-4000,Baker's Loaf Bread Loaf Multigrain Garlic 400.0 g,Baker's Loaf,Popular,"Dairy, Bread & Eggs",Bread,Bread Loaf,Multigrain,Garlic,Not Applicable,g,400.0,55,51.2,36.54,6.9,5,Ambient,0,False,Discontinued,4.5,Regular
P001776,FOR-CHA-SHA-75,Fortune Chakki Atta Maida Sharbati 7.5 kg,Fortune,Popular,Staples & Grocery,Atta,Chakki Atta,Maida,Sharbati,Not Applicable,kg,7.5,469,376.76,259.74,19.7,90,Ambient,0,False,Available,4.4,Regular
P001777,FOR-CHA-SEL-62-1,Fortune Chakki Atta Besan Select 6.2 kg,Fortune,Popular,Staples & Grocery,Atta,Chakki Atta,Besan,Select,Not Applicable,kg,6.2,455,427.49,341.82,6.0,90,Ambient,0,False,Available,4.3,Regular
P001778,MAM-DIA-PRE-720,MamyPoko Diapers Pant Style Premium Care 72.0 pack,MamyPoko,Popular,Baby Care,Baby Diapers & Wipes,Diapers,Pant Style,Premium Care,Not Applicable,pack,72.0,845,763.48,540.36,9.6,1095,Ambient,12,False,Available,4.3,Regular
P001779,FOR-CHA-SEL-50-2,Fortune Chakki Atta Multigrain Select 5.0 kg,Fortune,Popular,Staples & Grocery,Atta,Chakki Atta,Multigrain,Select,Not Applicable,kg,5.0,289,231.19,182.25,20.0,90,Ambient,0,False,Low Stock,4.6,Regular
P001780,DUR-BAT-9V-40,Duracell Batteries Zinc Carbon 9V 4.0 pack,Duracell,Premium,Household Essentials,Electronics,Batteries,Zinc Carbon,9V,Not Applicable,pack,4.0,75,61.45,45.24,18.1,3650,Ambient,18,False,Available,4.7,Regular
P001781,NAT-CHA-GLU-50-3,Nature Fresh Chakki Atta Maida Gluten Free 5.0 kg,Nature Fresh,Popular,Staples & Grocery,Atta,Chakki Atta,Maida,Gluten Free,Not Applicable,kg,5.0,259,213.42,163.03,17.6,90,Ambient,0,False,Low Stock,4.4,Regular
P001782,REL-CHI-SKI-2500-2,Relish Chicken Wings Skinless 250.0 g,Relish,Popular,Meat & Fish,Chicken,Chicken,Wings,Skinless,Not Applicable,g,250.0,135,130.23,97.25,3.5,3,Refrigerated,5,True,Low Stock,4.5,Regular
P001783,AMU-FRI-VEG-7500-6,Amul Fries & Bites French Fries Veg Spicy 750.0 g,Amul,Popular,Frozen Foods,Frozen Snacks,Fries & Bites,French Fries,Veg,Spicy,g,750.0,269,267.95,190.03,0.4,180,Frozen,18,True,Available,4.3,Regular
P001784,LAY-CHI-BAK-1500-8,Lay's Corn Chips Baked Cream & Onion 150.0 g,Lay's,Popular,Snacks,Munchies,Chips,Corn Chips,Baked,Cream & Onion,g,150.0,59,49.36,37.43,16.3,180,Ambient,12,False,Available,4.3,Seasonal
P001785,BIN-CHI-ROA-900-6,Bingo Potato Chips Roasted Magic Masala 90.0 g,Bingo,Budget,Snacks,Munchies,Chips,Potato Chips,Roasted,Magic Masala,g,90.0,39,36.19,25.18,7.2,180,Ambient,12,False,Available,3.9,Regular
P001786,PRI-CHI-BAK-300-8,Pringles Chips Nachos Baked Cream & Onion 30.0 g,Pringles,Premium,Snacks,Munchies,Chips,Nachos,Baked,Cream & Onion,g,30.0,11,9.96,6.99,9.5,180,Ambient,12,False,Available,4.6,Seasonal
P001787,MAM-FAC-BRI-500-6,Mamaearth Face Serum Gel Brightening Hyaluronic Acid 50.0 ml,Mamaearth,Popular,Beauty & Personal Care,Skin Care,Face Serum,Gel,Brightening,Hyaluronic Acid,ml,50.0,945,634.75,346.48,32.8,730,Ambient,18,False,Available,4.3,Regular
P001788,FOR-CHA-GLU-100-3,Fortune Chakki Atta Maida Gluten Free 10.0 kg,Fortune,Popular,Staples & Grocery,Atta,Chakki Atta,Maida,Gluten Free,Not Applicable,kg,10.0,535,491.75,328.76,8.1,90,Ambient,0,False,Available,4.6,Regular
P001789,NAT-CHA-SHA-20-1,Nature Fresh Chakki Atta Besan Sharbati 2.0 kg,Nature Fresh,Popular,Staples & Grocery,Atta,Chakki Atta,Besan,Sharbati,Not Applicable,kg,2.0,99,92.2,60.85,6.9,90,Ambient,0,False,Discontinued,4.6,Regular
P001790,THE-BRE-FRU-4000-3,The Health Factory Bread Loaf Multigrain Fruit 400.0 g,The Health Factory,Premium,"Dairy, Bread & Eggs",Bread,Bread Loaf,Multigrain,Fruit,Not Applicable,g,400.0,39,36.35,28.02,6.8,5,Ambient,0,False,Available,4.7,Regular
P001791,NAT-CHA-SHA-50-3,Nature Fresh Chakki Atta Multigrain Sharbati 5.0 kg,Nature Fresh,Popular,Staples & Grocery,Atta,Chakki Atta,Multigrain,Sharbati,Not Applicable,kg,5.0,265,239.68,158.82,9.6,90,Ambient,0,False,Available,4.4,Regular
P001792,HAL-CHI-ROA-900-10,Haldiram's Chips Nachos Roasted Classic Salted 90.0 g,Haldiram's,Popular,Snacks,Munchies,Chips,Nachos,Roasted,Classic Salted,g,90.0,30,26.18,18.4,12.7,180,Ambient,12,False,Available,4.5,Regular
P001793,BEN-COL-STA-1000-6,Benadryl Cold Relief Syrup Standard Menthol 100.0 ml,Benadryl,Popular,Pharmacy,Cold & Flu,Cold Relief,Syrup,Standard,Menthol,ml,100.0,105,84.04,62.56,20.0,730,Ambient,12,False,Available,4.3,Regular
P001794,BRU-COF-CLA-1000-8,Bru Coffee Powder Instant Classic Original 100.0 g,Bru,Popular,Beverages,Coffee,Coffee Powder,Instant,Classic,Original,g,100.0,159,146.5,116.53,7.9,365,Ambient,18,False,Available,4.5,Regular
P001795,BIN-CHI-FRI-900-8,Bingo Chips Nachos Fried Cream & Onion 90.0 g,Bingo,Budget,Snacks,Munchies,Chips,Nachos,Fried,Cream & Onion,g,90.0,39,35.87,26.25,8.0,180,Ambient,12,False,Available,3.9,Regular
P001796,NAT-CHA-SEL-100-2,Nature Fresh Chakki Atta Besan Select 10.0 kg,Nature Fresh,Popular,Staples & Grocery,Atta,Chakki Atta,Besan,Select,Not Applicable,kg,10.0,639,586.36,421.1,8.2,90,Ambient,0,False,Available,4.2,Seasonal
P001797,PAT-CHA-SHA-10-1,Patanjali Chakki Atta Besan Sharbati 1.0 kg,Patanjali,Budget,Staples & Grocery,Atta,Chakki Atta,Besan,Sharbati,Not Applicable,kg,1.0,59,49.48,34.29,16.1,90,Ambient,0,False,Available,4.2,Regular
P001798,HAR-DET-TOP-10-8,Harpic Detergent Pods Top Load Lavender 1.0 kg,Harpic,Popular,Household Essentials,Cleaning Essentials,Detergent,Pods,Top Load,Lavender,kg,1.0,135,110.01,86.64,18.5,730,Ambient,18,False,Available,4.5,Regular
P001799,HAL-CHI-FRI-300-7,Haldiram's Chips Nachos Fried Tomato 30.0 g,Haldiram's,Popular,Snacks,Munchies,Chips,Nachos,Fried,Tomato,g,30.0,11,9.41,6.53,14.4,180,Ambient,12,False,Available,4.3,Regular
P001800,BIN-CHI-FRI-300-6,Bingo Corn Chips Fried Tomato 30.0 g,Bingo,Budget,Snacks,Munchies,Chips,Corn Chips,Fried,Tomato,g,30.0,19,17.79,11.96,6.4,180,Ambient,12,False,Available,4.1,Regular
P001801,MIN-FAC-ANT-500-7,Minimalist Face Serum Gel Anti-Acne Niacinamide 50.0 ml,Minimalist,Premium,Beauty & Personal Care,Skin Care,Face Serum,Gel,Anti-Acne,Niacinamide,ml,50.0,895,835.36,472.48,6.7,730,Ambient,18,False,Low Stock,4.9,Seasonal
P001802,AMU-FRI-VEG-7500-7,Amul Fries & Bites Nuggets Veg Classic 750.0 g,Amul,Popular,Frozen Foods,Frozen Snacks,Fries & Bites,Nuggets,Veg,Classic,g,750.0,365,343.66,224.09,5.8,180,Frozen,18,True,Available,4.5,Regular
P001803,AMU-FRI-CHI-7500-9,Amul Fries & Bites Nuggets Chicken Spicy 750.0 g,Amul,Popular,Frozen Foods,Frozen Snacks,Fries & Bites,Nuggets,Chicken,Spicy,g,750.0,279,222.61,155.9,20.2,180,Frozen,18,True,Available,4.4,Regular
P001804,FOR-CHA-SHA-62-1,Fortune Chakki Atta Multigrain Sharbati 6.2 kg,Fortune,Popular,Staples & Grocery,Atta,Chakki Atta,Multigrain,Sharbati,Not Applicable,kg,6.2,405,383.5,295.7,5.3,90,Ambient,0,False,Available,4.5,Regular
P001805,BIN-CHI-ROA-1500-6,Bingo Chips Nachos Roasted Cheese 150.0 g,Bingo,Budget,Snacks,Munchies,Chips,Nachos,Roasted,Cheese,g,150.0,59,51.53,39.89,12.7,180,Ambient,12,False,Available,3.8,Regular
P001806,MIN-FAC-HYD-300-7,Minimalist Face Serum Gel Hydrating Vitamin C 30.0 ml,Minimalist,Premium,Beauty & Personal Care,Skin Care,Face Serum,Gel,Hydrating,Vitamin C,ml,30.0,639,585.05,361.65,8.4,730,Ambient,18,False,Available,4.8,Regular
P001807,MCC-FRI-CHI-4000-6,McCain Fries & Bites Cheese Balls Chicken Masala 400.0 g,McCain,Premium,Frozen Foods,Frozen Snacks,Fries & Bites,Cheese Balls,Chicken,Masala,g,400.0,205,185.1,139.44,9.7,180,Frozen,18,True,Available,4.7,Regular
P001808,GAR-FAC-HYD-300-6,Garnier Face Serum Gel Hydrating Niacinamide 30.0 ml,Garnier,Budget,Beauty & Personal Care,Skin Care,Face Serum,Gel,Hydrating,Niacinamide,ml,30.0,445,412.38,219.71,7.3,730,Ambient,18,False,Out Of Stock,3.8,Regular
P001809,LAY-CHI-FRI-900-5,Lay's Potato Chips Fried Cream & Onion 90.0 g,Lay's,Popular,Snacks,Munchies,Chips,Potato Chips,Fried,Cream & Onion,g,90.0,49,46.33,30.68,5.4,180,Ambient,12,False,Available,4.3,Seasonal
P001810,MCC-FRI-CHI-4000-7,McCain Fries & Bites Cheese Balls Chicken Spicy 400.0 g,McCain,Premium,Frozen Foods,Frozen Snacks,Fries & Bites,Cheese Balls,Chicken,Spicy,g,400.0,129,120.5,85.07,6.6,180,Frozen,18,True,Available,4.5,Regular
P001811,NAT-CHA-SHA-150-3,Nature Fresh Chakki Atta Multigrain Sharbati 15.0 kg,Nature Fresh,Popular,Staples & Grocery,Atta,Chakki Atta,Multigrain,Sharbati,Not Applicable,kg,15.0,679,610.39,429.9,10.1,90,Ambient,0,False,Available,4.4,Regular
P001812,FAR-ONI-REG-50-1,Farm Fresh Onion Red Regular 5.0 kg,Farm Fresh,Popular,Fruits & Vegetables,Fresh Vegetables,Onion,Red,Regular,Not Applicable,kg,5.0,259,246.79,202.18,4.7,4,Ambient,0,True,Available,4.5,Regular
P001813,AKS-MIL-FUL-5000-2,Akshayakalpa A2 Milk Full Cream Plain 500.0 ml,Akshayakalpa,Premium,"Dairy, Bread & Eggs",Milk,Milk,A2 Milk,Full Cream,Plain,ml,500.0,45,40.8,28.07,9.3,2,Refrigerated,0,True,Available,4.8,Regular
P001814,SYS-BAT-AA-20-1,Syska Batteries Alkaline AA 2.0 pack,Syska,Popular,Household Essentials,Electronics,Batteries,Alkaline,AA,Not Applicable,pack,2.0,49,42.24,31.97,13.8,3650,Ambient,18,False,Available,4.3,Regular
P001815,BIN-CHI-FRI-300-7,Bingo Chips Nachos Fried Cheese 30.0 g,Bingo,Budget,Snacks,Munchies,Chips,Nachos,Fried,Cheese,g,30.0,16,15.67,10.57,2.1,180,Ambient,12,False,Low Stock,3.9,Regular
P001816,HUG-DIA-ALO-310,Huggies Diapers Taped Aloe Vera Enriched 31.0 pack,Huggies,Popular,Baby Care,Baby Diapers & Wipes,Diapers,Taped,Aloe Vera Enriched,Not Applicable,pack,31.0,485,461.25,351.06,4.9,1095,Ambient,12,False,Available,4.4,Regular
P001817,HAL-CHI-BAK-900-8,Haldiram's Chips Extruded Snacks Baked Cheese 90.0 g,Haldiram's,Popular,Snacks,Munchies,Chips,Extruded Snacks,Baked,Cheese,g,90.0,29,27.04,20.16,6.8,180,Ambient,12,False,Available,4.5,Regular
P001818,BIN-CHI-ROA-900-7,Bingo Chips Nachos Roasted Magic Masala 90.0 g,Bingo,Budget,Snacks,Munchies,Chips,Nachos,Roasted,Magic Masala,g,90.0,39,35.43,24.69,9.1,180,Ambient,12,False,Available,3.9,Regular
P001819,PRI-CHI-FRI-1500-10,Pringles Chips Extruded Snacks Fried Cheese 150.0 g,Pringles,Premium,Snacks,Munchies,Chips,Extruded Snacks,Fried,Cheese,g,150.0,115,96.77,75.16,15.9,180,Ambient,12,False,Available,4.7,Regular
P001820,BRU-COF-CLA-500-9,Bru Coffee Powder Roast & Ground Classic Mocha 50.0 g,Bru,Popular,Beverages,Coffee,Coffee Powder,Roast & Ground,Classic,Mocha,g,50.0,149,138.32,97.25,7.2,365,Ambient,18,False,Out Of Stock,4.5,Seasonal
P001821,UNB-CHI-ANT-10-2,Unbranded Chicken Curry Cut Antibiotic Free 1.0 kg,Unbranded,Budget,Meat & Fish,Chicken,Chicken,Curry Cut,Antibiotic Free,Not Applicable,kg,1.0,359,310.82,203.5,13.4,3,Refrigerated,5,True,Available,4.1,Regular
P001822,PAM-DIA-STA-730-1,Pampers Diapers Pant Style Standard 73.0 pack,Pampers,Premium,Baby Care,Baby Diapers & Wipes,Diapers,Pant Style,Standard,Not Applicable,pack,73.0,1355,1269.03,917.52,6.3,1095,Ambient,12,False,Available,4.6,Regular
P001823,MEI-CHI-SKI-5000,Meister Chicken Boneless Skinless 500.0 g,Meister,Popular,Meat & Fish,Chicken,Chicken,Boneless,Skinless,Not Applicable,g,500.0,185,161.67,106.98,12.6,3,Refrigerated,5,True,Available,4.4,Regular
P001824,AAS-CHA-SEL-200-1,Aashirvaad Chakki Atta Besan Select 20.0 kg,Aashirvaad,Premium,Staples & Grocery,Atta,Chakki Atta,Besan,Select,Not Applicable,kg,20.0,1205,1116.12,814.67,7.4,90,Ambient,0,False,Available,4.6,Regular
P001825,AMU-FRI-CHI-4000-9,Amul Fries & Bites French Fries Chicken Spicy 400.0 g,Amul,Popular,Frozen Foods,Frozen Snacks,Fries & Bites,French Fries,Chicken,Spicy,g,400.0,175,169.24,112.51,3.3,180,Frozen,18,True,Available,4.3,Regular
P001826,BIN-CHI-FRI-900-9,Bingo Chips Extruded Snacks Fried Cheese 90.0 g,Bingo,Budget,Snacks,Munchies,Chips,Extruded Snacks,Fried,Cheese,g,90.0,29,27.03,17.97,6.8,180,Ambient,12,False,Available,3.9,Regular
P001827,FOR-CHA-SEL-50-3,Fortune Chakki Atta Wheat Select 5.0 kg,Fortune,Popular,Staples & Grocery,Atta,Chakki Atta,Wheat,Select,Not Applicable,kg,5.0,289,250.37,166.38,13.4,90,Ambient,0,False,Available,4.3,Regular
P001828,NAT-CHA-SEL-75-1,Nature Fresh Chakki Atta Maida Select 7.5 kg,Nature Fresh,Popular,Staples & Grocery,Atta,Chakki Atta,Maida,Select,Not Applicable,kg,7.5,405,381.45,273.87,5.8,90,Ambient,0,False,Available,4.5,Regular
P001829,BRI-BRE-GAR-4000-1,Brick Oven Bread Loaf White Garlic 400.0 g,Brick Oven,Premium,"Dairy, Bread & Eggs",Bread,Bread Loaf,White,Garlic,Not Applicable,g,400.0,49,41.08,29.21,16.2,5,Ambient,0,False,Out Of Stock,4.8,Regular
P001830,DUR-BAT-9V-20-1,Duracell Batteries Zinc Carbon 9V 2.0 pack,Duracell,Premium,Household Essentials,Electronics,Batteries,Zinc Carbon,9V,Not Applicable,pack,2.0,75,63.95,48.82,14.7,3650,Ambient,18,False,Available,4.8,New Arrival
P001831,VIM-DET-TOP-10-5,Vim Detergent Pods Top Load Lavender 1.0 L,Vim,Popular,Household Essentials,Cleaning Essentials,Detergent,Pods,Top Load,Lavender,L,1.0,279,272.27,201.43,2.4,730,Ambient,18,False,Available,4.2,Regular
P001832,BIN-CHI-ROA-300-7,Bingo Chips Nachos Roasted Magic Masala 30.0 g,Bingo,Budget,Snacks,Munchies,Chips,Nachos,Roasted,Magic Masala,g,30.0,19,17.83,11.76,6.2,180,Ambient,12,False,Available,4.3,Regular
P001833,VIM-DET-FRO-10-8,Vim Detergent Liquid Front Load Fresh Spring 1.0 L,Vim,Popular,Household Essentials,Cleaning Essentials,Detergent,Liquid,Front Load,Fresh Spring,L,1.0,199,170.62,129.6,14.3,730,Ambient,18,False,Available,4.4,Regular
P001834,PAT-CHA-SHA-50-3,Patanjali Chakki Atta Besan Sharbati 5.0 kg,Patanjali,Budget,Staples & Grocery,Atta,Chakki Atta,Besan,Sharbati,Not Applicable,kg,5.0,309,273.03,211.61,11.6,90,Ambient,0,False,Available,4.0,Regular
P001835,AAS-CHA-GLU-50-2,Aashirvaad Chakki Atta Besan Gluten Free 5.0 kg,Aashirvaad,Premium,Staples & Grocery,Atta,Chakki Atta,Besan,Gluten Free,Not Applicable,kg,5.0,309,282.77,203.99,8.5,90,Ambient,0,False,Available,4.9,Regular
P001836,NAN-MIL-ORG-10-1,Nandini Buffalo Milk Organic Plain 1.0 L,Nandini,Budget,"Dairy, Bread & Eggs",Milk,Milk,Buffalo Milk,Organic,Plain,L,1.0,69,68.52,48.0,0.7,2,Refrigerated,0,True,Available,4.2,Regular
P001837,NIV-FAC-ANT-500-6,Nivea Face Serum Gel Anti-Acne Salicylic Acid 50.0 ml,Nivea,Popular,Beauty & Personal Care,Skin Care,Face Serum,Gel,Anti-Acne,Salicylic Acid,ml,50.0,619,585.25,316.87,5.5,730,Ambient,18,False,Available,4.3,Regular
P001838,FOR-CHA-SHA-20,Fortune Chakki Atta Besan Sharbati 2.0 kg,Fortune,Popular,Staples & Grocery,Atta,Chakki Atta,Besan,Sharbati,Not Applicable,kg,2.0,115,85.17,62.25,25.9,90,Ambient,0,False,Available,4.5,Regular
P001839,NES-COF-CLA-1000-9,Nescafé Coffee Powder Roast & Ground Classic Vanilla 100.0 g,Nescafé,Popular,Beverages,Coffee,Coffee Powder,Roast & Ground,Classic,Vanilla,g,100.0,189,187.37,141.25,0.9,365,Ambient,18,False,Available,4.3,Regular
P001840,COU-MIL-DOU-10-1,Country Delight A2 Milk Double Toned Plain 1.0 L,Country Delight,Premium,"Dairy, Bread & Eggs",Milk,Milk,A2 Milk,Double Toned,Plain,L,1.0,85,72.79,50.33,14.4,2,Refrigerated,0,True,Available,4.6,Regular
P001841,LAY-CHI-FRI-300-9,Lay's Chips Nachos Fried Magic Masala 30.0 g,Lay's,Popular,Snacks,Munchies,Chips,Nachos,Fried,Magic Masala,g,30.0,16,13.16,10.52,17.8,180,Ambient,12,False,Available,4.3,Regular
P001842,LAY-CHI-FRI-900-6,Lay's Chips Nachos Fried Cream & Onion 90.0 g,Lay's,Popular,Snacks,Munchies,Chips,Nachos,Fried,Cream & Onion,g,90.0,29,26.75,19.82,7.7,180,Ambient,12,False,Available,4.3,Regular
P001843,LIC-CHI-ANT-10-3,Licious Chicken Drumsticks Antibiotic Free 1.0 kg,Licious,Premium,Meat & Fish,Chicken,Chicken,Drumsticks,Antibiotic Free,Not Applicable,kg,1.0,409,352.71,257.65,13.8,3,Refrigerated,5,True,Available,4.6,Regular
P001844,DOT-FAC-ANT-300-5,Dot & Key Face Serum Gel Anti-Acne Vitamin C 30.0 ml,Dot & Key,Premium,Beauty & Personal Care,Skin Care,Face Serum,Gel,Anti-Acne,Vitamin C,ml,30.0,765,711.93,453.02,6.9,730,Ambient,18,False,Available,4.9,Regular
P001845,HAL-CHI-ROA-1500-6,Haldiram's Chips Extruded Snacks Roasted Tomato 150.0 g,Haldiram's,Popular,Snacks,Munchies,Chips,Extruded Snacks,Roasted,Tomato,g,150.0,79,68.52,51.91,13.3,180,Ambient,12,False,Available,4.5,Regular
P001846,DOT-FAC-BRI-300-7,Dot & Key Face Serum Gel Brightening Vitamin C 30.0 ml,Dot & Key,Premium,Beauty & Personal Care,Skin Care,Face Serum,Gel,Brightening,Vitamin C,ml,30.0,749,726.64,431.03,3.0,730,Ambient,18,False,Available,4.6,Regular
P001847,BRU-COF-GOL-500-10,Bru Coffee Powder Roast & Ground Gold Mocha 50.0 g,Bru,Popular,Beverages,Coffee,Coffee Powder,Roast & Ground,Gold,Mocha,g,50.0,125,112.69,89.7,9.9,365,Ambient,18,False,Available,4.6,Regular
P001848,UNB-TOM-ORG-15-2,Unbranded Tomato Hybrid Organic 1.5 kg,Unbranded,Budget,Fruits & Vegetables,Fresh Vegetables,Tomato,Hybrid,Organic,Not Applicable,kg,1.5,49,42.95,34.95,12.4,4,Ambient,0,True,Available,4.1,Regular
P001849,BRU-COF-GOL-150,Bru Coffee Powder Roast & Ground Gold Original 150 g,Bru,Popular,Beverages,Coffee,Coffee Powder,Roast & Ground,Gold,Original,g,150.0,225,189.02,139.93,16.0,365,Ambient,18,False,Available,4.2,Regular
P001850,AAS-CHA-GLU-15,Aashirvaad Chakki Atta Multigrain Gluten Free 1.5 kg,Aashirvaad,Premium,Staples & Grocery,Atta,Chakki Atta,Multigrain,Gluten Free,Not Applicable,kg,1.5,79,77.03,61.11,2.5,90,Ambient,0,False,Available,4.6,Regular
P001851,HAR-DET-FRO-10-6,Harpic Detergent Powder Front Load Lemon 1.0 kg,Harpic,Popular,Household Essentials,Cleaning Essentials,Detergent,Powder,Front Load,Lemon,kg,1.0,119,110.76,85.62,6.9,730,Ambient,18,False,Available,4.3,New Arrival
P001852,UNB-TOM-REG-10-2,Unbranded Tomato Local Regular 1.0 kg,Unbranded,Budget,Fruits & Vegetables,Fresh Vegetables,Tomato,Local,Regular,Not Applicable,kg,1.0,39,32.47,26.04,16.8,4,Ambient,0,True,Available,3.9,Regular
P001853,MIN-FAC-HYD-500-7,Minimalist Face Serum Gel Hydrating Niacinamide 50.0 ml,Minimalist,Premium,Beauty & Personal Care,Skin Care,Face Serum,Gel,Hydrating,Niacinamide,ml,50.0,979,970.21,601.88,0.9,730,Ambient,18,False,Available,4.7,Regular
P001854,NAT-CHA-SEL-50-2,Nature Fresh Chakki Atta Maida Select 5.0 kg,Nature Fresh,Popular,Staples & Grocery,Atta,Chakki Atta,Maida,Select,Not Applicable,kg,5.0,229,187.64,140.37,18.1,90,Ambient,0,False,Available,4.5,Seasonal
P001855,MCC-FRI-VEG-4000-8,McCain Fries & Bites Aloo Tikki Veg Masala 400.0 g,McCain,Premium,Frozen Foods,Frozen Snacks,Fries & Bites,Aloo Tikki,Veg,Masala,g,400.0,185,172.01,116.79,7.0,180,Frozen,18,True,Available,4.6,New Arrival
P001856,BIN-CHI-FRI-1500-4,Bingo Chips Nachos Fried Classic Salted 150.0 g,Bingo,Budget,Snacks,Munchies,Chips,Nachos,Fried,Classic Salted,g,150.0,59,57.5,40.08,2.5,180,Ambient,12,False,Available,3.8,Regular
P001857,PAM-DIA-PRE-720-1,Pampers Diapers Taped Premium Care 72.0 pack,Pampers,Premium,Baby Care,Baby Diapers & Wipes,Diapers,Taped,Premium Care,Not Applicable,pack,72.0,1045,870.46,641.21,16.7,1095,Ambient,12,False,Out Of Stock,4.5,Seasonal
P001858,DUR-BAT-AA-40-1,Duracell Batteries Alkaline AA 4.0 pack,Duracell,Premium,Household Essentials,Electronics,Batteries,Alkaline,AA,Not Applicable,pack,4.0,109,104.96,82.14,3.7,3650,Ambient,18,False,Available,4.8,Regular
P001859,HAL-CHI-ROA-1500-7,Haldiram's Corn Chips Roasted Magic Masala 150.0 g,Haldiram's,Popular,Snacks,Munchies,Chips,Corn Chips,Roasted,Magic Masala,g,150.0,115,97.73,66.73,15.0,180,Ambient,12,False,Available,4.5,Regular
P001860,ZES-APP-WAX-70,Zespri Apple Royal Gala Wax Free 7.0 pc,Zespri,Premium,Fruits & Vegetables,Fresh Fruits,Apple,Royal Gala,Wax Free,Not Applicable,pc,7.0,445,291.13,244.21,34.6,5,Refrigerated,0,True,Available,4.6,Regular
P001861,FAR-APP-REG-10-1,Farm Fresh Apple Washington Regular 1.0 kg,Farm Fresh,Popular,Fruits & Vegetables,Fresh Fruits,Apple,Washington,Regular,Not Applicable,kg,1.0,239,229.92,175.42,3.8,5,Refrigerated,0,True,Available,4.2,Regular
P001862,MAM-DIA-ALO-300-1,MamyPoko Diapers Pant Style Aloe Vera Enriched 30.0 pack,MamyPoko,Popular,Baby Care,Baby Diapers & Wipes,Diapers,Pant Style,Aloe Vera Enriched,Not Applicable,pack,30.0,349,281.01,194.98,19.5,1095,Ambient,12,False,Available,4.3,Regular
P001863,HAL-CHI-FRI-900-9,Haldiram's Corn Chips Fried Magic Masala 90.0 g,Haldiram's,Popular,Snacks,Munchies,Chips,Corn Chips,Fried,Magic Masala,g,90.0,39,35.85,23.99,8.1,180,Ambient,12,False,Available,4.4,New Arrival
P001864,PRI-CHI-FRI-900-7,Pringles Chips Extruded Snacks Fried Cream & Onion 90.0 g,Pringles,Premium,Snacks,Munchies,Chips,Extruded Snacks,Fried,Cream & Onion,g,90.0,39,34.94,23.4,10.4,180,Ambient,12,False,Available,4.7,Regular
P001865,KUR-CHI-FRI-1500-5,Kurkure Chips Extruded Snacks Fried Cheese 150.0 g,Kurkure,Popular,Snacks,Munchies,Chips,Extruded Snacks,Fried,Cheese,g,150.0,55,53.35,39.72,3.0,180,Ambient,12,False,Out Of Stock,4.4,Regular
P001866,BIN-CHI-ROA-300-8,Bingo Corn Chips Roasted Cream & Onion 30.0 g,Bingo,Budget,Snacks,Munchies,Chips,Corn Chips,Roasted,Cream & Onion,g,30.0,17,15.5,12.35,8.8,180,Ambient,12,False,Available,3.9,Regular
P001867,FOR-CHA-SHA-75-1,Fortune Chakki Atta Multigrain Sharbati 7.5 kg,Fortune,Popular,Staples & Grocery,Atta,Chakki Atta,Multigrain,Sharbati,Not Applicable,kg,7.5,389,333.88,244.73,14.2,90,Ambient,0,False,Available,4.3,Regular
P001868,COU-MIL-FUL-10-1,Country Delight A2 Milk Full Cream Plain 1.0 L,Country Delight,Premium,"Dairy, Bread & Eggs",Milk,Milk,A2 Milk,Full Cream,Plain,L,1.0,49,46.28,31.94,5.6,2,Refrigerated,0,True,Available,4.7,Regular
P001869,FAR-TOM-REG-30-1,Farm Fresh Tomato Cherry Regular 3.0 kg,Farm Fresh,Popular,Fruits & Vegetables,Fresh Vegetables,Tomato,Cherry,Regular,Not Applicable,kg,3.0,135,133.82,106.59,0.9,4,Ambient,0,True,Available,4.3,Regular
P001870,MOD-BRE-SAN-2000,Modern Bread Loaf Whole Wheat Sandwich 200.0 g,Modern,Popular,"Dairy, Bread & Eggs",Bread,Bread Loaf,Whole Wheat,Sandwich,Not Applicable,g,200.0,22,15.97,10.64,27.4,5,Ambient,0,False,Available,4.3,Regular
P001871,ENG-BRE-GAR-2000-1,English Oven Bread Loaf Multigrain Garlic 200.0 g,English Oven,Popular,"Dairy, Bread & Eggs",Bread,Bread Loaf,Multigrain,Garlic,Not Applicable,g,200.0,27,26.17,17.33,3.1,5,Ambient,0,False,Available,4.6,Regular
P001872,AAS-CHA-SHA-10-3,Aashirvaad Chakki Atta Maida Sharbati 1.0 kg,Aashirvaad,Premium,Staples & Grocery,Atta,Chakki Atta,Maida,Sharbati,Not Applicable,kg,1.0,79,71.81,51.32,9.1,90,Ambient,0,False,Available,4.5,Regular
P001873,PAM-DIA-ALO-720-1,Pampers Diapers Pant Style Aloe Vera Enriched 72.0 pack,Pampers,Premium,Baby Care,Baby Diapers & Wipes,Diapers,Pant Style,Aloe Vera Enriched,Not Applicable,pack,72.0,895,710.86,503.71,20.6,1095,Ambient,12,False,Available,4.8,Regular
P001874,HUG-DIA-STA-300-1,Huggies Diapers Taped Standard 30.0 pack,Huggies,Popular,Baby Care,Baby Diapers & Wipes,Diapers,Taped,Standard,Not Applicable,pack,30.0,509,506.43,366.2,0.5,1095,Ambient,12,False,Available,4.5,New Arrival
P001875,LAY-CHI-FRI-1500-7,Lay's Corn Chips Fried Magic Masala 150.0 g,Lay's,Popular,Snacks,Munchies,Chips,Corn Chips,Fried,Magic Masala,g,150.0,75,62.72,47.33,16.4,180,Ambient,12,False,Available,4.4,Regular
P001876,PAT-CHA-GLU-50-1,Patanjali Chakki Atta Maida Gluten Free 5.0 kg,Patanjali,Budget,Staples & Grocery,Atta,Chakki Atta,Maida,Gluten Free,Not Applicable,kg,5.0,239,197.25,136.45,17.5,90,Ambient,0,False,Available,4.2,Regular
P001877,NIV-FAC-ANT-300-4,Nivea Face Serum Liquid Serum Anti-Acne Hyaluronic Acid 30.0 ml,Nivea,Popular,Beauty & Personal Care,Skin Care,Face Serum,Liquid Serum,Anti-Acne,Hyaluronic Acid,ml,30.0,429,387.98,196.69,9.6,730,Ambient,18,False,Available,4.5,Regular
P001878,FAR-TOM-ORG-5000-2,Farm Fresh Tomato Cherry Organic 500.0 g,Farm Fresh,Popular,Fruits & Vegetables,Fresh Vegetables,Tomato,Cherry,Organic,Not Applicable,g,500.0,29,23.21,18.3,19.9,4,Ambient,0,True,Available,4.4,Regular
P001879,LIZ-DET-HAN-10-7,Lizol Detergent Pods Hand Wash Lemon 1.0 L,Lizol,Popular,Household Essentials,Cleaning Essentials,Detergent,Pods,Hand Wash,Lemon,L,1.0,315,304.07,241.03,3.5,730,Ambient,18,False,Available,4.4,Regular
P001880,AKS-MIL-FUL-10-1,Akshayakalpa A2 Milk Full Cream Plain 1.0 L,Akshayakalpa,Premium,"Dairy, Bread & Eggs",Milk,Milk,A2 Milk,Full Cream,Plain,L,1.0,55,44.35,33.65,19.4,2,Refrigerated,0,True,Available,4.8,Regular
P001881,NAT-CHA-GLU-12-2,Nature Fresh Chakki Atta Wheat Gluten Free 1.2 kg,Nature Fresh,Popular,Staples & Grocery,Atta,Chakki Atta,Wheat,Gluten Free,Not Applicable,kg,1.2,65,55.24,43.81,15.0,90,Ambient,0,False,Available,4.4,Regular
P001882,NAT-CHA-GLU-10-3,Nature Fresh Chakki Atta Multigrain Gluten Free 1.0 kg,Nature Fresh,Popular,Staples & Grocery,Atta,Chakki Atta,Multigrain,Gluten Free,Not Applicable,kg,1.0,49,45.85,36.65,6.4,90,Ambient,0,False,Available,4.3,Regular
P001883,NAT-CHA-SHA-200-2,Nature Fresh Chakki Atta Multigrain Sharbati 20.0 kg,Nature Fresh,Popular,Staples & Grocery,Atta,Chakki Atta,Multigrain,Sharbati,Not Applicable,kg,20.0,1299,1256.31,953.27,3.3,90,Ambient,0,False,Available,4.4,Regular
P001884,BEV-COF-DEC-500-10,Bevzilla Coffee Powder Instant Decaf Vanilla 50.0 g,Bevzilla,Premium,Beverages,Coffee,Coffee Powder,Instant,Decaf,Vanilla,g,50.0,135,112.93,88.7,16.3,365,Ambient,18,False,Available,4.6,Regular
P001885,GAR-FAC-HYD-500-6,Garnier Face Serum Gel Hydrating Niacinamide 50.0 ml,Garnier,Budget,Beauty & Personal Care,Skin Care,Face Serum,Gel,Hydrating,Niacinamide,ml,50.0,879,825.33,476.81,6.1,730,Ambient,18,False,Available,4.2,Regular
P001886,ITC-FRI-VEG-7500-6,ITC Master Chef Fries & Bites Cheese Balls Veg Classic 750.0 g,ITC Master Chef,Popular,Frozen Foods,Frozen Snacks,Fries & Bites,Cheese Balls,Veg,Classic,g,750.0,315,307.74,226.77,2.3,180,Frozen,18,True,Available,4.4,Regular
P001887,BRU-COF-GOL-1000-10,Bru Coffee Powder Filter Gold Hazelnut 100.0 g,Bru,Popular,Beverages,Coffee,Coffee Powder,Filter,Gold,Hazelnut,g,100.0,259,188.72,135.19,27.1,365,Ambient,18,False,Available,4.3,Regular
P001888,MAM-FAC-HYD-62,Mamaearth Face Serum Liquid Serum Hydrating Niacinamide 62 ml,Mamaearth,Popular,Beauty & Personal Care,Skin Care,Face Serum,Liquid Serum,Hydrating,Niacinamide,ml,62.0,909,871.61,583.67,4.1,730,Ambient,18,False,Available,4.5,Regular
P001889,PHI-BAT-BUT-20,Philips Batteries Rechargeable Button Cell 2.0 pack,Philips,Premium,Household Essentials,Electronics,Batteries,Rechargeable,Button Cell,Not Applicable,pack,2.0,59,49.96,38.69,15.3,3650,Ambient,18,False,Available,4.7,Regular
P001890,AAS-CHA-SEL-100-3,Aashirvaad Chakki Atta Besan Select 10.0 kg,Aashirvaad,Premium,Staples & Grocery,Atta,Chakki Atta,Besan,Select,Not Applicable,kg,10.0,529,441.15,315.11,16.6,90,Ambient,0,False,Available,4.5,Regular
P001891,UNB-ONI-REG-150-1,Unbranded Onion Sambhar Regular 15.0 kg,Unbranded,Budget,Fruits & Vegetables,Fresh Vegetables,Onion,Sambhar,Regular,Not Applicable,kg,15.0,625,407.66,343.12,34.8,4,Ambient,0,True,Available,4.2,Regular
P001892,UNB-ONI-PRE-150-1,Unbranded Onion Red Premium Grade 15.0 kg,Unbranded,Budget,Fruits & Vegetables,Fresh Vegetables,Onion,Red,Premium Grade,Not Applicable,kg,15.0,639,597.34,462.89,6.5,4,Ambient,0,True,Low Stock,4.0,Regular
P001893,BRU-COF-GOL-500-11,Bru Coffee Powder Filter Gold Mocha 50.0 g,Bru,Popular,Beverages,Coffee,Coffee Powder,Filter,Gold,Mocha,g,50.0,109,96.4,68.66,11.6,365,Ambient,18,False,Available,4.4,Regular
P001894,LIC-CHI-SKI-2500-4,Licious Chicken Wings Skinless 250.0 g,Licious,Premium,Meat & Fish,Chicken,Chicken,Wings,Skinless,Not Applicable,g,250.0,119,116.53,79.85,2.1,3,Refrigerated,5,True,Available,4.8,Regular
P001895,AMU-FRI-VEG-4000-3,Amul Fries & Bites Nuggets Veg Classic 400.0 g,Amul,Popular,Frozen Foods,Frozen Snacks,Fries & Bites,Nuggets,Veg,Classic,g,400.0,149,102.57,66.83,31.2,180,Frozen,18,True,Available,4.4,Regular
P001896,PAT-CHA-GLU-50-2,Patanjali Chakki Atta Wheat Gluten Free 5.0 kg,Patanjali,Budget,Staples & Grocery,Atta,Chakki Atta,Wheat,Gluten Free,Not Applicable,kg,5.0,299,257.78,169.54,13.8,90,Ambient,0,False,Available,3.9,New Arrival
P001897,HAL-CHI-BAK-300-7,Haldiram's Corn Chips Baked Classic Salted 30.0 g,Haldiram's,Popular,Snacks,Munchies,Chips,Corn Chips,Baked,Classic Salted,g,30.0,14,13.85,10.85,1.1,180,Ambient,12,False,Available,4.3,Regular
P001898,BRU-COF-DEC-62-1,Bru Coffee Powder Instant Decaf Hazelnut 62 g,Bru,Popular,Beverages,Coffee,Coffee Powder,Instant,Decaf,Hazelnut,g,62.0,175,168.29,109.78,3.8,365,Ambient,18,False,Available,4.6,Regular
P001899,SUR-DET-FRO-10-7,Surf Excel Detergent Powder Front Load Lemon 1.0 kg,Surf Excel,Premium,Household Essentials,Cleaning Essentials,Detergent,Powder,Front Load,Lemon,kg,1.0,185,159.99,122.77,13.5,730,Ambient,18,False,Available,4.9,Regular
P001900,NES-COF-CLA-1000-10,Nescafé Coffee Powder Instant Classic Hazelnut 100.0 g,Nescafé,Popular,Beverages,Coffee,Coffee Powder,Instant,Classic,Hazelnut,g,100.0,205,186.85,131.81,8.9,365,Ambient,18,False,Out Of Stock,4.5,Regular
P001901,KUR-CHI-FRI-900-7,Kurkure Chips Extruded Snacks Fried Magic Masala 90.0 g,Kurkure,Popular,Snacks,Munchies,Chips,Extruded Snacks,Fried,Magic Masala,g,90.0,45,41.33,29.12,8.2,180,Ambient,12,False,Available,4.4,Regular
P001902,NES-COF-DEC-500-8,Nescafé Coffee Powder Filter Decaf Hazelnut 50.0 g,Nescafé,Popular,Beverages,Coffee,Coffee Powder,Filter,Decaf,Hazelnut,g,50.0,115,107.96,79.83,6.1,365,Ambient,18,False,Available,4.5,Regular
P001903,THE-BRE-GAR-2000,The Health Factory Bread Loaf White Garlic 200.0 g,The Health Factory,Premium,"Dairy, Bread & Eggs",Bread,Bread Loaf,White,Garlic,Not Applicable,g,200.0,24,15.87,12.32,33.9,5,Ambient,0,False,Available,4.8,Regular
P001904,PAT-CHA-GLU-75,Patanjali Chakki Atta Besan Gluten Free 7.5 kg,Patanjali,Budget,Staples & Grocery,Atta,Chakki Atta,Besan,Gluten Free,Not Applicable,kg,7.5,415,331.79,224.13,20.1,90,Ambient,0,False,Available,4.2,Seasonal
P001905,NIV-FAC-ANT-300-5,Nivea Face Serum Liquid Serum Anti-Acne Niacinamide 30.0 ml,Nivea,Popular,Beauty & Personal Care,Skin Care,Face Serum,Liquid Serum,Anti-Acne,Niacinamide,ml,30.0,659,603.53,410.6,8.4,730,Ambient,18,False,Low Stock,4.4,Regular
P001906,PRI-CHI-ROA-900-8,Pringles Chips Nachos Roasted Tomato 90.0 g,Pringles,Premium,Snacks,Munchies,Chips,Nachos,Roasted,Tomato,g,90.0,39,36.23,27.96,7.1,180,Ambient,12,False,Available,4.5,Regular
P001907,REL-CHI-ANT-10-3,Relish Chicken Wings Antibiotic Free 1.0 kg,Relish,Popular,Meat & Fish,Chicken,Chicken,Wings,Antibiotic Free,Not Applicable,kg,1.0,339,328.67,238.12,3.0,3,Refrigerated,5,True,Available,4.2,Regular
P001908,BIN-CHI-FRI-900-10,Bingo Chips Nachos Fried Magic Masala 90.0 g,Bingo,Budget,Snacks,Munchies,Chips,Nachos,Fried,Magic Masala,g,90.0,39,36.25,28.88,7.0,180,Ambient,12,False,Available,4.1,Regular
P001909,KUR-CHI-ROA-1500-7,Kurkure Potato Chips Roasted Cheese 150.0 g,Kurkure,Popular,Snacks,Munchies,Chips,Potato Chips,Roasted,Cheese,g,150.0,59,57.15,39.85,3.1,180,Ambient,12,False,Available,4.6,Regular
P001910,PHI-BAT-AA-20-1,Philips Batteries Alkaline AA 2.0 pack,Philips,Premium,Household Essentials,Electronics,Batteries,Alkaline,AA,Not Applicable,pack,2.0,29,28.13,19.17,3.0,3650,Ambient,18,False,Available,4.7,New Arrival
P001911,MCC-FRI-VEG-7500-6,McCain Fries & Bites Aloo Tikki Veg Classic 750.0 g,McCain,Premium,Frozen Foods,Frozen Snacks,Fries & Bites,Aloo Tikki,Veg,Classic,g,750.0,299,263.33,174.59,11.9,180,Frozen,18,True,Available,4.7,Regular
P001912,AAS-CHA-GLU-50-3,Aashirvaad Chakki Atta Maida Gluten Free 5.0 kg,Aashirvaad,Premium,Staples & Grocery,Atta,Chakki Atta,Maida,Gluten Free,Not Applicable,kg,5.0,329,308.61,225.03,6.2,90,Ambient,0,False,Available,4.8,Regular
P001913,BIN-CHI-FRI-1500-5,Bingo Corn Chips Fried Tomato 150.0 g,Bingo,Budget,Snacks,Munchies,Chips,Corn Chips,Fried,Tomato,g,150.0,65,57.64,45.55,11.3,180,Ambient,12,False,Available,3.8,Regular
P001914,ZES-APP-REG-40,Zespri Apple Royal Gala Regular 4.0 pc,Zespri,Premium,Fruits & Vegetables,Fresh Fruits,Apple,Royal Gala,Regular,Not Applicable,pc,4.0,129,119.59,93.48,7.3,5,Refrigerated,0,True,Available,4.7,Regular
P001915,NAT-CHA-GLU-100-3,Nature Fresh Chakki Atta Maida Gluten Free 10.0 kg,Nature Fresh,Popular,Staples & Grocery,Atta,Chakki Atta,Maida,Gluten Free,Not Applicable,kg,10.0,475,419.1,306.27,11.8,90,Ambient,0,False,Discontinued,4.5,Regular
P001916,GAR-FAC-HYD-500-7,Garnier Face Serum Liquid Serum Hydrating Niacinamide 50.0 ml,Garnier,Budget,Beauty & Personal Care,Skin Care,Face Serum,Liquid Serum,Hydrating,Niacinamide,ml,50.0,919,750.1,394.24,18.4,730,Ambient,18,False,Available,4.3,Seasonal
P001917,PAT-CHA-SEL-100-3,Patanjali Chakki Atta Multigrain Select 10.0 kg,Patanjali,Budget,Staples & Grocery,Atta,Chakki Atta,Multigrain,Select,Not Applicable,kg,10.0,499,345.15,272.5,30.8,90,Ambient,0,False,Available,4.2,Regular
P001918,KUR-CHI-FRI-300-7,Kurkure Chips Nachos Fried Magic Masala 30.0 g,Kurkure,Popular,Snacks,Munchies,Chips,Nachos,Fried,Magic Masala,g,30.0,17,14.61,10.55,14.1,180,Ambient,12,False,Available,4.4,Regular
P001919,PUM-BAS-COT-30,Puma Basic Wear T-Shirts Cotton 3.0 pack,Puma,Premium,Fashion & Lifestyle,Apparel & Accessories,Basic Wear,T-Shirts,Cotton,Not Applicable,pack,3.0,449,306.46,201.15,31.7,3650,Ambient,12,False,Available,4.9,Regular
P001920,BIN-CHI-FRI-1500-6,Bingo Chips Nachos Fried Cream & Onion 150.0 g,Bingo,Budget,Snacks,Munchies,Chips,Nachos,Fried,Cream & Onion,g,150.0,89,81.36,57.68,8.6,180,Ambient,12,False,Available,4.3,Regular
P001921,KUR-CHI-ROA-900-6,Kurkure Chips Extruded Snacks Roasted Magic Masala 90.0 g,Kurkure,Popular,Snacks,Munchies,Chips,Extruded Snacks,Roasted,Magic Masala,g,90.0,45,38.53,26.04,14.4,180,Ambient,12,False,Low Stock,4.2,New Arrival
P001922,FOR-CHA-GLU-12,Fortune Chakki Atta Multigrain Gluten Free 1.2 kg,Fortune,Popular,Staples & Grocery,Atta,Chakki Atta,Multigrain,Gluten Free,Not Applicable,kg,1.2,89,85.31,58.97,4.1,90,Ambient,0,False,Available,4.2,Regular
P001923,MOD-BRE-SAN-2000-1,Modern Bread Loaf Brown Sandwich 200.0 g,Modern,Popular,"Dairy, Bread & Eggs",Bread,Bread Loaf,Brown,Sandwich,Not Applicable,g,200.0,26,23.49,16.57,9.6,5,Ambient,0,False,Available,4.4,Regular
P001924,KUR-CHI-BAK-900-5,Kurkure Chips Extruded Snacks Baked Magic Masala 90.0 g,Kurkure,Popular,Snacks,Munchies,Chips,Extruded Snacks,Baked,Magic Masala,g,90.0,45,35.3,23.75,21.6,180,Ambient,12,False,Available,4.5,Regular
P001925,THE-FAC-HYD-500-7,The Derma Co Face Serum Liquid Serum Hydrating Vitamin C 50.0 ml,The Derma Co,Premium,Beauty & Personal Care,Skin Care,Face Serum,Liquid Serum,Hydrating,Vitamin C,ml,50.0,829,754.74,419.33,9.0,730,Ambient,18,False,Available,4.6,Regular
P001926,MEI-CHI-WIT-5000-3,Meister Chicken Boneless With Skin 500.0 g,Meister,Popular,Meat & Fish,Chicken,Chicken,Boneless,With Skin,Not Applicable,g,500.0,259,244.21,186.46,5.7,3,Refrigerated,5,True,Available,4.4,Regular
P001927,THE-BRE-GAR-2000-1,The Health Factory Bread Loaf Multigrain Garlic 200.0 g,The Health Factory,Premium,"Dairy, Bread & Eggs",Bread,Bread Loaf,Multigrain,Garlic,Not Applicable,g,200.0,24,20.81,14.48,13.3,5,Ambient,0,False,Available,4.7,Regular
P001928,NES-COF-DEC-500-9,Nescafé Coffee Powder Roast & Ground Decaf Hazelnut 50.0 g,Nescafé,Popular,Beverages,Coffee,Coffee Powder,Roast & Ground,Decaf,Hazelnut,g,50.0,129,117.7,80.8,8.8,365,Ambient,18,False,Available,4.3,Regular
P001929,DUR-BAT-9V-40-1,Duracell Batteries Alkaline 9V 4.0 pack,Duracell,Premium,Household Essentials,Electronics,Batteries,Alkaline,9V,Not Applicable,pack,4.0,139,136.7,100.13,1.7,3650,Ambient,18,False,Available,4.6,Regular
P001930,NAN-MIL-ORG-5000-1,Nandini Buffalo Milk Organic Plain 500.0 ml,Nandini,Budget,"Dairy, Bread & Eggs",Milk,Milk,Buffalo Milk,Organic,Plain,ml,500.0,30,26.89,20.95,10.4,2,Refrigerated,0,True,Discontinued,4.1,Regular
P001931,EVE-BAT-AA-20-1,Eveready Batteries Rechargeable AA 2.0 pack,Eveready,Budget,Household Essentials,Electronics,Batteries,Rechargeable,AA,Not Applicable,pack,2.0,29,26.27,18.8,9.4,3650,Ambient,18,False,Available,4.2,Seasonal
P001932,NES-COF-DEC-300-1,Nescafé Coffee Powder Filter Decaf Vanilla 300 g,Nescafé,Popular,Beverages,Coffee,Coffee Powder,Filter,Decaf,Vanilla,g,300.0,635,439.82,314.41,30.7,365,Ambient,18,False,Available,4.3,Regular
P001933,NES-COF-GOL-500-9,Nescafé Coffee Powder Instant Gold Original 50.0 g,Nescafé,Popular,Beverages,Coffee,Coffee Powder,Instant,Gold,Original,g,50.0,129,124.66,96.84,3.4,365,Ambient,18,False,Out Of Stock,4.5,Seasonal
P001934,PRI-CHI-ROA-1500-5,Pringles Potato Chips Roasted Cheese 150.0 g,Pringles,Premium,Snacks,Munchies,Chips,Potato Chips,Roasted,Cheese,g,150.0,59,57.21,38.4,3.0,180,Ambient,12,False,Available,4.6,Regular
P001935,FAS-BAS-POL-30-1,Fastrack Basic Wear Wallet Polyester 3.0 pack,Fastrack,Popular,Fashion & Lifestyle,Apparel & Accessories,Basic Wear,Wallet,Polyester,Not Applicable,pack,3.0,389,353.0,251.52,9.3,3650,Ambient,12,False,Available,4.3,Regular
P001936,KUR-CHI-ROA-1500-8,Kurkure Chips Extruded Snacks Roasted Cheese 150.0 g,Kurkure,Popular,Snacks,Munchies,Chips,Extruded Snacks,Roasted,Cheese,g,150.0,49,48.11,34.82,1.8,180,Ambient,12,False,Available,4.5,Seasonal
P001937,NAN-MIL-SKI-10-1,Nandini Buffalo Milk Skimmed Plain 1.0 L,Nandini,Budget,"Dairy, Bread & Eggs",Milk,Milk,Buffalo Milk,Skimmed,Plain,L,1.0,69,58.81,39.11,14.8,2,Refrigerated,0,True,Available,4.3,Regular
P001938,AMU-FRI-VEG-7500-8,Amul Fries & Bites French Fries Veg Masala 750.0 g,Amul,Popular,Frozen Foods,Frozen Snacks,Fries & Bites,French Fries,Veg,Masala,g,750.0,319,227.11,164.62,28.8,180,Frozen,18,True,Available,4.4,Regular
P001939,FOR-CHA-SHA-100-2,Fortune Chakki Atta Maida Sharbati 10.0 kg,Fortune,Popular,Staples & Grocery,Atta,Chakki Atta,Maida,Sharbati,Not Applicable,kg,10.0,519,494.97,347.84,4.6,90,Ambient,0,False,Available,4.5,Regular
P001940,ARI-DET-FRO-10-8,Ariel Detergent Powder Front Load Lemon 1.0 L,Ariel,Premium,Household Essentials,Cleaning Essentials,Detergent,Powder,Front Load,Lemon,L,1.0,259,220.56,163.88,14.8,730,Ambient,18,False,Low Stock,4.8,Regular
P001941,LAY-CHI-BAK-900-11,Lay's Corn Chips Baked Cheese 90.0 g,Lay's,Popular,Snacks,Munchies,Chips,Corn Chips,Baked,Cheese,g,90.0,29,25.45,19.57,12.2,180,Ambient,12,False,Available,4.3,Regular
P001942,DUR-BAT-9V-20-2,Duracell Batteries Rechargeable 9V 2.0 pack,Duracell,Premium,Household Essentials,Electronics,Batteries,Rechargeable,9V,Not Applicable,pack,2.0,65,53.76,42.04,17.3,3650,Ambient,18,False,Available,4.6,Regular
P001943,BIN-CHI-FRI-1500-7,Bingo Corn Chips Fried Cheese 150.0 g,Bingo,Budget,Snacks,Munchies,Chips,Corn Chips,Fried,Cheese,g,150.0,85,71.66,50.46,15.7,180,Ambient,12,False,Available,3.8,Regular
P001944,MAM-DIA-STA-330,MamyPoko Diapers Taped Standard 33.0 pack,MamyPoko,Popular,Baby Care,Baby Diapers & Wipes,Diapers,Taped,Standard,Not Applicable,pack,33.0,1499,1362.67,929.13,9.1,1095,Ambient,12,False,Discontinued,4.6,Regular
P001945,PUR-PET-SEN-12-1,Purepet Pet Food Wet Gravy Senior Liver 1.2 kg,Purepet,Budget,Pet Care,Dog & Cat Food,Pet Food,Wet Gravy,Senior,Liver,kg,1.2,389,335.96,267.11,13.6,540,Ambient,18,False,Available,4.1,Regular
P001946,NIV-FAC-BRI-300-5,Nivea Face Serum Gel Brightening Hyaluronic Acid 30.0 ml,Nivea,Popular,Beauty & Personal Care,Skin Care,Face Serum,Gel,Brightening,Hyaluronic Acid,ml,30.0,779,661.57,427.18,15.1,730,Ambient,18,False,Available,4.6,Regular
P001947,AAS-CHA-SHA-150-2,Aashirvaad Chakki Atta Besan Sharbati 15.0 kg,Aashirvaad,Premium,Staples & Grocery,Atta,Chakki Atta,Besan,Sharbati,Not Applicable,kg,15.0,1059,896.15,706.24,15.4,90,Ambient,0,False,Available,4.8,Regular
P001948,HAL-CHI-ROA-300-8,Haldiram's Corn Chips Roasted Cheese 30.0 g,Haldiram's,Popular,Snacks,Munchies,Chips,Corn Chips,Roasted,Cheese,g,30.0,14,13.63,10.4,2.6,180,Ambient,12,False,Available,4.5,Regular
P001949,UNB-TOM-REG-1500-1,Unbranded Tomato Local Regular 1500 g,Unbranded,Budget,Fruits & Vegetables,Fresh Vegetables,Tomato,Local,Regular,Not Applicable,g,1500.0,59,38.91,29.74,34.0,4,Ambient,0,True,Available,3.9,Regular
P001950,UNB-BAS-LEA-10,Unbranded Basic Wear Wallet Leather 1.0 pc,Unbranded,Budget,Fashion & Lifestyle,Apparel & Accessories,Basic Wear,Wallet,Leather,Not Applicable,pc,1.0,769,678.46,443.1,11.8,3650,Ambient,12,False,Available,3.9,Regular
P001951,NES-COF-CLA-500-7,Nescafé Coffee Powder Instant Classic Mocha 50.0 g,Nescafé,Popular,Beverages,Coffee,Coffee Powder,Instant,Classic,Mocha,g,50.0,99,95.32,65.77,3.7,365,Ambient,18,False,Low Stock,4.6,Regular
P001952,THE-FAC-BRI-300-6,The Derma Co Face Serum Liquid Serum Brightening Salicylic Acid 30.0 ml,The Derma Co,Premium,Beauty & Personal Care,Skin Care,Face Serum,Liquid Serum,Brightening,Salicylic Acid,ml,30.0,759,592.11,378.62,22.0,730,Ambient,18,False,Available,4.6,Regular
P001953,NAN-MIL-LAC-10-2,Nandini A2 Milk Lactose Free Plain 1.0 L,Nandini,Budget,"Dairy, Bread & Eggs",Milk,Milk,A2 Milk,Lactose Free,Plain,L,1.0,59,56.75,41.34,3.8,2,Refrigerated,0,True,Available,3.8,Regular
P001954,UNB-ONI-PRE-10-1,Unbranded Onion Red Premium Grade 1.0 kg,Unbranded,Budget,Fruits & Vegetables,Fresh Vegetables,Onion,Red,Premium Grade,Not Applicable,kg,1.0,55,49.22,37.95,10.5,4,Ambient,0,True,Available,3.8,Regular
P001955,EGG-EGG-OME-60,Eggoz Country Eggs Omega-3 Rich 6.0 pc,Eggoz,Popular,"Dairy, Bread & Eggs",Eggs,Eggs,Country Eggs,Omega-3 Rich,Not Applicable,pc,6.0,59,57.7,42.04,2.2,21,Refrigerated,0,True,Available,4.2,Regular
P001956,NIV-FAC-ANT-300-6,Nivea Face Serum Gel Anti-Acne Vitamin C 30.0 ml,Nivea,Popular,Beauty & Personal Care,Skin Care,Face Serum,Gel,Anti-Acne,Vitamin C,ml,30.0,635,584.25,373.92,8.0,730,Ambient,18,False,Available,4.2,Regular
P001957,JOC-BAS-POL-30-1,Jockey Basic Wear Socks Polyester 3.0 pack,Jockey,Premium,Fashion & Lifestyle,Apparel & Accessories,Basic Wear,Socks,Polyester,Not Applicable,pack,3.0,469,379.66,262.73,19.0,3650,Ambient,12,False,Available,4.7,Regular
P001958,PAM-DIA-ALO-300-1,Pampers Diapers Pant Style Aloe Vera Enriched 30.0 pack,Pampers,Premium,Baby Care,Baby Diapers & Wipes,Diapers,Pant Style,Aloe Vera Enriched,Not Applicable,pack,30.0,479,440.94,310.76,7.9,1095,Ambient,12,False,Available,4.8,Regular
P001959,FAS-BAS-CAN-30-1,Fastrack Basic Wear Socks Canvas 3.0 pack,Fastrack,Popular,Fashion & Lifestyle,Apparel & Accessories,Basic Wear,Socks,Canvas,Not Applicable,pack,3.0,695,651.5,481.41,6.3,3650,Ambient,12,False,Available,4.3,Regular
P001960,THE-BRE-FRU-2000,The Health Factory Bread Loaf Brown Fruit 200.0 g,The Health Factory,Premium,"Dairy, Bread & Eggs",Bread,Bread Loaf,Brown,Fruit,Not Applicable,g,200.0,29,25.15,18.3,13.3,5,Ambient,0,False,Available,4.6,Regular
P001961,HUG-DIA-PRE-720,Huggies Diapers Taped Premium Care 72.0 pack,Huggies,Popular,Baby Care,Baby Diapers & Wipes,Diapers,Taped,Premium Care,Not Applicable,pack,72.0,1039,973.32,700.96,6.3,1095,Ambient,12,False,Available,4.3,Regular
P001962,BAK-BRE-FRU-2000-2,Baker's Loaf Bread Loaf White Fruit 200.0 g,Baker's Loaf,Popular,"Dairy, Bread & Eggs",Bread,Bread Loaf,White,Fruit,Not Applicable,g,200.0,30,21.74,15.35,27.5,5,Ambient,0,False,Available,4.2,Regular
P001963,BIN-CHI-FRI-1500-8,Bingo Chips Nachos Fried Magic Masala 150.0 g,Bingo,Budget,Snacks,Munchies,Chips,Nachos,Fried,Magic Masala,g,150.0,99,87.3,69.75,11.8,180,Ambient,12,False,Available,4.2,Regular
P001964,PRI-CHI-ROA-300-2,Pringles Potato Chips Roasted Classic Salted 30.0 g,Pringles,Premium,Snacks,Munchies,Chips,Potato Chips,Roasted,Classic Salted,g,30.0,15,13.88,10.73,7.5,180,Ambient,12,False,Available,4.8,Regular
P001965,MAM-FAC-ANT-500-5,Mamaearth Face Serum Liquid Serum Anti-Acne Niacinamide 50.0 ml,Mamaearth,Popular,Beauty & Personal Care,Skin Care,Face Serum,Liquid Serum,Anti-Acne,Niacinamide,ml,50.0,869,821.44,433.39,5.5,730,Ambient,18,False,Available,4.3,Regular
P001966,AMU-FRI-CHI-7500-10,Amul Fries & Bites French Fries Chicken Classic 750.0 g,Amul,Popular,Frozen Foods,Frozen Snacks,Fries & Bites,French Fries,Chicken,Classic,g,750.0,329,299.02,230.53,9.1,180,Frozen,18,True,Available,4.2,Regular
P001967,PUR-PET-WEI-12,Purepet Pet Food Treats Weight Management Chicken 1.2 kg,Purepet,Budget,Pet Care,Dog & Cat Food,Pet Food,Treats,Weight Management,Chicken,kg,1.2,269,202.8,152.95,24.6,540,Ambient,18,False,Available,4.2,Regular
P001968,ITC-FRI-CHI-4000-8,ITC Master Chef Fries & Bites Cheese Balls Chicken Classic 400.0 g,ITC Master Chef,Popular,Frozen Foods,Frozen Snacks,Fries & Bites,Cheese Balls,Chicken,Classic,g,400.0,165,151.1,99.86,8.4,180,Frozen,18,True,Available,4.3,Regular
P001969,HAL-CHI-BAK-300-8,Haldiram's Chips Extruded Snacks Baked Magic Masala 30.0 g,Haldiram's,Popular,Snacks,Munchies,Chips,Extruded Snacks,Baked,Magic Masala,g,30.0,17,16.72,12.89,1.6,180,Ambient,12,False,Available,4.4,Regular
P001970,BRU-COF-CLA-1000-9,Bru Coffee Powder Filter Classic Vanilla 100.0 g,Bru,Popular,Beverages,Coffee,Coffee Powder,Filter,Classic,Vanilla,g,100.0,185,163.58,114.61,11.6,365,Ambient,18,False,Available,4.3,Regular
P001971,BIN-CHI-ROA-1500-7,Bingo Chips Extruded Snacks Roasted Cream & Onion 150.0 g,Bingo,Budget,Snacks,Munchies,Chips,Extruded Snacks,Roasted,Cream & Onion,g,150.0,85,78.74,55.96,7.4,180,Ambient,12,False,Low Stock,4.0,Regular
P001972,PAT-CHA-SEL-10-1,Patanjali Chakki Atta Multigrain Select 1.0 kg,Patanjali,Budget,Staples & Grocery,Atta,Chakki Atta,Multigrain,Select,Not Applicable,kg,1.0,69,64.76,49.25,6.1,90,Ambient,0,False,Available,4.3,Regular
P001973,ENG-BRE-FRU-4000-2,English Oven Bread Loaf Brown Fruit 400.0 g,English Oven,Popular,"Dairy, Bread & Eggs",Bread,Bread Loaf,Brown,Fruit,Not Applicable,g,400.0,59,43.92,33.12,25.6,5,Ambient,0,False,Available,4.5,Regular
P001974,REL-CHI-WIT-10-2,Relish Chicken Curry Cut With Skin 1.0 kg,Relish,Popular,Meat & Fish,Chicken,Chicken,Curry Cut,With Skin,Not Applicable,kg,1.0,505,438.57,330.59,13.2,3,Refrigerated,5,True,Available,4.4,Seasonal
P001975,AAS-CHA-SEL-15-2,Aashirvaad Chakki Atta Besan Select 1.5 kg,Aashirvaad,Premium,Staples & Grocery,Atta,Chakki Atta,Besan,Select,Not Applicable,kg,1.5,109,108.97,71.81,0.0,90,Ambient,0,False,Available,4.5,Regular
P001976,MIN-FAC-ANT-300-5,Minimalist Face Serum Gel Anti-Acne Hyaluronic Acid 30.0 ml,Minimalist,Premium,Beauty & Personal Care,Skin Care,Face Serum,Gel,Anti-Acne,Hyaluronic Acid,ml,30.0,559,467.0,313.83,16.5,730,Ambient,18,False,Available,4.7,Regular
P001977,ZES-APP-WAX-40,Zespri Apple Kashmiri Wax Free 4.0 pc,Zespri,Premium,Fruits & Vegetables,Fresh Fruits,Apple,Kashmiri,Wax Free,Not Applicable,pc,4.0,109,89.18,74.0,18.2,5,Refrigerated,0,True,Available,4.8,Regular
P001978,BIN-CHI-ROA-300-9,Bingo Corn Chips Roasted Cheese 30.0 g,Bingo,Budget,Snacks,Munchies,Chips,Corn Chips,Roasted,Cheese,g,30.0,13,11.81,9.41,9.2,180,Ambient,12,False,Available,4.0,Seasonal
P001979,HAL-CHI-ROA-900-11,Haldiram's Chips Extruded Snacks Roasted Cheese 90.0 g,Haldiram's,Popular,Snacks,Munchies,Chips,Extruded Snacks,Roasted,Cheese,g,90.0,39,35.96,24.78,7.8,180,Ambient,12,False,Available,4.5,Regular
P001980,ZES-APP-REG-40-1,Zespri Apple Kashmiri Regular 4.0 pc,Zespri,Premium,Fruits & Vegetables,Fresh Fruits,Apple,Kashmiri,Regular,Not Applicable,pc,4.0,129,119.71,98.47,7.2,5,Refrigerated,0,True,Available,4.5,Regular
P001981,FAR-APP-REG-40-2,Farm Fresh Apple Royal Gala Regular 4.0 pc,Farm Fresh,Popular,Fruits & Vegetables,Fresh Fruits,Apple,Royal Gala,Regular,Not Applicable,pc,4.0,99,90.47,68.38,8.6,5,Refrigerated,0,True,Available,4.4,Regular
P001982,ITC-FRI-VEG-4000-8,ITC Master Chef Fries & Bites Nuggets Veg Spicy 400.0 g,ITC Master Chef,Popular,Frozen Foods,Frozen Snacks,Fries & Bites,Nuggets,Veg,Spicy,g,400.0,215,141.47,96.6,34.2,180,Frozen,18,True,Low Stock,4.4,Regular
P001983,UNB-BAS-COT-30-1,Unbranded Basic Wear Belts Cotton 3.0 pack,Unbranded,Budget,Fashion & Lifestyle,Apparel & Accessories,Basic Wear,Belts,Cotton,Not Applicable,pack,3.0,679,621.06,473.57,8.5,3650,Ambient,12,False,Available,4.3,Regular
P001984,GAR-FAC-ANT-500-5,Garnier Face Serum Gel Anti-Acne Vitamin C 50.0 ml,Garnier,Budget,Beauty & Personal Care,Skin Care,Face Serum,Gel,Anti-Acne,Vitamin C,ml,50.0,829,741.18,510.51,10.6,730,Ambient,18,False,Available,4.0,Regular
P001985,GAR-FAC-ANT-300-6,Garnier Face Serum Liquid Serum Anti-Acne Hyaluronic Acid 30.0 ml,Garnier,Budget,Beauty & Personal Care,Skin Care,Face Serum,Liquid Serum,Anti-Acne,Hyaluronic Acid,ml,30.0,615,526.56,338.66,14.4,730,Ambient,18,False,Available,4.0,Regular
P001986,EGG-EGG-WHI-120,Eggoz Country Eggs White 12.0 pc,Eggoz,Popular,"Dairy, Bread & Eggs",Eggs,Eggs,Country Eggs,White,Not Applicable,pc,12.0,139,124.07,81.07,10.7,21,Refrigerated,0,True,Available,4.5,Regular
P001987,BEV-COF-GOL-500-10,Bevzilla Coffee Powder Filter Gold Hazelnut 50.0 g,Bevzilla,Premium,Beverages,Coffee,Coffee Powder,Filter,Gold,Hazelnut,g,50.0,139,112.95,80.37,18.7,365,Ambient,18,False,Available,4.7,Regular
P001988,DOT-FAC-HYD-300-4,Dot & Key Face Serum Gel Hydrating Hyaluronic Acid 30.0 ml,Dot & Key,Premium,Beauty & Personal Care,Skin Care,Face Serum,Gel,Hydrating,Hyaluronic Acid,ml,30.0,625,458.91,291.15,26.6,730,Ambient,18,False,Available,4.7,Regular
P001989,HAR-DET-FRO-10-7,Harpic Detergent Pods Front Load Lemon 1.0 L,Harpic,Popular,Household Essentials,Cleaning Essentials,Detergent,Pods,Front Load,Lemon,L,1.0,289,266.51,180.53,7.8,730,Ambient,18,False,Available,4.5,New Arrival
P001990,BEN-COL-STA-250-1,Benadryl Cold Relief Syrup Standard Honey 25.0 g,Benadryl,Popular,Pharmacy,Cold & Flu,Cold Relief,Syrup,Standard,Honey,g,25.0,49,47.11,33.89,3.8,730,Ambient,12,False,Low Stock,4.5,Regular
P001991,PAT-CHA-SEL-10-2,Patanjali Chakki Atta Besan Select 1.0 kg,Patanjali,Budget,Staples & Grocery,Atta,Chakki Atta,Besan,Select,Not Applicable,kg,1.0,69,55.5,41.39,19.6,90,Ambient,0,False,Available,4.2,Regular
P001992,MIL-MIL-LAC-5000,Milky Mist Cow Milk Lactose Free Plain 500.0 ml,Milky Mist,Popular,"Dairy, Bread & Eggs",Milk,Milk,Cow Milk,Lactose Free,Plain,ml,500.0,39,29.94,22.51,23.2,2,Refrigerated,0,True,Available,4.3,Seasonal
P001993,LAY-CHI-ROA-1500-10,Lay's Chips Nachos Roasted Cheese 150.0 g,Lay's,Popular,Snacks,Munchies,Chips,Nachos,Roasted,Cheese,g,150.0,75,74.25,48.58,1.0,180,Ambient,12,False,Available,4.3,Regular
P001994,DOL-PAI-AYU-300,Dolo Pain Reliever Gel Ayurvedic 30.0 g,Dolo,Popular,Pharmacy,Pain Relief,Pain Reliever,Gel,Ayurvedic,Not Applicable,g,30.0,119,96.0,79.58,19.3,730,Ambient,12,False,Available,4.5,Regular
P001995,AMU-FRI-VEG-4000-4,Amul Fries & Bites Nuggets Veg Masala 400.0 g,Amul,Popular,Frozen Foods,Frozen Snacks,Fries & Bites,Nuggets,Veg,Masala,g,400.0,159,107.98,73.46,32.1,180,Frozen,18,True,Available,4.5,Regular
P001996,UNB-TOM-ORG-5000-2,Unbranded Tomato Local Organic 500.0 g,Unbranded,Budget,Fruits & Vegetables,Fresh Vegetables,Tomato,Local,Organic,Not Applicable,g,500.0,17,16.16,13.13,4.9,4,Ambient,0,True,Available,4.1,New Arrival
P001997,AKS-MIL-TON-10-2,Akshayakalpa Buffalo Milk Toned Plain 1.0 L,Akshayakalpa,Premium,"Dairy, Bread & Eggs",Milk,Milk,Buffalo Milk,Toned,Plain,L,1.0,89,71.56,47.88,19.6,2,Refrigerated,0,True,Available,4.6,Regular
P001998,FAR-ONI-REG-12,Farm Fresh Onion Sambhar Regular 1.2 kg,Farm Fresh,Popular,Fruits & Vegetables,Fresh Vegetables,Onion,Sambhar,Regular,Not Applicable,kg,1.2,59,55.22,45.09,6.4,4,Ambient,0,True,Available,4.2,Regular
P001999,AKS-MIL-DOU-10-1,Akshayakalpa Buffalo Milk Double Toned Plain 1.0 L,Akshayakalpa,Premium,"Dairy, Bread & Eggs",Milk,Milk,Buffalo Milk,Double Toned,Plain,L,1.0,49,48.77,34.93,0.5,2,Refrigerated,0,True,Available,4.5,Regular
P002000,DRO-PET-ADU-30,Drools Pet Food Treats Adult Ocean Fish 3.0 kg,Drools,Budget,Pet Care,Dog & Cat Food,Pet Food,Treats,Adult,Ocean Fish,kg,3.0,569,482.88,324.63,15.1,540,Ambient,18,False,Available,4.1,Regular
P002001,GAR-FAC-ANT-500-6,Garnier Face Serum Gel Anti-Acne Niacinamide 50.0 ml,Garnier,Budget,Beauty & Personal Care,Skin Care,Face Serum,Gel,Anti-Acne,Niacinamide,ml,50.0,785,655.46,433.8,16.5,730,Ambient,18,False,Available,3.8,Regular
P002002,BRU-COF-DEC-500-11,Bru Coffee Powder Instant Decaf Vanilla 50.0 g,Bru,Popular,Beverages,Coffee,Coffee Powder,Instant,Decaf,Vanilla,g,50.0,129,105.55,77.07,18.2,365,Ambient,18,False,Available,4.6,Seasonal
P002003,PAT-CHA-SEL-300-1,Patanjali Chakki Atta Multigrain Select 30.0 kg,Patanjali,Budget,Staples & Grocery,Atta,Chakki Atta,Multigrain,Select,Not Applicable,kg,30.0,2155,2030.85,1524.02,5.8,90,Ambient,0,False,Available,3.9,Regular
P002004,MAM-FAC-HYD-300-6,Mamaearth Face Serum Liquid Serum Hydrating Niacinamide 30.0 ml,Mamaearth,Popular,Beauty & Personal Care,Skin Care,Face Serum,Liquid Serum,Hydrating,Niacinamide,ml,30.0,629,583.27,317.17,7.3,730,Ambient,18,False,Available,4.5,Regular
P002005,GAR-FAC-HYD-300-7,Garnier Face Serum Gel Hydrating Salicylic Acid 30.0 ml,Garnier,Budget,Beauty & Personal Care,Skin Care,Face Serum,Gel,Hydrating,Salicylic Acid,ml,30.0,779,519.27,321.8,33.3,730,Ambient,18,False,Available,3.9,Regular
P002006,GAR-FAC-ANT-300-7,Garnier Face Serum Gel Anti-Acne Salicylic Acid 30.0 ml,Garnier,Budget,Beauty & Personal Care,Skin Care,Face Serum,Gel,Anti-Acne,Salicylic Acid,ml,30.0,649,558.79,390.2,13.9,730,Ambient,18,False,Available,4.0,Regular
P002007,PRI-CHI-FRI-1500-11,Pringles Potato Chips Fried Tomato 150.0 g,Pringles,Premium,Snacks,Munchies,Chips,Potato Chips,Fried,Tomato,g,150.0,59,53.53,38.13,9.3,180,Ambient,12,False,Available,4.8,Regular
P002008,NES-COF-GOL-500-10,Nescafé Coffee Powder Filter Gold Original 50.0 g,Nescafé,Popular,Beverages,Coffee,Coffee Powder,Filter,Gold,Original,g,50.0,115,80.73,62.16,29.8,365,Ambient,18,False,Available,4.5,Regular
P002009,VIM-DET-HAN-10-6,Vim Detergent Liquid Hand Wash Lavender 1.0 kg,Vim,Popular,Household Essentials,Cleaning Essentials,Detergent,Liquid,Hand Wash,Lavender,kg,1.0,239,228.33,158.18,4.5,730,Ambient,18,False,Available,4.4,Regular
P002010,KUR-CHI-BAK-1500-6,Kurkure Chips Extruded Snacks Baked Magic Masala 150.0 g,Kurkure,Popular,Snacks,Munchies,Chips,Extruded Snacks,Baked,Magic Masala,g,150.0,59,58.56,44.14,0.7,180,Ambient,12,False,Available,4.2,Regular
P002011,PUR-PET-SEN-12-2,Purepet Pet Food Treats Senior Liver 1.2 kg,Purepet,Budget,Pet Care,Dog & Cat Food,Pet Food,Treats,Senior,Liver,kg,1.2,339,273.08,216.85,19.4,540,Ambient,18,False,Available,3.9,Regular
P002012,PRI-CHI-FRI-900-8,Pringles Chips Nachos Fried Classic Salted 90.0 g,Pringles,Premium,Snacks,Munchies,Chips,Nachos,Fried,Classic Salted,g,90.0,35,33.13,22.18,5.3,180,Ambient,12,False,Available,4.9,Regular
P002013,NES-COF-CLA-1000-11,Nescafé Coffee Powder Instant Classic Original 100.0 g,Nescafé,Popular,Beverages,Coffee,Coffee Powder,Instant,Classic,Original,g,100.0,279,245.47,190.36,12.0,365,Ambient,18,False,Available,4.6,Regular
P002014,AAS-CHA-GLU-12,Aashirvaad Chakki Atta Wheat Gluten Free 1.2 kg,Aashirvaad,Premium,Staples & Grocery,Atta,Chakki Atta,Wheat,Gluten Free,Not Applicable,kg,1.2,65,43.03,29.44,33.8,90,Ambient,0,False,Available,4.5,Regular
P002015,PAT-CHA-SHA-10-2,Patanjali Chakki Atta Maida Sharbati 1.0 kg,Patanjali,Budget,Staples & Grocery,Atta,Chakki Atta,Maida,Sharbati,Not Applicable,kg,1.0,75,67.71,52.92,9.7,90,Ambient,0,False,Available,4.3,Regular
P002016,KUR-CHI-ROA-900-7,Kurkure Chips Extruded Snacks Roasted Cheese 90.0 g,Kurkure,Popular,Snacks,Munchies,Chips,Extruded Snacks,Roasted,Cheese,g,90.0,29,23.58,15.84,18.7,180,Ambient,12,False,Available,4.3,Regular
P002017,MCC-FRI-CHI-7500-7,McCain Fries & Bites Cheese Balls Chicken Spicy 750.0 g,McCain,Premium,Frozen Foods,Frozen Snacks,Fries & Bites,Cheese Balls,Chicken,Spicy,g,750.0,229,196.06,151.01,14.4,180,Frozen,18,True,Low Stock,4.8,Regular
P002018,UNB-BAS-POL-30,Unbranded Basic Wear Socks Polyester 3.0 pack,Unbranded,Budget,Fashion & Lifestyle,Apparel & Accessories,Basic Wear,Socks,Polyester,Not Applicable,pack,3.0,535,418.0,273.63,21.9,3650,Ambient,12,False,Available,4.1,Regular
P002019,ZES-APP-WAX-40-1,Zespri Apple Washington Wax Free 4.0 pc,Zespri,Premium,Fruits & Vegetables,Fresh Fruits,Apple,Washington,Wax Free,Not Applicable,pc,4.0,129,109.44,91.24,15.2,5,Refrigerated,0,True,Available,4.6,Regular
P002020,PAT-CHA-SHA-10-3,Patanjali Chakki Atta Wheat Sharbati 1.0 kg,Patanjali,Budget,Staples & Grocery,Atta,Chakki Atta,Wheat,Sharbati,Not Applicable,kg,1.0,79,72.12,53.82,8.7,90,Ambient,0,False,Available,4.3,Regular
P002021,HAL-CHI-ROA-300-9,Haldiram's Chips Extruded Snacks Roasted Classic Salted 30.0 g,Haldiram's,Popular,Snacks,Munchies,Chips,Extruded Snacks,Roasted,Classic Salted,g,30.0,14,13.15,10.34,6.1,180,Ambient,12,False,Available,4.4,Regular
P002022,FAR-APP-REG-20,Farm Fresh Apple Royal Gala Regular 2.0 kg,Farm Fresh,Popular,Fruits & Vegetables,Fresh Fruits,Apple,Royal Gala,Regular,Not Applicable,kg,2.0,495,420.32,317.56,15.1,5,Refrigerated,0,True,Available,4.2,Regular
P002023,MCC-FRI-CHI-4000-8,McCain Fries & Bites Aloo Tikki Chicken Classic 400.0 g,McCain,Premium,Frozen Foods,Frozen Snacks,Fries & Bites,Aloo Tikki,Chicken,Classic,g,400.0,159,147.71,96.86,7.1,180,Frozen,18,True,Available,4.5,Regular
P002024,HAL-CHI-ROA-1500-8,Haldiram's Corn Chips Roasted Tomato 150.0 g,Haldiram's,Popular,Snacks,Munchies,Chips,Corn Chips,Roasted,Tomato,g,150.0,75,70.09,55.39,6.5,180,Ambient,12,False,Low Stock,4.6,Regular
P002025,BEV-COF-CLA-500-9,Bevzilla Coffee Powder Filter Classic Original 50.0 g,Bevzilla,Premium,Beverages,Coffee,Coffee Powder,Filter,Classic,Original,g,50.0,125,123.57,85.86,1.1,365,Ambient,18,False,Available,4.8,Regular
P002026,MAM-DIA-PRE-720-1,MamyPoko Diapers Taped Premium Care 72.0 pack,MamyPoko,Popular,Baby Care,Baby Diapers & Wipes,Diapers,Taped,Premium Care,Not Applicable,pack,72.0,1115,1066.17,850.4,4.4,1095,Ambient,12,False,Available,4.6,Regular
P002027,LAY-CHI-ROA-900-6,Lay's Chips Extruded Snacks Roasted Classic Salted 90.0 g,Lay's,Popular,Snacks,Munchies,Chips,Extruded Snacks,Roasted,Classic Salted,g,90.0,45,36.46,28.92,19.0,180,Ambient,12,False,Available,4.5,Regular
P002028,NIV-FAC-BRI-300-6,Nivea Face Serum Liquid Serum Brightening Hyaluronic Acid 30.0 ml,Nivea,Popular,Beauty & Personal Care,Skin Care,Face Serum,Liquid Serum,Brightening,Hyaluronic Acid,ml,30.0,469,374.55,223.34,20.1,730,Ambient,18,False,Available,4.3,Regular
P002029,UNB-CHI-ANT-2500,Unbranded Chicken Curry Cut Antibiotic Free 250.0 g,Unbranded,Budget,Meat & Fish,Chicken,Chicken,Curry Cut,Antibiotic Free,Not Applicable,g,250.0,109,103.34,73.43,5.2,3,Refrigerated,5,True,Available,3.9,Regular
P002030,MAM-FAC-ANT-500-6,Mamaearth Face Serum Gel Anti-Acne Hyaluronic Acid 50.0 ml,Mamaearth,Popular,Beauty & Personal Care,Skin Care,Face Serum,Gel,Anti-Acne,Hyaluronic Acid,ml,50.0,895,837.13,482.6,6.5,730,Ambient,18,False,Available,4.5,Regular
P002031,LIZ-DET-HAN-10-8,Lizol Detergent Powder Hand Wash Lemon 1.0 L,Lizol,Popular,Household Essentials,Cleaning Essentials,Detergent,Powder,Hand Wash,Lemon,L,1.0,249,234.38,169.27,5.9,730,Ambient,18,False,Available,4.3,Regular
P002032,EVE-BAT-9V-20-1,Eveready Batteries Alkaline 9V 2.0 pack,Eveready,Budget,Household Essentials,Electronics,Batteries,Alkaline,9V,Not Applicable,pack,2.0,79,65.82,49.05,16.7,3650,Ambient,18,False,Available,4.3,Regular
P002033,BRU-COF-CLA-1000-10,Bru Coffee Powder Roast & Ground Classic Hazelnut 100.0 g,Bru,Popular,Beverages,Coffee,Coffee Powder,Roast & Ground,Classic,Hazelnut,g,100.0,305,304.54,234.31,0.1,365,Ambient,18,False,Available,4.4,Regular
P002034,JOC-BAS-COT-30,Jockey Basic Wear Socks Cotton 3.0 pack,Jockey,Premium,Fashion & Lifestyle,Apparel & Accessories,Basic Wear,Socks,Cotton,Not Applicable,pack,3.0,449,302.53,213.8,32.6,3650,Ambient,12,False,Available,4.5,Regular
P002035,KUR-CHI-BAK-1500-7,Kurkure Chips Nachos Baked Magic Masala 150.0 g,Kurkure,Popular,Snacks,Munchies,Chips,Nachos,Baked,Magic Masala,g,150.0,49,46.48,33.9,5.1,180,Ambient,12,False,Available,4.5,Regular
P002036,BRU-COF-CLA-1000-11,Bru Coffee Powder Roast & Ground Classic Original 100.0 g,Bru,Popular,Beverages,Coffee,Coffee Powder,Roast & Ground,Classic,Original,g,100.0,179,175.35,126.09,2.0,365,Ambient,18,False,Available,4.5,Regular
P002037,MAM-FAC-HYD-300-7,Mamaearth Face Serum Gel Hydrating Vitamin C 30.0 ml,Mamaearth,Popular,Beauty & Personal Care,Skin Care,Face Serum,Gel,Hydrating,Vitamin C,ml,30.0,689,683.15,464.53,0.8,730,Ambient,18,False,Low Stock,4.3,Seasonal
P002038,BEV-COF-DEC-1000-7,Bevzilla Coffee Powder Roast & Ground Decaf Original 100.0 g,Bevzilla,Premium,Beverages,Coffee,Coffee Powder,Roast & Ground,Decaf,Original,g,100.0,195,181.16,143.13,7.1,365,Ambient,18,False,Low Stock,4.9,Regular
P002039,HAL-CHI-ROA-1500-9,Haldiram's Potato Chips Roasted Tomato 150.0 g,Haldiram's,Popular,Snacks,Munchies,Chips,Potato Chips,Roasted,Tomato,g,150.0,79,73.41,48.84,7.1,180,Ambient,12,False,Available,4.4,Regular
P002040,HAL-CHI-BAK-1500-9,Haldiram's Potato Chips Baked Cream & Onion 150.0 g,Haldiram's,Popular,Snacks,Munchies,Chips,Potato Chips,Baked,Cream & Onion,g,150.0,109,73.97,59.17,32.1,180,Ambient,12,False,Available,4.4,Regular
P002041,VIC-COL-STA-1000,Vicks Cold Relief Syrup Standard Tulsi 100.0 ml,Vicks,Popular,Pharmacy,Cold & Flu,Cold Relief,Syrup,Standard,Tulsi,ml,100.0,125,123.39,98.91,1.3,730,Ambient,12,False,Available,4.4,Regular
P002042,ITC-FRI-VEG-4000-9,ITC Master Chef Fries & Bites Nuggets Veg Masala 400.0 g,ITC Master Chef,Popular,Frozen Foods,Frozen Snacks,Fries & Bites,Nuggets,Veg,Masala,g,400.0,215,150.44,118.18,30.0,180,Frozen,18,True,Available,4.4,Regular
P002043,BEN-COL-EXT-250-3,Benadryl Cold Relief Syrup Extra Strong Menthol 25.0 g,Benadryl,Popular,Pharmacy,Cold & Flu,Cold Relief,Syrup,Extra Strong,Menthol,g,25.0,75,69.11,57.44,7.9,730,Ambient,12,False,Available,4.4,Regular
P002044,NIV-FAC-HYD-300-4,Nivea Face Serum Gel Hydrating Salicylic Acid 30.0 ml,Nivea,Popular,Beauty & Personal Care,Skin Care,Face Serum,Gel,Hydrating,Salicylic Acid,ml,30.0,719,677.92,385.17,5.7,730,Ambient,18,False,Available,4.5,Regular
P002045,PAT-CHA-SHA-125,Patanjali Chakki Atta Maida Sharbati 12.5 kg,Patanjali,Budget,Staples & Grocery,Atta,Chakki Atta,Maida,Sharbati,Not Applicable,kg,12.5,785,734.67,519.96,6.4,90,Ambient,0,False,Available,3.9,Regular
P002046,ZES-APP-WAX-40-2,Zespri Apple Royal Gala Wax Free 4.0 pc,Zespri,Premium,Fruits & Vegetables,Fresh Fruits,Apple,Royal Gala,Wax Free,Not Applicable,pc,4.0,109,105.02,86.1,3.7,5,Refrigerated,0,True,Available,4.8,New Arrival
P002047,PRI-CHI-BAK-300-9,Pringles Potato Chips Baked Magic Masala 30.0 g,Pringles,Premium,Snacks,Munchies,Chips,Potato Chips,Baked,Magic Masala,g,30.0,15,12.61,9.11,15.9,180,Ambient,12,False,Available,4.9,Regular
P002048,NES-COF-GOL-1000-9,Nescafé Coffee Powder Instant Gold Vanilla 100.0 g,Nescafé,Popular,Beverages,Coffee,Coffee Powder,Instant,Gold,Vanilla,g,100.0,199,180.1,135.22,9.5,365,Ambient,18,False,Available,4.3,Regular
P002049,NIV-FAC-HYD-300-5,Nivea Face Serum Gel Hydrating Hyaluronic Acid 30.0 ml,Nivea,Popular,Beauty & Personal Care,Skin Care,Face Serum,Gel,Hydrating,Hyaluronic Acid,ml,30.0,455,375.99,199.22,17.4,730,Ambient,18,False,Available,4.5,Regular
P002050,FOR-CHA-SHA-125,Fortune Chakki Atta Maida Sharbati 12.5 kg,Fortune,Popular,Staples & Grocery,Atta,Chakki Atta,Maida,Sharbati,Not Applicable,kg,12.5,819,752.17,512.13,8.2,90,Ambient,0,False,Available,4.6,New Arrival
P002051,EGG-EGG-FRE-120-1,Eggoz Table Eggs Free Range 12.0 pc,Eggoz,Popular,"Dairy, Bread & Eggs",Eggs,Eggs,Table Eggs,Free Range,Not Applicable,pc,12.0,85,71.11,47.98,16.3,21,Refrigerated,0,True,Available,4.3,Regular
P002052,BEV-COF-CLA-500-10,Bevzilla Coffee Powder Roast & Ground Classic Hazelnut 50.0 g,Bevzilla,Premium,Beverages,Coffee,Coffee Powder,Roast & Ground,Classic,Hazelnut,g,50.0,109,108.94,79.3,0.1,365,Ambient,18,False,Available,4.8,Regular
P002053,HAL-CHI-ROA-1500-10,Haldiram's Chips Extruded Snacks Roasted Cream & Onion 150.0 g,Haldiram's,Popular,Snacks,Munchies,Chips,Extruded Snacks,Roasted,Cream & Onion,g,150.0,59,47.97,31.39,18.7,180,Ambient,12,False,Available,4.4,Regular
P002054,BAK-BRE-FRU-4000-1,Baker's Loaf Bread Loaf Whole Wheat Fruit 400.0 g,Baker's Loaf,Popular,"Dairy, Bread & Eggs",Bread,Bread Loaf,Whole Wheat,Fruit,Not Applicable,g,400.0,65,55.55,42.25,14.5,5,Ambient,0,False,Available,4.4,Regular
P002055,MOD-BRE-SAN-2000-2,Modern Bread Loaf Multigrain Sandwich 200.0 g,Modern,Popular,"Dairy, Bread & Eggs",Bread,Bread Loaf,Multigrain,Sandwich,Not Applicable,g,200.0,29,26.6,19.23,8.3,5,Ambient,0,False,Available,4.3,Regular
P002056,BEV-COF-CLA-1000-11,Bevzilla Coffee Powder Filter Classic Original 100.0 g,Bevzilla,Premium,Beverages,Coffee,Coffee Powder,Filter,Classic,Original,g,100.0,349,328.3,245.85,5.9,365,Ambient,18,False,Available,4.8,Seasonal
P002057,DOT-FAC-HYD-500-7,Dot & Key Face Serum Liquid Serum Hydrating Salicylic Acid 50.0 ml,Dot & Key,Premium,Beauty & Personal Care,Skin Care,Face Serum,Liquid Serum,Hydrating,Salicylic Acid,ml,50.0,909,888.26,604.64,2.3,730,Ambient,18,False,Available,4.8,Regular
P002058,DRO-PET-WEI-12,Drools Pet Food Biscuits Weight Management Ocean Fish 1.2 kg,Drools,Budget,Pet Care,Dog & Cat Food,Pet Food,Biscuits,Weight Management,Ocean Fish,kg,1.2,395,345.12,235.62,12.6,540,Ambient,18,False,Available,4.0,Regular
P002059,BEN-COL-NON-1000-1,Benadryl Cold Relief Syrup Non-Drowsy Tulsi 100.0 ml,Benadryl,Popular,Pharmacy,Cold & Flu,Cold Relief,Syrup,Non-Drowsy,Tulsi,ml,100.0,89,82.13,68.65,7.7,730,Ambient,12,False,Available,4.6,Regular
P002060,BIN-CHI-FRI-300-8,Bingo Chips Nachos Fried Classic Salted 30.0 g,Bingo,Budget,Snacks,Munchies,Chips,Nachos,Fried,Classic Salted,g,30.0,18,17.89,12.4,0.6,180,Ambient,12,False,Available,3.9,Regular
P002061,KUR-CHI-ROA-900-8,Kurkure Corn Chips Roasted Cheese 90.0 g,Kurkure,Popular,Snacks,Munchies,Chips,Corn Chips,Roasted,Cheese,g,90.0,35,29.92,21.45,14.5,180,Ambient,12,False,Available,4.6,Regular
P002062,BRU-COF-GOL-150-1,Bru Coffee Powder Instant Gold Hazelnut 150 g,Bru,Popular,Beverages,Coffee,Coffee Powder,Instant,Gold,Hazelnut,g,150.0,439,287.21,221.9,34.6,365,Ambient,18,False,Available,4.5,Regular
P002063,BEN-COL-STA-250-2,Benadryl Cold Relief Vaporub Standard Ginger 25.0 g,Benadryl,Popular,Pharmacy,Cold & Flu,Cold Relief,Vaporub,Standard,Ginger,g,25.0,75,63.67,52.77,15.1,730,Ambient,12,False,Available,4.5,Regular
P002064,HAR-DET-HAN-10-4,Harpic Detergent Pods Hand Wash Lemon 1.0 L,Harpic,Popular,Household Essentials,Cleaning Essentials,Detergent,Pods,Hand Wash,Lemon,L,1.0,309,305.93,210.57,1.0,730,Ambient,18,False,Available,4.4,Regular
P002065,AMU-FRI-VEG-4000-5,Amul Fries & Bites Cheese Balls Veg Spicy 400.0 g,Amul,Popular,Frozen Foods,Frozen Snacks,Fries & Bites,Cheese Balls,Veg,Spicy,g,400.0,199,167.9,120.96,15.6,180,Frozen,18,True,Low Stock,4.2,Regular
P002066,AMU-FRI-VEG-7500-9,Amul Fries & Bites Cheese Balls Veg Classic 750.0 g,Amul,Popular,Frozen Foods,Frozen Snacks,Fries & Bites,Cheese Balls,Veg,Classic,g,750.0,305,296.77,206.54,2.7,180,Frozen,18,True,Available,4.6,Regular
P002067,BEN-COL-STA-1000-7,Benadryl Cold Relief Vaporub Standard Honey 100.0 ml,Benadryl,Popular,Pharmacy,Cold & Flu,Cold Relief,Vaporub,Standard,Honey,ml,100.0,95,89.5,66.94,5.8,730,Ambient,12,False,Available,4.5,Regular
P002068,PAM-DIA-PRE-300-1,Pampers Diapers Taped Premium Care 30.0 pack,Pampers,Premium,Baby Care,Baby Diapers & Wipes,Diapers,Taped,Premium Care,Not Applicable,pack,30.0,519,487.18,321.73,6.1,1095,Ambient,12,False,Low Stock,4.8,Regular
P002069,FOR-CHA-SEL-10-2,Fortune Chakki Atta Maida Select 1.0 kg,Fortune,Popular,Staples & Grocery,Atta,Chakki Atta,Maida,Select,Not Applicable,kg,1.0,65,61.9,45.58,4.8,90,Ambient,0,False,Low Stock,4.3,Regular
P002070,LAY-CHI-FRI-900-7,Lay's Chips Extruded Snacks Fried Tomato 90.0 g,Lay's,Popular,Snacks,Munchies,Chips,Extruded Snacks,Fried,Tomato,g,90.0,29,26.14,19.34,9.8,180,Ambient,12,False,Available,4.4,Regular
P002071,BIN-CHI-BAK-300-13,Bingo Chips Nachos Baked Cream & Onion 30.0 g,Bingo,Budget,Snacks,Munchies,Chips,Nachos,Baked,Cream & Onion,g,30.0,15,13.93,10.15,7.1,180,Ambient,12,False,Available,4.0,Regular
P002072,BIN-CHI-FRI-300-9,Bingo Potato Chips Fried Tomato 30.0 g,Bingo,Budget,Snacks,Munchies,Chips,Potato Chips,Fried,Tomato,g,30.0,17,15.9,12.54,6.5,180,Ambient,12,False,Available,4.2,Regular
P002073,NIV-FAC-HYD-300-6,Nivea Face Serum Liquid Serum Hydrating Hyaluronic Acid 30.0 ml,Nivea,Popular,Beauty & Personal Care,Skin Care,Face Serum,Liquid Serum,Hydrating,Hyaluronic Acid,ml,30.0,665,658.06,364.11,1.0,730,Ambient,18,False,Available,4.4,Regular
P002074,DUR-BAT-BUT-40,Duracell Batteries Rechargeable Button Cell 4.0 pack,Duracell,Premium,Household Essentials,Electronics,Batteries,Rechargeable,Button Cell,Not Applicable,pack,4.0,69,66.39,51.71,3.8,3650,Ambient,18,False,Available,4.7,Regular
P002075,NAT-CHA-GLU-200-1,Nature Fresh Chakki Atta Besan Gluten Free 20.0 kg,Nature Fresh,Popular,Staples & Grocery,Atta,Chakki Atta,Besan,Gluten Free,Not Applicable,kg,20.0,899,855.3,558.97,4.9,90,Ambient,0,False,Available,4.6,Regular
P002076,BEV-COF-DEC-1000-8,Bevzilla Coffee Powder Filter Decaf Mocha 100.0 g,Bevzilla,Premium,Beverages,Coffee,Coffee Powder,Filter,Decaf,Mocha,g,100.0,229,202.45,149.24,11.6,365,Ambient,18,False,Available,4.7,Seasonal
P002077,LAY-CHI-FRI-1500-8,Lay's Chips Extruded Snacks Fried Tomato 150.0 g,Lay's,Popular,Snacks,Munchies,Chips,Extruded Snacks,Fried,Tomato,g,150.0,65,56.22,43.07,13.5,180,Ambient,12,False,Available,4.6,Regular
P002078,MCC-FRI-CHI-7500-8,McCain Fries & Bites Aloo Tikki Chicken Spicy 750.0 g,McCain,Premium,Frozen Foods,Frozen Snacks,Fries & Bites,Aloo Tikki,Chicken,Spicy,g,750.0,239,176.81,122.19,26.0,180,Frozen,18,True,Available,4.7,Regular
P002079,MCC-FRI-VEG-7500-7,McCain Fries & Bites French Fries Veg Spicy 750.0 g,McCain,Premium,Frozen Foods,Frozen Snacks,Fries & Bites,French Fries,Veg,Spicy,g,750.0,329,309.16,240.72,6.0,180,Frozen,18,True,Available,4.6,Regular
P002080,KUR-CHI-FRI-300-8,Kurkure Chips Extruded Snacks Fried Cheese 30.0 g,Kurkure,Popular,Snacks,Munchies,Chips,Extruded Snacks,Fried,Cheese,g,30.0,13,10.87,7.85,16.4,180,Ambient,12,False,Available,4.4,Regular
P002081,BEV-COF-DEC-1000-9,Bevzilla Coffee Powder Roast & Ground Decaf Hazelnut 100.0 g,Bevzilla,Premium,Beverages,Coffee,Coffee Powder,Roast & Ground,Decaf,Hazelnut,g,100.0,305,216.62,165.75,29.0,365,Ambient,18,False,Available,4.7,Regular
P002082,NES-COF-GOL-500-11,Nescafé Coffee Powder Roast & Ground Gold Vanilla 50.0 g,Nescafé,Popular,Beverages,Coffee,Coffee Powder,Roast & Ground,Gold,Vanilla,g,50.0,139,117.58,83.3,15.4,365,Ambient,18,False,Available,4.3,Regular
P002083,PHI-BAT-AAA-20,Philips Batteries Zinc Carbon AAA 2.0 pack,Philips,Premium,Household Essentials,Electronics,Batteries,Zinc Carbon,AAA,Not Applicable,pack,2.0,79,76.02,52.61,3.8,3650,Ambient,18,False,Available,4.9,Regular
P002084,MIN-FAC-BRI-300-6,Minimalist Face Serum Gel Brightening Vitamin C 30.0 ml,Minimalist,Premium,Beauty & Personal Care,Skin Care,Face Serum,Gel,Brightening,Vitamin C,ml,30.0,779,777.4,413.89,0.2,730,Ambient,18,False,Available,4.6,Regular
P002085,DRM-HEA-INF-10-1,Dr Morepen Health Monitor BP Monitor Infrared 1.0 pc,Dr Morepen,Popular,Pharmacy,Medical Devices,Health Monitor,BP Monitor,Infrared,Not Applicable,pc,1.0,2285,2122.09,1750.15,7.1,1825,Ambient,18,False,Available,4.5,Regular
P002086,ABH-EGG-OME-300,Abhi Eggs Country Eggs Omega-3 Rich 30.0 pc,Abhi Eggs,Budget,"Dairy, Bread & Eggs",Eggs,Eggs,Country Eggs,Omega-3 Rich,Not Applicable,pc,30.0,329,304.53,230.33,7.4,21,Refrigerated,0,True,Available,4.1,Regular
P002087,KUR-CHI-ROA-1500-9,Kurkure Chips Nachos Roasted Cream & Onion 150.0 g,Kurkure,Popular,Snacks,Munchies,Chips,Nachos,Roasted,Cream & Onion,g,150.0,55,45.48,29.84,17.3,180,Ambient,12,False,Available,4.5,Regular
P002088,LAY-CHI-BAK-1500-9,Lay's Corn Chips Baked Tomato 150.0 g,Lay's,Popular,Snacks,Munchies,Chips,Corn Chips,Baked,Tomato,g,150.0,65,43.71,31.73,32.7,180,Ambient,12,False,Available,4.5,Seasonal
P002089,ITC-FRI-VEG-4000-10,ITC Master Chef Fries & Bites Cheese Balls Veg Masala 400.0 g,ITC Master Chef,Popular,Frozen Foods,Frozen Snacks,Fries & Bites,Cheese Balls,Veg,Masala,g,400.0,159,142.2,111.52,10.6,180,Frozen,18,True,Available,4.5,Seasonal
P002090,BIN-CHI-ROA-300-10,Bingo Potato Chips Roasted Tomato 30.0 g,Bingo,Budget,Snacks,Munchies,Chips,Potato Chips,Roasted,Tomato,g,30.0,18,17.34,11.52,3.7,180,Ambient,12,False,Available,4.1,Regular
P002091,EVE-BAT-BUT-40-1,Eveready Batteries Rechargeable Button Cell 4.0 pack,Eveready,Budget,Household Essentials,Electronics,Batteries,Rechargeable,Button Cell,Not Applicable,pack,4.0,99,90.75,69.18,8.3,3650,Ambient,18,False,Low Stock,4.0,Regular
P002092,FOR-CHA-GLU-50-3,Fortune Chakki Atta Besan Gluten Free 5.0 kg,Fortune,Popular,Staples & Grocery,Atta,Chakki Atta,Besan,Gluten Free,Not Applicable,kg,5.0,209,191.1,138.96,8.6,90,Ambient,0,False,Available,4.4,Regular
P002093,JOC-BAS-POL-30-2,Jockey Basic Wear Wallet Polyester 3.0 pack,Jockey,Premium,Fashion & Lifestyle,Apparel & Accessories,Basic Wear,Wallet,Polyester,Not Applicable,pack,3.0,389,361.11,274.49,7.2,3650,Ambient,12,False,Available,4.9,Regular
P002094,LAY-CHI-BAK-300-5,Lay's Chips Nachos Baked Cheese 30.0 g,Lay's,Popular,Snacks,Munchies,Chips,Nachos,Baked,Cheese,g,30.0,18,17.56,12.45,2.4,180,Ambient,12,False,Available,4.4,Regular
P002095,BIN-CHI-ROA-300-11,Bingo Potato Chips Roasted Cheese 30.0 g,Bingo,Budget,Snacks,Munchies,Chips,Potato Chips,Roasted,Cheese,g,30.0,16,13.01,9.11,18.7,180,Ambient,12,False,Available,3.8,Regular
P002096,KUR-CHI-ROA-300-3,Kurkure Potato Chips Roasted Magic Masala 30.0 g,Kurkure,Popular,Snacks,Munchies,Chips,Potato Chips,Roasted,Magic Masala,g,30.0,11,8.98,6.32,18.4,180,Ambient,12,False,Available,4.2,Regular
P002097,LAY-CHI-FRI-1500-9,Lay's Chips Nachos Fried Cream & Onion 150.0 g,Lay's,Popular,Snacks,Munchies,Chips,Nachos,Fried,Cream & Onion,g,150.0,55,36.02,27.53,34.5,180,Ambient,12,False,Available,4.4,Regular
P002098,ARI-DET-HAN-10-6,Ariel Detergent Pods Hand Wash Lavender 1.0 L,Ariel,Premium,Household Essentials,Cleaning Essentials,Detergent,Pods,Hand Wash,Lavender,L,1.0,299,275.02,186.38,8.0,730,Ambient,18,False,Low Stock,4.8,Regular
P002099,FOR-CHA-SEL-10-3,Fortune Chakki Atta Multigrain Select 1.0 kg,Fortune,Popular,Staples & Grocery,Atta,Chakki Atta,Multigrain,Select,Not Applicable,kg,1.0,45,31.63,23.22,29.7,90,Ambient,0,False,Available,4.4,Regular
P002100,NAN-MIL-FUL-10,Nandini Buffalo Milk Full Cream Plain 1.0 L,Nandini,Budget,"Dairy, Bread & Eggs",Milk,Milk,Buffalo Milk,Full Cream,Plain,L,1.0,85,84.84,62.8,0.2,2,Refrigerated,0,True,Available,4.2,Regular
P002101,BIN-CHI-FRI-300-10,Bingo Potato Chips Fried Magic Masala 30.0 g,Bingo,Budget,Snacks,Munchies,Chips,Potato Chips,Fried,Magic Masala,g,30.0,17,14.57,9.67,14.3,180,Ambient,12,False,Available,3.9,Regular
P002102,THE-FAC-BRI-300-7,The Derma Co Face Serum Gel Brightening Vitamin C 30.0 ml,The Derma Co,Premium,Beauty & Personal Care,Skin Care,Face Serum,Gel,Brightening,Vitamin C,ml,30.0,469,392.53,248.95,16.3,730,Ambient,18,False,Available,4.6,Regular
P002103,MCC-FRI-VEG-4000-9,McCain Fries & Bites French Fries Veg Spicy 400.0 g,McCain,Premium,Frozen Foods,Frozen Snacks,Fries & Bites,French Fries,Veg,Spicy,g,400.0,159,150.82,110.33,5.1,180,Frozen,18,True,Available,4.9,Regular
P002104,FAR-TOM-ORG-15,Farm Fresh Tomato Cherry Organic 1.5 kg,Farm Fresh,Popular,Fruits & Vegetables,Fresh Vegetables,Tomato,Cherry,Organic,Not Applicable,kg,1.5,65,54.06,44.05,16.8,4,Ambient,0,True,Available,4.6,Regular
P002105,PRI-CHI-ROA-1500-6,Pringles Chips Nachos Roasted Classic Salted 150.0 g,Pringles,Premium,Snacks,Munchies,Chips,Nachos,Roasted,Classic Salted,g,150.0,69,56.69,42.59,17.8,180,Ambient,12,False,Available,4.8,Regular
P002106,FAR-APP-WAX-12,Farm Fresh Apple Royal Gala Wax Free 1.2 kg,Farm Fresh,Popular,Fruits & Vegetables,Fresh Fruits,Apple,Royal Gala,Wax Free,Not Applicable,kg,1.2,335,229.38,191.29,31.5,5,Refrigerated,0,True,Available,4.4,Regular
P002107,DOT-FAC-BRI-500-6,Dot & Key Face Serum Liquid Serum Brightening Hyaluronic Acid 50.0 ml,Dot & Key,Premium,Beauty & Personal Care,Skin Care,Face Serum,Liquid Serum,Brightening,Hyaluronic Acid,ml,50.0,945,789.24,435.55,16.5,730,Ambient,18,False,Available,4.8,Regular
P002108,FAR-ONI-PRE-100-1,Farm Fresh Onion White Premium Grade 10.0 kg,Farm Fresh,Popular,Fruits & Vegetables,Fresh Vegetables,Onion,White,Premium Grade,Not Applicable,kg,10.0,499,469.76,375.82,5.9,4,Ambient,0,True,Available,4.2,Regular
P002109,UNB-CHI-ANT-10-3,Unbranded Chicken Wings Antibiotic Free 1.0 kg,Unbranded,Budget,Meat & Fish,Chicken,Chicken,Wings,Antibiotic Free,Not Applicable,kg,1.0,375,364.91,247.86,2.7,3,Refrigerated,5,True,Available,4.3,Seasonal
P002110,COU-MIL-FUL-5000,Country Delight A2 Milk Full Cream Plain 500.0 ml,Country Delight,Premium,"Dairy, Bread & Eggs",Milk,Milk,A2 Milk,Full Cream,Plain,ml,500.0,29,27.11,17.97,6.5,2,Refrigerated,0,True,Available,4.5,Regular
P002111,LAY-CHI-FRI-1500-10,Lay's Potato Chips Fried Cheese 150.0 g,Lay's,Popular,Snacks,Munchies,Chips,Potato Chips,Fried,Cheese,g,150.0,79,76.54,53.89,3.1,180,Ambient,12,False,Available,4.5,Regular
P002112,ZES-APP-REG-40-2,Zespri Apple Washington Regular 4.0 pc,Zespri,Premium,Fruits & Vegetables,Fresh Fruits,Apple,Washington,Regular,Not Applicable,pc,4.0,105,95.26,76.35,9.3,5,Refrigerated,0,True,Available,4.6,Regular
P002113,AMU-FRI-CHI-4000-10,Amul Fries & Bites Aloo Tikki Chicken Masala 400.0 g,Amul,Popular,Frozen Foods,Frozen Snacks,Fries & Bites,Aloo Tikki,Chicken,Masala,g,400.0,165,162.02,125.75,1.8,180,Frozen,18,True,Available,4.3,Regular
P002114,UNB-ONI-REG-150-2,Unbranded Onion Red Regular 15.0 kg,Unbranded,Budget,Fruits & Vegetables,Fresh Vegetables,Onion,Red,Regular,Not Applicable,kg,15.0,425,399.72,327.35,5.9,4,Ambient,0,True,Available,4.1,Regular
P002115,MEI-CHI-SKI-2500-1,Meister Chicken Boneless Skinless 250.0 g,Meister,Popular,Meat & Fish,Chicken,Chicken,Boneless,Skinless,Not Applicable,g,250.0,125,108.8,77.9,13.0,3,Refrigerated,5,True,Available,4.3,Regular
P002116,BIN-CHI-BAK-900-10,Bingo Chips Nachos Baked Cheese 90.0 g,Bingo,Budget,Snacks,Munchies,Chips,Nachos,Baked,Cheese,g,90.0,39,38.85,30.54,0.4,180,Ambient,12,False,Available,4.2,Seasonal
P002117,NAT-CHA-SHA-100-3,Nature Fresh Chakki Atta Wheat Sharbati 10.0 kg,Nature Fresh,Popular,Staples & Grocery,Atta,Chakki Atta,Wheat,Sharbati,Not Applicable,kg,10.0,689,574.41,386.1,16.6,90,Ambient,0,False,Available,4.3,Regular
P002118,NES-COF-DEC-1000-11,Nescafé Coffee Powder Roast & Ground Decaf Hazelnut 100.0 g,Nescafé,Popular,Beverages,Coffee,Coffee Powder,Roast & Ground,Decaf,Hazelnut,g,100.0,219,204.18,159.27,6.8,365,Ambient,18,False,Available,4.4,Regular
P002119,MAM-FAC-HYD-500-7,Mamaearth Face Serum Liquid Serum Hydrating Vitamin C 50.0 ml,Mamaearth,Popular,Beauty & Personal Care,Skin Care,Face Serum,Liquid Serum,Hydrating,Vitamin C,ml,50.0,935,644.74,338.3,31.0,730,Ambient,18,False,Low Stock,4.5,Regular
P002120,KUR-CHI-FRI-900-8,Kurkure Chips Extruded Snacks Fried Classic Salted 90.0 g,Kurkure,Popular,Snacks,Munchies,Chips,Extruded Snacks,Fried,Classic Salted,g,90.0,39,35.16,26.42,9.9,180,Ambient,12,False,Low Stock,4.3,Regular
P002121,BEV-COF-GOL-1000-8,Bevzilla Coffee Powder Roast & Ground Gold Hazelnut 100.0 g,Bevzilla,Premium,Beverages,Coffee,Coffee Powder,Roast & Ground,Gold,Hazelnut,g,100.0,315,311.13,241.67,1.2,365,Ambient,18,False,Available,4.9,Regular
P002122,MIN-FAC-ANT-300-6,Minimalist Face Serum Liquid Serum Anti-Acne Salicylic Acid 30.0 ml,Minimalist,Premium,Beauty & Personal Care,Skin Care,Face Serum,Liquid Serum,Anti-Acne,Salicylic Acid,ml,30.0,409,383.96,215.4,6.1,730,Ambient,18,False,Available,4.6,Regular
P002123,PHI-BAT-BUT-20-1,Philips Batteries Alkaline Button Cell 2.0 pack,Philips,Premium,Household Essentials,Electronics,Batteries,Alkaline,Button Cell,Not Applicable,pack,2.0,79,73.31,49.72,7.2,3650,Ambient,18,False,Available,4.6,Regular
P002124,MAM-FAC-BRI-500-7,Mamaearth Face Serum Gel Brightening Niacinamide 50.0 ml,Mamaearth,Popular,Beauty & Personal Care,Skin Care,Face Serum,Gel,Brightening,Niacinamide,ml,50.0,719,577.75,305.34,19.6,730,Ambient,18,False,Available,4.4,Regular
P002125,VOL-PAI-AYU-150,Volini Pain Reliever Spray Ayurvedic 15.0 strip,Volini,Popular,Pharmacy,Pain Relief,Pain Reliever,Spray,Ayurvedic,Not Applicable,strip,15.0,35,25.08,17.56,28.3,730,Ambient,12,False,Available,4.3,Regular
P002126,FAR-ONI-PRE-10-2,Farm Fresh Onion Red Premium Grade 1.0 kg,Farm Fresh,Popular,Fruits & Vegetables,Fresh Vegetables,Onion,Red,Premium Grade,Not Applicable,kg,1.0,35,34.09,27.61,2.6,4,Ambient,0,True,Available,4.4,Regular
P002127,HAL-CHI-ROA-900-12,Haldiram's Potato Chips Roasted Cheese 90.0 g,Haldiram's,Popular,Snacks,Munchies,Chips,Potato Chips,Roasted,Cheese,g,90.0,49,36.35,27.65,25.8,180,Ambient,12,False,Available,4.5,Regular
P002128,UNB-CHI-SKI-2500-3,Unbranded Chicken Drumsticks Skinless 250.0 g,Unbranded,Budget,Meat & Fish,Chicken,Chicken,Drumsticks,Skinless,Not Applicable,g,250.0,105,95.54,70.25,9.0,3,Refrigerated,5,True,Available,4.0,Regular
P002129,ARI-DET-TOP-10-8,Ariel Detergent Pods Top Load Fresh Spring 1.0 kg,Ariel,Premium,Household Essentials,Cleaning Essentials,Detergent,Pods,Top Load,Fresh Spring,kg,1.0,239,224.25,161.22,6.2,730,Ambient,18,False,Available,4.5,Regular
P002130,AMU-FRI-VEG-4000-6,Amul Fries & Bites French Fries Veg Spicy 400.0 g,Amul,Popular,Frozen Foods,Frozen Snacks,Fries & Bites,French Fries,Veg,Spicy,g,400.0,189,164.02,110.86,13.2,180,Frozen,18,True,Available,4.5,Regular
P002131,PAT-CHA-GLU-20-1,Patanjali Chakki Atta Multigrain Gluten Free 2.0 kg,Patanjali,Budget,Staples & Grocery,Atta,Chakki Atta,Multigrain,Gluten Free,Not Applicable,kg,2.0,145,140.8,110.6,2.9,90,Ambient,0,False,Available,4.3,Regular
P002132,REL-CHI-ANT-2500-3,Relish Chicken Drumsticks Antibiotic Free 250.0 g,Relish,Popular,Meat & Fish,Chicken,Chicken,Drumsticks,Antibiotic Free,Not Applicable,g,250.0,149,123.55,88.92,17.1,3,Refrigerated,5,True,Discontinued,4.2,Regular
P002133,BRU-COF-CLA-500-10,Bru Coffee Powder Instant Classic Hazelnut 50.0 g,Bru,Popular,Beverages,Coffee,Coffee Powder,Instant,Classic,Hazelnut,g,50.0,139,130.47,97.56,6.1,365,Ambient,18,False,Available,4.5,Regular
P002134,AAS-CHA-SHA-50-3,Aashirvaad Chakki Atta Besan Sharbati 5.0 kg,Aashirvaad,Premium,Staples & Grocery,Atta,Chakki Atta,Besan,Sharbati,Not Applicable,kg,5.0,375,253.81,194.52,32.3,90,Ambient,0,False,Available,4.6,Regular
P002135,BAK-BRE-FRU-2000-3,Baker's Loaf Bread Loaf Brown Fruit 200.0 g,Baker's Loaf,Popular,"Dairy, Bread & Eggs",Bread,Bread Loaf,Brown,Fruit,Not Applicable,g,200.0,29,26.88,19.74,7.3,5,Ambient,0,False,Available,4.4,Regular
P002136,BEV-COF-DEC-500-11,Bevzilla Coffee Powder Filter Decaf Vanilla 50.0 g,Bevzilla,Premium,Beverages,Coffee,Coffee Powder,Filter,Decaf,Vanilla,g,50.0,85,55.3,44.06,34.9,365,Ambient,18,False,Available,4.7,Regular
P002137,BEV-COF-CLA-500-11,Bevzilla Coffee Powder Roast & Ground Classic Vanilla 50.0 g,Bevzilla,Premium,Beverages,Coffee,Coffee Powder,Roast & Ground,Classic,Vanilla,g,50.0,125,113.15,82.43,9.5,365,Ambient,18,False,Low Stock,4.8,Regular
P002138,DOT-FAC-HYD-300-5,Dot & Key Face Serum Liquid Serum Hydrating Vitamin C 30.0 ml,Dot & Key,Premium,Beauty & Personal Care,Skin Care,Face Serum,Liquid Serum,Hydrating,Vitamin C,ml,30.0,425,396.22,201.7,6.8,730,Ambient,18,False,Available,4.6,Regular
P002139,BEV-COF-DEC-75,Bevzilla Coffee Powder Filter Decaf Hazelnut 75 g,Bevzilla,Premium,Beverages,Coffee,Coffee Powder,Filter,Decaf,Hazelnut,g,75.0,145,138.5,110.23,4.5,365,Ambient,18,False,Available,4.7,Regular
P002140,BEV-COF-GOL-1000-9,Bevzilla Coffee Powder Filter Gold Mocha 100.0 g,Bevzilla,Premium,Beverages,Coffee,Coffee Powder,Filter,Gold,Mocha,g,100.0,235,161.06,125.63,31.5,365,Ambient,18,False,Available,4.7,Regular
P002141,AMU-FRI-VEG-4000-7,Amul Fries & Bites Nuggets Veg Spicy 400.0 g,Amul,Popular,Frozen Foods,Frozen Snacks,Fries & Bites,Nuggets,Veg,Spicy,g,400.0,185,139.4,96.94,24.6,180,Frozen,18,True,Available,4.3,Regular
P002142,AAS-CHA-SHA-100-3,Aashirvaad Chakki Atta Maida Sharbati 10.0 kg,Aashirvaad,Premium,Staples & Grocery,Atta,Chakki Atta,Maida,Sharbati,Not Applicable,kg,10.0,475,432.29,312.89,9.0,90,Ambient,0,False,Available,4.7,Regular
P002143,NAT-CHA-SEL-150-1,Nature Fresh Chakki Atta Multigrain Select 15.0 kg,Nature Fresh,Popular,Staples & Grocery,Atta,Chakki Atta,Multigrain,Select,Not Applicable,kg,15.0,1019,665.38,473.73,34.7,90,Ambient,0,False,Available,4.5,Regular
P002144,MCC-FRI-VEG-7500-8,McCain Fries & Bites French Fries Veg Masala 750.0 g,McCain,Premium,Frozen Foods,Frozen Snacks,Fries & Bites,French Fries,Veg,Masala,g,750.0,375,335.51,230.44,10.5,180,Frozen,18,True,Available,4.7,New Arrival
P002145,KUR-CHI-ROA-300-4,Kurkure Corn Chips Roasted Cream & Onion 30.0 g,Kurkure,Popular,Snacks,Munchies,Chips,Corn Chips,Roasted,Cream & Onion,g,30.0,18,14.21,11.23,21.1,180,Ambient,12,False,Available,4.4,Regular
P002146,FAR-ONI-PRE-20-1,Farm Fresh Onion Red Premium Grade 2.0 kg,Farm Fresh,Popular,Fruits & Vegetables,Fresh Vegetables,Onion,Red,Premium Grade,Not Applicable,kg,2.0,69,60.76,45.69,11.9,4,Ambient,0,True,Available,4.5,Regular
P002147,NIV-FAC-HYD-300-7,Nivea Face Serum Liquid Serum Hydrating Vitamin C 30.0 ml,Nivea,Popular,Beauty & Personal Care,Skin Care,Face Serum,Liquid Serum,Hydrating,Vitamin C,ml,30.0,795,761.78,528.75,4.2,730,Ambient,18,False,Available,4.6,Regular
P002148,ENG-BRE-GAR-4000,English Oven Bread Loaf Brown Garlic 400.0 g,English Oven,Popular,"Dairy, Bread & Eggs",Bread,Bread Loaf,Brown,Garlic,Not Applicable,g,400.0,55,54.09,42.51,1.7,5,Ambient,0,False,Available,4.4,Regular
P002149,COU-MIL-LAC-5000-1,Country Delight Cow Milk Lactose Free Plain 500.0 ml,Country Delight,Premium,"Dairy, Bread & Eggs",Milk,Milk,Cow Milk,Lactose Free,Plain,ml,500.0,39,32.43,22.03,16.9,2,Refrigerated,0,True,Available,4.7,Seasonal
P002150,LIZ-DET-FRO-10-6,Lizol Detergent Liquid Front Load Lemon 1.0 kg,Lizol,Popular,Household Essentials,Cleaning Essentials,Detergent,Liquid,Front Load,Lemon,kg,1.0,175,158.84,122.71,9.2,730,Ambient,18,False,Available,4.3,Regular
P002151,EGG-EGG-FRE-60-1,Eggoz Table Eggs Free Range 6.0 pc,Eggoz,Popular,"Dairy, Bread & Eggs",Eggs,Eggs,Table Eggs,Free Range,Not Applicable,pc,6.0,49,41.99,32.0,14.3,21,Refrigerated,0,True,Discontinued,4.2,Regular
P002152,NES-COF-GOL-1000-10,Nescafé Coffee Powder Roast & Ground Gold Vanilla 100.0 g,Nescafé,Popular,Beverages,Coffee,Coffee Powder,Roast & Ground,Gold,Vanilla,g,100.0,199,187.05,139.79,6.0,365,Ambient,18,False,Available,4.5,Regular
P002153,MIN-FAC-ANT-300-7,Minimalist Face Serum Liquid Serum Anti-Acne Niacinamide 30.0 ml,Minimalist,Premium,Beauty & Personal Care,Skin Care,Face Serum,Liquid Serum,Anti-Acne,Niacinamide,ml,30.0,429,366.72,249.81,14.5,730,Ambient,18,False,Available,4.6,Regular
P002154,FAR-TOM-ORG-15-1,Farm Fresh Tomato Hybrid Organic 1.5 kg,Farm Fresh,Popular,Fruits & Vegetables,Fresh Vegetables,Tomato,Hybrid,Organic,Not Applicable,kg,1.5,99,93.75,74.46,5.3,4,Ambient,0,True,Available,4.5,Regular
P002155,AKS-MIL-SKI-10-1,Akshayakalpa Buffalo Milk Skimmed Plain 1.0 L,Akshayakalpa,Premium,"Dairy, Bread & Eggs",Milk,Milk,Buffalo Milk,Skimmed,Plain,L,1.0,49,39.19,25.56,20.0,2,Refrigerated,0,True,Available,4.5,Regular
P002156,FAR-ONI-REG-10-2,Farm Fresh Onion Red Regular 1.0 kg,Farm Fresh,Popular,Fruits & Vegetables,Fresh Vegetables,Onion,Red,Regular,Not Applicable,kg,1.0,39,38.4,29.57,1.5,4,Ambient,0,True,Available,4.4,Regular
P002157,LAY-CHI-FRI-1500-11,Lay's Chips Nachos Fried Tomato 150.0 g,Lay's,Popular,Snacks,Munchies,Chips,Nachos,Fried,Tomato,g,150.0,75,59.22,45.84,21.0,180,Ambient,12,False,Available,4.5,Regular
P002158,AMU-FRI-VEG-4000-8,Amul Fries & Bites Cheese Balls Veg Masala 400.0 g,Amul,Popular,Frozen Foods,Frozen Snacks,Fries & Bites,Cheese Balls,Veg,Masala,g,400.0,169,143.05,93.5,15.4,180,Frozen,18,True,Available,4.2,Seasonal
P002159,FAR-ONI-REG-20,Farm Fresh Onion Red Regular 2.0 kg,Farm Fresh,Popular,Fruits & Vegetables,Fresh Vegetables,Onion,Red,Regular,Not Applicable,kg,2.0,99,87.57,71.16,11.5,4,Ambient,0,True,Low Stock,4.3,Regular
P002160,LAY-CHI-BAK-1500-10,Lay's Chips Nachos Baked Cream & Onion 150.0 g,Lay's,Popular,Snacks,Munchies,Chips,Nachos,Baked,Cream & Onion,g,150.0,79,75.66,51.77,4.2,180,Ambient,12,False,Available,4.4,Regular
P002161,MAM-FAC-BRI-300-6,Mamaearth Face Serum Gel Brightening Vitamin C 30.0 ml,Mamaearth,Popular,Beauty & Personal Care,Skin Care,Face Serum,Gel,Brightening,Vitamin C,ml,30.0,725,620.23,356.99,14.5,730,Ambient,18,False,Available,4.6,Regular
P002162,MAM-DIA-STA-720-1,MamyPoko Diapers Pant Style Standard 72.0 pack,MamyPoko,Popular,Baby Care,Baby Diapers & Wipes,Diapers,Pant Style,Standard,Not Applicable,pack,72.0,1149,1103.4,862.81,4.0,1095,Ambient,12,False,Available,4.6,Regular
P002163,AKS-EGG-BRO-300,Akshayakalpa Table Eggs Brown 30.0 pc,Akshayakalpa,Premium,"Dairy, Bread & Eggs",Eggs,Eggs,Table Eggs,Brown,Not Applicable,pc,30.0,339,265.72,185.35,21.6,21,Refrigerated,0,True,Available,4.7,Regular
P002164,HUG-DIA-ALO-300-1,Huggies Diapers Taped Aloe Vera Enriched 30.0 pack,Huggies,Popular,Baby Care,Baby Diapers & Wipes,Diapers,Taped,Aloe Vera Enriched,Not Applicable,pack,30.0,379,337.32,260.08,11.0,1095,Ambient,12,False,Available,4.3,Regular
P002165,MAM-FAC-BRI-300-7,Mamaearth Face Serum Liquid Serum Brightening Niacinamide 30.0 ml,Mamaearth,Popular,Beauty & Personal Care,Skin Care,Face Serum,Liquid Serum,Brightening,Niacinamide,ml,30.0,645,601.87,366.58,6.7,730,Ambient,18,False,Available,4.5,Seasonal
P002166,AMU-FRI-CHI-4000-11,Amul Fries & Bites Cheese Balls Chicken Masala 400.0 g,Amul,Popular,Frozen Foods,Frozen Snacks,Fries & Bites,Cheese Balls,Chicken,Masala,g,400.0,199,191.2,125.89,3.9,180,Frozen,18,True,Available,4.5,Regular
P002167,LIZ-DET-FRO-10-7,Lizol Detergent Pods Front Load Lemon 1.0 kg,Lizol,Popular,Household Essentials,Cleaning Essentials,Detergent,Pods,Front Load,Lemon,kg,1.0,119,111.58,86.9,6.2,730,Ambient,18,False,Available,4.6,Regular
P002168,AAS-CHA-GLU-10-2,Aashirvaad Chakki Atta Multigrain Gluten Free 1.0 kg,Aashirvaad,Premium,Staples & Grocery,Atta,Chakki Atta,Multigrain,Gluten Free,Not Applicable,kg,1.0,59,56.66,44.97,4.0,90,Ambient,0,False,Available,4.5,Regular
P002169,DOT-FAC-ANT-300-6,Dot & Key Face Serum Gel Anti-Acne Salicylic Acid 30.0 ml,Dot & Key,Premium,Beauty & Personal Care,Skin Care,Face Serum,Gel,Anti-Acne,Salicylic Acid,ml,30.0,789,770.05,409.11,2.4,730,Ambient,18,False,Available,4.8,Regular
P002170,AMU-MIL-DOU-5000,Amul Cow Milk Double Toned Plain 500.0 ml,Amul,Popular,"Dairy, Bread & Eggs",Milk,Milk,Cow Milk,Double Toned,Plain,ml,500.0,39,27.74,18.66,28.9,2,Refrigerated,0,True,Available,4.2,Regular
P002171,DOT-FAC-BRI-500-7,Dot & Key Face Serum Liquid Serum Brightening Niacinamide 50.0 ml,Dot & Key,Premium,Beauty & Personal Care,Skin Care,Face Serum,Liquid Serum,Brightening,Niacinamide,ml,50.0,859,819.84,481.57,4.6,730,Ambient,18,False,Available,4.8,Regular
P002172,SYS-BAT-AAA-40-2,Syska Batteries Rechargeable AAA 4.0 pack,Syska,Popular,Household Essentials,Electronics,Batteries,Rechargeable,AAA,Not Applicable,pack,4.0,119,98.09,69.01,17.6,3650,Ambient,18,False,Available,4.3,Regular
P002173,ENG-BRE-FRU-2000-2,English Oven Bread Loaf Brown Fruit 200.0 g,English Oven,Popular,"Dairy, Bread & Eggs",Bread,Bread Loaf,Brown,Fruit,Not Applicable,g,200.0,22,18.12,13.7,17.6,5,Ambient,0,False,Available,4.5,Seasonal
P002174,GAR-FAC-ANT-500-7,Garnier Face Serum Gel Anti-Acne Salicylic Acid 50.0 ml,Garnier,Budget,Beauty & Personal Care,Skin Care,Face Serum,Gel,Anti-Acne,Salicylic Acid,ml,50.0,759,744.69,448.23,1.9,730,Ambient,18,False,Available,4.0,Regular
P002175,UNB-CHI-WIT-2500-1,Unbranded Chicken Mince With Skin 250.0 g,Unbranded,Budget,Meat & Fish,Chicken,Chicken,Mince,With Skin,Not Applicable,g,250.0,99,84.31,62.53,14.8,3,Refrigerated,5,True,Available,4.0,Regular
P002176,THE-FAC-ANT-300-6,The Derma Co Face Serum Gel Anti-Acne Salicylic Acid 30.0 ml,The Derma Co,Premium,Beauty & Personal Care,Skin Care,Face Serum,Gel,Anti-Acne,Salicylic Acid,ml,30.0,715,541.2,304.8,24.3,730,Ambient,18,False,Available,4.5,Regular
P002177,DUR-BAT-BUT-20-1,Duracell Batteries Alkaline Button Cell 2.0 pack,Duracell,Premium,Household Essentials,Electronics,Batteries,Alkaline,Button Cell,Not Applicable,pack,2.0,79,74.31,58.45,5.9,3650,Ambient,18,False,Available,4.9,Regular
P002178,UNB-BAS-LEA-30-2,Unbranded Basic Wear T-Shirts Leather 3.0 pack,Unbranded,Budget,Fashion & Lifestyle,Apparel & Accessories,Basic Wear,T-Shirts,Leather,Not Applicable,pack,3.0,599,427.87,331.17,28.6,3650,Ambient,12,False,Low Stock,4.0,Regular
P002179,PAT-CHA-GLU-50-3,Patanjali Chakki Atta Multigrain Gluten Free 5.0 kg,Patanjali,Budget,Staples & Grocery,Atta,Chakki Atta,Multigrain,Gluten Free,Not Applicable,kg,5.0,219,218.69,143.24,0.1,90,Ambient,0,False,Available,4.0,Regular
P002180,PHI-BAT-AA-20-2,Philips Batteries Zinc Carbon AA 2.0 pack,Philips,Premium,Household Essentials,Electronics,Batteries,Zinc Carbon,AA,Not Applicable,pack,2.0,49,35.25,23.84,28.1,3650,Ambient,18,False,Available,4.8,Regular
P002181,PHI-BAT-9V-20-1,Philips Batteries Zinc Carbon 9V 2.0 pack,Philips,Premium,Household Essentials,Electronics,Batteries,Zinc Carbon,9V,Not Applicable,pack,2.0,55,53.6,36.05,2.5,3650,Ambient,18,False,Available,4.7,Seasonal
P002182,NAN-MIL-DOU-10-2,Nandini Buffalo Milk Double Toned Plain 1.0 L,Nandini,Budget,"Dairy, Bread & Eggs",Milk,Milk,Buffalo Milk,Double Toned,Plain,L,1.0,75,71.08,54.58,5.2,2,Refrigerated,0,True,Available,4.0,Regular
P002183,UNB-CHI-WIT-2500-2,Unbranded Chicken Boneless With Skin 250.0 g,Unbranded,Budget,Meat & Fish,Chicken,Chicken,Boneless,With Skin,Not Applicable,g,250.0,89,78.13,58.75,12.2,3,Refrigerated,5,True,Available,4.2,Regular
P002184,HUG-DIA-ALO-720-1,Huggies Diapers Taped Aloe Vera Enriched 72.0 pack,Huggies,Popular,Baby Care,Baby Diapers & Wipes,Diapers,Taped,Aloe Vera Enriched,Not Applicable,pack,72.0,969,892.88,632.2,7.9,1095,Ambient,12,False,Available,4.2,Regular
P002185,MOD-BRE-FRU-4000-1,Modern Bread Loaf Whole Wheat Fruit 400.0 g,Modern,Popular,"Dairy, Bread & Eggs",Bread,Bread Loaf,Whole Wheat,Fruit,Not Applicable,g,400.0,45,36.45,28.52,19.0,5,Ambient,0,False,Available,4.3,Regular
P002186,BRU-COF-GOL-1000-11,Bru Coffee Powder Roast & Ground Gold Hazelnut 100.0 g,Bru,Popular,Beverages,Coffee,Coffee Powder,Roast & Ground,Gold,Hazelnut,g,100.0,329,274.4,181.85,16.6,365,Ambient,18,False,Available,4.3,Regular
P002187,UNB-BAS-LEA-10-1,Unbranded Basic Wear Socks Leather 1.0 pc,Unbranded,Budget,Fashion & Lifestyle,Apparel & Accessories,Basic Wear,Socks,Leather,Not Applicable,pc,1.0,339,291.88,223.51,13.9,3650,Ambient,12,False,Low Stock,4.3,Regular
P002188,LIZ-DET-TOP-10-8,Lizol Detergent Powder Top Load Lemon 1.0 L,Lizol,Popular,Household Essentials,Cleaning Essentials,Detergent,Powder,Top Load,Lemon,L,1.0,249,234.61,166.62,5.8,730,Ambient,18,False,Available,4.4,Regular
P002189,NAN-MIL-TON-10-1,Nandini Buffalo Milk Toned Plain 1.0 L,Nandini,Budget,"Dairy, Bread & Eggs",Milk,Milk,Buffalo Milk,Toned,Plain,L,1.0,59,56.28,39.28,4.6,2,Refrigerated,0,True,Available,4.2,Regular
P002190,BIN-CHI-ROA-300-12,Bingo Chips Extruded Snacks Roasted Cheese 30.0 g,Bingo,Budget,Snacks,Munchies,Chips,Extruded Snacks,Roasted,Cheese,g,30.0,19,16.51,10.88,13.1,180,Ambient,12,False,Available,4.1,Regular
P002191,NIV-FAC-ANT-500-7,Nivea Face Serum Liquid Serum Anti-Acne Niacinamide 50.0 ml,Nivea,Popular,Beauty & Personal Care,Skin Care,Face Serum,Liquid Serum,Anti-Acne,Niacinamide,ml,50.0,965,829.01,578.61,14.1,730,Ambient,18,False,Available,4.5,Regular
P002192,MCC-FRI-CHI-4000-9,McCain Fries & Bites French Fries Chicken Spicy 400.0 g,McCain,Premium,Frozen Foods,Frozen Snacks,Fries & Bites,French Fries,Chicken,Spicy,g,400.0,159,107.1,82.64,32.6,180,Frozen,18,True,Available,4.8,Regular
P002193,BEV-COF-GOL-500-11,Bevzilla Coffee Powder Filter Gold Vanilla 50.0 g,Bevzilla,Premium,Beverages,Coffee,Coffee Powder,Filter,Gold,Vanilla,g,50.0,99,79.05,55.03,20.2,365,Ambient,18,False,Available,4.5,Regular
P002194,DOT-FAC-HYD-300-6,Dot & Key Face Serum Gel Hydrating Niacinamide 30.0 ml,Dot & Key,Premium,Beauty & Personal Care,Skin Care,Face Serum,Gel,Hydrating,Niacinamide,ml,30.0,705,625.41,351.54,11.3,730,Ambient,18,False,Available,4.5,New Arrival
P002195,PAT-CHA-SEL-10-3,Patanjali Chakki Atta Maida Select 1.0 kg,Patanjali,Budget,Staples & Grocery,Atta,Chakki Atta,Maida,Select,Not Applicable,kg,1.0,49,43.32,29.51,11.6,90,Ambient,0,False,Available,3.8,Regular
P002196,NIV-FAC-HYD-500-5,Nivea Face Serum Gel Hydrating Vitamin C 50.0 ml,Nivea,Popular,Beauty & Personal Care,Skin Care,Face Serum,Gel,Hydrating,Vitamin C,ml,50.0,815,767.43,423.61,5.8,730,Ambient,18,False,Available,4.6,Regular
P002197,AAS-CHA-SEL-50-3,Aashirvaad Chakki Atta Besan Select 5.0 kg,Aashirvaad,Premium,Staples & Grocery,Atta,Chakki Atta,Besan,Select,Not Applicable,kg,5.0,329,317.57,240.49,3.5,90,Ambient,0,False,Available,4.6,Regular
P002198,FOR-CHA-GLU-30-1,Fortune Chakki Atta Besan Gluten Free 3.0 kg,Fortune,Popular,Staples & Grocery,Atta,Chakki Atta,Besan,Gluten Free,Not Applicable,kg,3.0,225,210.81,144.58,6.3,90,Ambient,0,False,Available,4.4,Regular
P002199,LAY-CHI-FRI-1500-12,Lay's Potato Chips Fried Cream & Onion 150.0 g,Lay's,Popular,Snacks,Munchies,Chips,Potato Chips,Fried,Cream & Onion,g,150.0,109,95.9,75.48,12.0,180,Ambient,12,False,Available,4.5,Regular
P002200,BEV-COF-GOL-1000-10,Bevzilla Coffee Powder Instant Gold Hazelnut 100.0 g,Bevzilla,Premium,Beverages,Coffee,Coffee Powder,Instant,Gold,Hazelnut,g,100.0,189,174.65,138.78,7.6,365,Ambient,18,False,Low Stock,4.7,Regular
P002201,UNB-BAS-POL-30-1,Unbranded Basic Wear Wallet Polyester 3.0 pack,Unbranded,Budget,Fashion & Lifestyle,Apparel & Accessories,Basic Wear,Wallet,Polyester,Not Applicable,pack,3.0,345,327.09,242.63,5.2,3650,Ambient,12,False,Available,3.8,Regular
P002202,MEI-CHI-SKI-2500-2,Meister Chicken Mince Skinless 250.0 g,Meister,Popular,Meat & Fish,Chicken,Chicken,Mince,Skinless,Not Applicable,g,250.0,129,115.23,84.65,10.7,3,Refrigerated,5,True,Available,4.3,Regular
P002203,KUR-CHI-ROA-300-5,Kurkure Potato Chips Roasted Cream & Onion 30.0 g,Kurkure,Popular,Snacks,Munchies,Chips,Potato Chips,Roasted,Cream & Onion,g,30.0,17,16.62,11.38,2.2,180,Ambient,12,False,Available,4.5,New Arrival
P002204,VIM-DET-TOP-10-6,Vim Detergent Powder Top Load Lemon 1.0 kg,Vim,Popular,Household Essentials,Cleaning Essentials,Detergent,Powder,Top Load,Lemon,kg,1.0,179,161.33,110.47,9.9,730,Ambient,18,False,Available,4.5,Regular
P002205,FAS-BAS-COT-10-2,Fastrack Basic Wear Belts Cotton 1.0 pc,Fastrack,Popular,Fashion & Lifestyle,Apparel & Accessories,Basic Wear,Belts,Cotton,Not Applicable,pc,1.0,235,223.08,173.35,5.1,3650,Ambient,12,False,Available,4.5,Regular
P002206,NAT-CHA-SEL-10-3,Nature Fresh Chakki Atta Besan Select 1.0 kg,Nature Fresh,Popular,Staples & Grocery,Atta,Chakki Atta,Besan,Select,Not Applicable,kg,1.0,55,48.53,35.46,11.8,90,Ambient,0,False,Available,4.6,Regular
P002207,BIN-CHI-ROA-900-8,Bingo Potato Chips Roasted Cream & Onion 90.0 g,Bingo,Budget,Snacks,Munchies,Chips,Potato Chips,Roasted,Cream & Onion,g,90.0,29,27.0,17.77,6.9,180,Ambient,12,False,Available,4.1,Regular
P002208,MAM-FAC-ANT-500-7,Mamaearth Face Serum Gel Anti-Acne Salicylic Acid 50.0 ml,Mamaearth,Popular,Beauty & Personal Care,Skin Care,Face Serum,Gel,Anti-Acne,Salicylic Acid,ml,50.0,689,632.94,400.54,8.1,730,Ambient,18,False,Available,4.5,Regular
P002209,REL-CHI-SKI-10-1,Relish Chicken Boneless Skinless 1.0 kg,Relish,Popular,Meat & Fish,Chicken,Chicken,Boneless,Skinless,Not Applicable,kg,1.0,285,243.94,164.29,14.4,3,Refrigerated,5,True,Available,4.4,Regular
P002210,ABH-EGG-FRE-300-1,Abhi Eggs Table Eggs Free Range 30.0 pc,Abhi Eggs,Budget,"Dairy, Bread & Eggs",Eggs,Eggs,Table Eggs,Free Range,Not Applicable,pc,30.0,239,211.25,151.66,11.6,21,Refrigerated,0,True,Available,4.0,Regular
P002211,HAL-CHI-ROA-1500-11,Haldiram's Potato Chips Roasted Cheese 150.0 g,Haldiram's,Popular,Snacks,Munchies,Chips,Potato Chips,Roasted,Cheese,g,150.0,59,55.86,40.35,5.3,180,Ambient,12,False,Available,4.2,Regular
P002212,BRU-COF-CLA-500-11,Bru Coffee Powder Roast & Ground Classic Hazelnut 50.0 g,Bru,Popular,Beverages,Coffee,Coffee Powder,Roast & Ground,Classic,Hazelnut,g,50.0,129,117.88,88.62,8.6,365,Ambient,18,False,Available,4.2,Regular
P002213,BIN-CHI-BAK-300-14,Bingo Chips Nachos Baked Tomato 30.0 g,Bingo,Budget,Snacks,Munchies,Chips,Nachos,Baked,Tomato,g,30.0,19,13.25,10.59,30.3,180,Ambient,12,False,Available,3.8,Regular
P002214,UNB-ONI-PRE-10-2,Unbranded Onion Sambhar Premium Grade 1.0 kg,Unbranded,Budget,Fruits & Vegetables,Fresh Vegetables,Onion,Sambhar,Premium Grade,Not Applicable,kg,1.0,29,26.99,21.41,6.9,4,Ambient,0,True,Available,4.2,Regular
P002215,MAM-DIA-ALO-750-1,MamyPoko Diapers Pant Style Aloe Vera Enriched 75.0 pack,MamyPoko,Popular,Baby Care,Baby Diapers & Wipes,Diapers,Pant Style,Aloe Vera Enriched,Not Applicable,pack,75.0,3279,3109.28,2232.97,5.2,1095,Ambient,12,False,Available,4.2,Regular
P002216,UNB-BAS-COT-10,Unbranded Basic Wear Socks Cotton 1.0 pc,Unbranded,Budget,Fashion & Lifestyle,Apparel & Accessories,Basic Wear,Socks,Cotton,Not Applicable,pc,1.0,859,795.59,568.27,7.4,3650,Ambient,12,False,Available,4.0,Regular
P002217,PRI-CHI-BAK-900-8,Pringles Potato Chips Baked Tomato 90.0 g,Pringles,Premium,Snacks,Munchies,Chips,Potato Chips,Baked,Tomato,g,90.0,45,38.76,25.72,13.9,180,Ambient,12,False,Available,4.6,Regular
P002218,NES-COF-CLA-500-8,Nescafé Coffee Powder Instant Classic Original 50.0 g,Nescafé,Popular,Beverages,Coffee,Coffee Powder,Instant,Classic,Original,g,50.0,115,87.69,57.26,23.8,365,Ambient,18,False,Available,4.5,Regular
P002219,HAL-CHI-ROA-1500-12,Haldiram's Chips Nachos Roasted Cream & Onion 150.0 g,Haldiram's,Popular,Snacks,Munchies,Chips,Nachos,Roasted,Cream & Onion,g,150.0,85,76.93,56.3,9.5,180,Ambient,12,False,Available,4.6,Regular
P002220,DOT-FAC-ANT-300-7,Dot & Key Face Serum Liquid Serum Anti-Acne Vitamin C 30.0 ml,Dot & Key,Premium,Beauty & Personal Care,Skin Care,Face Serum,Liquid Serum,Anti-Acne,Vitamin C,ml,30.0,489,457.54,253.39,6.4,730,Ambient,18,False,Available,4.9,Regular
P002221,PRI-CHI-ROA-900-9,Pringles Chips Nachos Roasted Cheese 90.0 g,Pringles,Premium,Snacks,Munchies,Chips,Nachos,Roasted,Cheese,g,90.0,39,34.1,26.46,12.6,180,Ambient,12,False,Available,4.8,Regular
P002222,BEV-COF-CLA-62,Bevzilla Coffee Powder Roast & Ground Classic Hazelnut 62 g,Bevzilla,Premium,Beverages,Coffee,Coffee Powder,Roast & Ground,Classic,Hazelnut,g,62.0,139,120.93,95.97,13.0,365,Ambient,18,False,Available,4.7,Regular
P002223,BIN-CHI-FRI-300-11,Bingo Chips Extruded Snacks Fried Magic Masala 30.0 g,Bingo,Budget,Snacks,Munchies,Chips,Extruded Snacks,Fried,Magic Masala,g,30.0,19,17.24,11.24,9.3,180,Ambient,12,False,Available,3.9,Regular
P002224,UNB-TOM-ORG-10-2,Unbranded Tomato Local Organic 1.0 kg,Unbranded,Budget,Fruits & Vegetables,Fresh Vegetables,Tomato,Local,Organic,Not Applicable,kg,1.0,55,54.43,44.06,1.0,4,Ambient,0,True,Available,4.2,Regular
P002225,PRI-CHI-FRI-900-9,Pringles Corn Chips Fried Cheese 90.0 g,Pringles,Premium,Snacks,Munchies,Chips,Corn Chips,Fried,Cheese,g,90.0,39,36.17,23.77,7.3,180,Ambient,12,False,Available,4.7,Regular
P002226,LAY-CHI-ROA-900-7,Lay's Chips Nachos Roasted Magic Masala 90.0 g,Lay's,Popular,Snacks,Munchies,Chips,Nachos,Roasted,Magic Masala,g,90.0,35,24.51,19.12,30.0,180,Ambient,12,False,Available,4.4,Regular
P002227,VIC-COL-NON-250-3,Vicks Cold Relief Lozenges Non-Drowsy Ginger 25.0 g,Vicks,Popular,Pharmacy,Cold & Flu,Cold Relief,Lozenges,Non-Drowsy,Ginger,g,25.0,55,45.58,34.86,17.1,730,Ambient,12,False,Available,4.6,Regular
P002228,FOR-CHA-SEL-100-3,Fortune Chakki Atta Multigrain Select 10.0 kg,Fortune,Popular,Staples & Grocery,Atta,Chakki Atta,Multigrain,Select,Not Applicable,kg,10.0,629,572.89,427.08,8.9,90,Ambient,0,False,Available,4.4,Regular
P002229,PAT-CHA-SHA-150-1,Patanjali Chakki Atta Besan Sharbati 15.0 kg,Patanjali,Budget,Staples & Grocery,Atta,Chakki Atta,Besan,Sharbati,Not Applicable,kg,15.0,1015,833.1,619.64,17.9,90,Ambient,0,False,Available,4.0,Regular
P002230,COU-MIL-FUL-10-2,Country Delight Buffalo Milk Full Cream Plain 1.0 L,Country Delight,Premium,"Dairy, Bread & Eggs",Milk,Milk,Buffalo Milk,Full Cream,Plain,L,1.0,65,60.22,43.27,7.4,2,Refrigerated,0,True,Available,4.7,Regular
P002231,MCC-FRI-CHI-7500-9,McCain Fries & Bites French Fries Chicken Masala 750.0 g,McCain,Premium,Frozen Foods,Frozen Snacks,Fries & Bites,French Fries,Chicken,Masala,g,750.0,365,293.62,196.57,19.6,180,Frozen,18,True,Available,4.7,Regular
P002232,COU-MIL-DOU-5000-1,Country Delight Cow Milk Double Toned Plain 500.0 ml,Country Delight,Premium,"Dairy, Bread & Eggs",Milk,Milk,Cow Milk,Double Toned,Plain,ml,500.0,28,24.25,16.16,13.4,2,Refrigerated,0,True,Available,4.8,Regular
P002233,PRI-CHI-ROA-1500-7,Pringles Chips Nachos Roasted Tomato 150.0 g,Pringles,Premium,Snacks,Munchies,Chips,Nachos,Roasted,Tomato,g,150.0,115,98.53,64.88,14.3,180,Ambient,12,False,Available,4.5,Regular
P002234,MIN-FAC-BRI-300-7,Minimalist Face Serum Gel Brightening Niacinamide 30.0 ml,Minimalist,Premium,Beauty & Personal Care,Skin Care,Face Serum,Gel,Brightening,Niacinamide,ml,30.0,479,441.46,293.81,7.8,730,Ambient,18,False,Available,4.9,Regular
P002235,MCC-FRI-VEG-4000-10,McCain Fries & Bites Aloo Tikki Veg Classic 400.0 g,McCain,Premium,Frozen Foods,Frozen Snacks,Fries & Bites,Aloo Tikki,Veg,Classic,g,400.0,189,172.28,121.25,8.8,180,Frozen,18,True,Available,4.7,Regular
P002236,NAT-CHA-SEL-15-1,Nature Fresh Chakki Atta Wheat Select 1.5 kg,Nature Fresh,Popular,Staples & Grocery,Atta,Chakki Atta,Wheat,Select,Not Applicable,kg,1.5,109,96.46,72.59,11.5,90,Ambient,0,False,Low Stock,4.3,Regular
P002237,PAM-DIA-PRE-730,Pampers Diapers Taped Premium Care 73.0 pack,Pampers,Premium,Baby Care,Baby Diapers & Wipes,Diapers,Taped,Premium Care,Not Applicable,pack,73.0,1619,1333.63,969.55,17.6,1095,Ambient,12,False,Available,4.7,Regular
P002238,HAL-CHI-BAK-900-9,Haldiram's Corn Chips Baked Magic Masala 90.0 g,Haldiram's,Popular,Snacks,Munchies,Chips,Corn Chips,Baked,Magic Masala,g,90.0,45,41.56,29.33,7.7,180,Ambient,12,False,Available,4.2,Regular
P002239,NES-COF-CLA-500-9,Nescafé Coffee Powder Filter Classic Mocha 50.0 g,Nescafé,Popular,Beverages,Coffee,Coffee Powder,Filter,Classic,Mocha,g,50.0,85,67.17,53.52,21.0,365,Ambient,18,False,Available,4.6,Regular
P002240,FAR-APP-REG-10-2,Farm Fresh Apple Kashmiri Regular 1.0 kg,Farm Fresh,Popular,Fruits & Vegetables,Fresh Fruits,Apple,Kashmiri,Regular,Not Applicable,kg,1.0,299,279.09,234.72,6.7,5,Refrigerated,0,True,Available,4.6,Regular
P002241,AAS-CHA-GLU-125-1,Aashirvaad Chakki Atta Besan Gluten Free 12.5 kg,Aashirvaad,Premium,Staples & Grocery,Atta,Chakki Atta,Besan,Gluten Free,Not Applicable,kg,12.5,639,527.58,346.25,17.4,90,Ambient,0,False,Available,4.6,Regular
P002242,KUR-CHI-BAK-900-6,Kurkure Corn Chips Baked Classic Salted 90.0 g,Kurkure,Popular,Snacks,Munchies,Chips,Corn Chips,Baked,Classic Salted,g,90.0,29,26.65,20.06,8.1,180,Ambient,12,False,Available,4.6,Regular
P002243,MAM-FAC-ANT-300-7,Mamaearth Face Serum Liquid Serum Anti-Acne Niacinamide 30.0 ml,Mamaearth,Popular,Beauty & Personal Care,Skin Care,Face Serum,Liquid Serum,Anti-Acne,Niacinamide,ml,30.0,579,540.25,359.24,6.7,730,Ambient,18,False,Available,4.3,Seasonal
P002244,NAT-CHA-SEL-100-3,Nature Fresh Chakki Atta Maida Select 10.0 kg,Nature Fresh,Popular,Staples & Grocery,Atta,Chakki Atta,Maida,Select,Not Applicable,kg,10.0,655,579.03,386.74,11.6,90,Ambient,0,False,Available,4.3,Regular
P002245,NES-COF-CLA-500-10,Nescafé Coffee Powder Instant Classic Vanilla 50.0 g,Nescafé,Popular,Beverages,Coffee,Coffee Powder,Instant,Classic,Vanilla,g,50.0,89,59.05,43.61,33.7,365,Ambient,18,False,Available,4.4,Regular
P002246,LIC-CHI-WIT-5000-4,Licious Chicken Boneless With Skin 500.0 g,Licious,Premium,Meat & Fish,Chicken,Chicken,Boneless,With Skin,Not Applicable,g,500.0,255,211.65,160.39,17.0,3,Refrigerated,5,True,Low Stock,4.8,Regular
P002247,FOR-CHA-SEL-200-1,Fortune Chakki Atta Besan Select 20.0 kg,Fortune,Popular,Staples & Grocery,Atta,Chakki Atta,Besan,Select,Not Applicable,kg,20.0,959,905.61,596.06,5.6,90,Ambient,0,False,Low Stock,4.6,Regular
P002248,PRI-CHI-ROA-300-3,Pringles Chips Extruded Snacks Roasted Classic Salted 30.0 g,Pringles,Premium,Snacks,Munchies,Chips,Extruded Snacks,Roasted,Classic Salted,g,30.0,11,10.98,7.33,0.2,180,Ambient,12,False,Available,4.7,Regular
P002249,NIV-FAC-BRI-300-7,Nivea Face Serum Liquid Serum Brightening Vitamin C 30.0 ml,Nivea,Popular,Beauty & Personal Care,Skin Care,Face Serum,Liquid Serum,Brightening,Vitamin C,ml,30.0,589,536.96,312.92,8.8,730,Ambient,18,False,Discontinued,4.6,Regular
P002250,AAS-CHA-GLU-10-3,Aashirvaad Chakki Atta Besan Gluten Free 1.0 kg,Aashirvaad,Premium,Staples & Grocery,Atta,Chakki Atta,Besan,Gluten Free,Not Applicable,kg,1.0,59,57.7,41.21,2.2,90,Ambient,0,False,Discontinued,4.7,Regular
P002251,THE-FAC-HYD-150,The Derma Co Face Serum Liquid Serum Hydrating Hyaluronic Acid 150 ml,The Derma Co,Premium,Beauty & Personal Care,Skin Care,Face Serum,Liquid Serum,Hydrating,Hyaluronic Acid,ml,150.0,1819,1683.32,952.17,7.5,730,Ambient,18,False,Available,4.6,Regular
P002252,DUR-BAT-AA-40-2,Duracell Batteries Rechargeable AA 4.0 pack,Duracell,Premium,Household Essentials,Electronics,Batteries,Rechargeable,AA,Not Applicable,pack,4.0,99,98.58,73.39,0.4,3650,Ambient,18,False,Available,4.6,Regular
P002253,DOT-FAC-HYD-300-7,Dot & Key Face Serum Gel Hydrating Vitamin C 30.0 ml,Dot & Key,Premium,Beauty & Personal Care,Skin Care,Face Serum,Gel,Hydrating,Vitamin C,ml,30.0,649,540.14,279.06,16.8,730,Ambient,18,False,Available,4.5,Seasonal
P002254,KUR-CHI-FRI-1500-6,Kurkure Corn Chips Fried Cream & Onion 150.0 g,Kurkure,Popular,Snacks,Munchies,Chips,Corn Chips,Fried,Cream & Onion,g,150.0,115,103.73,79.92,9.8,180,Ambient,12,False,Available,4.5,Regular
P002255,NES-COF-DEC-500-10,Nescafé Coffee Powder Instant Decaf Mocha 50.0 g,Nescafé,Popular,Beverages,Coffee,Coffee Powder,Instant,Decaf,Mocha,g,50.0,99,95.08,64.85,4.0,365,Ambient,18,False,Available,4.3,Regular
P002256,LIC-CHI-SKI-5000-3,Licious Chicken Wings Skinless 500.0 g,Licious,Premium,Meat & Fish,Chicken,Chicken,Wings,Skinless,Not Applicable,g,500.0,315,228.62,161.57,27.4,3,Refrigerated,5,True,Out Of Stock,4.7,Regular
P002257,HAL-CHI-BAK-900-10,Haldiram's Chips Nachos Baked Cheese 90.0 g,Haldiram's,Popular,Snacks,Munchies,Chips,Nachos,Baked,Cheese,g,90.0,49,36.52,27.83,25.5,180,Ambient,12,False,Available,4.4,Regular
P002258,UNB-ONI-REG-50-2,Unbranded Onion Red Regular 5.0 kg,Unbranded,Budget,Fruits & Vegetables,Fresh Vegetables,Onion,Red,Regular,Not Applicable,kg,5.0,275,182.7,154.87,33.6,4,Ambient,0,True,Available,4.0,Regular
P002259,FAR-ONI-PRE-75-1,Farm Fresh Onion Red Premium Grade 7.5 kg,Farm Fresh,Popular,Fruits & Vegetables,Fresh Vegetables,Onion,Red,Premium Grade,Not Applicable,kg,7.5,245,224.79,175.32,8.2,4,Ambient,0,True,Available,4.3,Regular
P002260,PRI-CHI-BAK-300-10,Pringles Potato Chips Baked Cream & Onion 30.0 g,Pringles,Premium,Snacks,Munchies,Chips,Potato Chips,Baked,Cream & Onion,g,30.0,20,18.66,14.16,6.7,180,Ambient,12,False,Out Of Stock,4.9,Regular
P002261,PAT-CHA-SHA-30-2,Patanjali Chakki Atta Wheat Sharbati 3.0 kg,Patanjali,Budget,Staples & Grocery,Atta,Chakki Atta,Wheat,Sharbati,Not Applicable,kg,3.0,205,187.99,141.0,8.3,90,Ambient,0,False,Available,3.8,Regular
P002262,SUR-DET-TOP-10-8,Surf Excel Detergent Liquid Top Load Fresh Spring 1.0 kg,Surf Excel,Premium,Household Essentials,Cleaning Essentials,Detergent,Liquid,Top Load,Fresh Spring,kg,1.0,229,206.94,165.22,9.6,730,Ambient,18,False,Available,4.7,Regular
P002263,MCC-FRI-CHI-4000-10,McCain Fries & Bites French Fries Chicken Masala 400.0 g,McCain,Premium,Frozen Foods,Frozen Snacks,Fries & Bites,French Fries,Chicken,Masala,g,400.0,149,114.74,83.7,23.0,180,Frozen,18,True,Available,4.7,Regular
P002264,UNB-TOM-REG-30,Unbranded Tomato Cherry Regular 3.0 kg,Unbranded,Budget,Fruits & Vegetables,Fresh Vegetables,Tomato,Cherry,Regular,Not Applicable,kg,3.0,179,156.26,126.96,12.7,4,Ambient,0,True,Available,4.0,Regular
P002265,MCC-FRI-CHI-7500-10,McCain Fries & Bites French Fries Chicken Classic 750.0 g,McCain,Premium,Frozen Foods,Frozen Snacks,Fries & Bites,French Fries,Chicken,Classic,g,750.0,299,269.19,198.21,10.0,180,Frozen,18,True,Available,4.8,Regular
P002266,NAT-CHA-SHA-15,Nature Fresh Chakki Atta Multigrain Sharbati 1.5 kg,Nature Fresh,Popular,Staples & Grocery,Atta,Chakki Atta,Multigrain,Sharbati,Not Applicable,kg,1.5,75,69.95,53.22,6.7,90,Ambient,0,False,Low Stock,4.3,Regular
P002267,ZES-APP-WAX-70-1,Zespri Apple Washington Wax Free 7.0 pc,Zespri,Premium,Fruits & Vegetables,Fresh Fruits,Apple,Washington,Wax Free,Not Applicable,pc,7.0,329,327.63,263.75,0.4,5,Refrigerated,0,True,Available,4.8,Regular
P002268,HAL-CHI-FRI-300-8,Haldiram's Corn Chips Fried Classic Salted 30.0 g,Haldiram's,Popular,Snacks,Munchies,Chips,Corn Chips,Fried,Classic Salted,g,30.0,18,17.18,11.52,4.6,180,Ambient,12,False,Available,4.6,Regular
P002269,COU-MIL-LAC-10,Country Delight Cow Milk Lactose Free Plain 1.0 L,Country Delight,Premium,"Dairy, Bread & Eggs",Milk,Milk,Cow Milk,Lactose Free,Plain,L,1.0,49,46.24,31.71,5.6,2,Refrigerated,0,True,Available,4.6,Regular
P002270,COU-MIL-TON-10-2,Country Delight Cow Milk Toned Plain 1.0 L,Country Delight,Premium,"Dairy, Bread & Eggs",Milk,Milk,Cow Milk,Toned,Plain,L,1.0,55,52.07,37.19,5.3,2,Refrigerated,0,True,Available,4.6,Regular
P002271,PRI-CHI-FRI-300-11,Pringles Corn Chips Fried Magic Masala 30.0 g,Pringles,Premium,Snacks,Munchies,Chips,Corn Chips,Fried,Magic Masala,g,30.0,11,9.82,6.79,10.8,180,Ambient,12,False,Available,4.8,Regular
P002272,BIN-CHI-ROA-300-13,Bingo Potato Chips Roasted Cream & Onion 30.0 g,Bingo,Budget,Snacks,Munchies,Chips,Potato Chips,Roasted,Cream & Onion,g,30.0,13,10.52,8.3,19.1,180,Ambient,12,False,Available,4.1,Regular
P002273,PRI-CHI-BAK-1500-10,Pringles Potato Chips Baked Cream & Onion 150.0 g,Pringles,Premium,Snacks,Munchies,Chips,Potato Chips,Baked,Cream & Onion,g,150.0,119,107.28,75.67,9.8,180,Ambient,12,False,Low Stock,4.6,Regular
P002274,PAT-CHA-SEL-12-1,Patanjali Chakki Atta Maida Select 1.2 kg,Patanjali,Budget,Staples & Grocery,Atta,Chakki Atta,Maida,Select,Not Applicable,kg,1.2,85,71.29,56.43,16.1,90,Ambient,0,False,Available,3.9,Regular
P002275,NIV-FAC-ANT-300-7,Nivea Face Serum Gel Anti-Acne Hyaluronic Acid 30.0 ml,Nivea,Popular,Beauty & Personal Care,Skin Care,Face Serum,Gel,Anti-Acne,Hyaluronic Acid,ml,30.0,765,505.68,335.21,33.9,730,Ambient,18,False,Low Stock,4.5,Regular
P002276,NIV-FAC-BRI-500-7,Nivea Face Serum Gel Brightening Hyaluronic Acid 50.0 ml,Nivea,Popular,Beauty & Personal Care,Skin Care,Face Serum,Gel,Brightening,Hyaluronic Acid,ml,50.0,635,544.01,306.21,14.3,730,Ambient,18,False,Available,4.3,Regular
P002277,AMU-FRI-VEG-7500-10,Amul Fries & Bites Aloo Tikki Veg Classic 750.0 g,Amul,Popular,Frozen Foods,Frozen Snacks,Fries & Bites,Aloo Tikki,Veg,Classic,g,750.0,335,288.54,203.76,13.9,180,Frozen,18,True,Available,4.3,New Arrival
P002278,NAT-CHA-SEL-50-3,Nature Fresh Chakki Atta Multigrain Select 5.0 kg,Nature Fresh,Popular,Staples & Grocery,Atta,Chakki Atta,Multigrain,Select,Not Applicable,kg,5.0,349,336.64,244.3,3.5,90,Ambient,0,False,Available,4.5,New Arrival
P002279,FAR-ONI-REG-50-2,Farm Fresh Onion Sambhar Regular 5.0 kg,Farm Fresh,Popular,Fruits & Vegetables,Fresh Vegetables,Onion,Sambhar,Regular,Not Applicable,kg,5.0,205,141.5,111.9,31.0,4,Ambient,0,True,Available,4.5,Regular
P002280,FOR-CHA-SHA-100-3,Fortune Chakki Atta Wheat Sharbati 10.0 kg,Fortune,Popular,Staples & Grocery,Atta,Chakki Atta,Wheat,Sharbati,Not Applicable,kg,10.0,539,457.74,360.73,15.1,90,Ambient,0,False,Available,4.6,Seasonal
P002281,UNB-CHI-SKI-5000-2,Unbranded Chicken Boneless Skinless 500.0 g,Unbranded,Budget,Meat & Fish,Chicken,Chicken,Boneless,Skinless,Not Applicable,g,500.0,195,130.31,93.0,33.2,3,Refrigerated,5,True,Available,3.9,Regular
P002282,NIV-FAC-HYD-500-6,Nivea Face Serum Liquid Serum Hydrating Vitamin C 50.0 ml,Nivea,Popular,Beauty & Personal Care,Skin Care,Face Serum,Liquid Serum,Hydrating,Vitamin C,ml,50.0,649,624.28,413.5,3.8,730,Ambient,18,False,Available,4.5,Regular
P002283,NES-COF-CLA-500-11,Nescafé Coffee Powder Instant Classic Hazelnut 50.0 g,Nescafé,Popular,Beverages,Coffee,Coffee Powder,Instant,Classic,Hazelnut,g,50.0,129,121.08,89.7,6.1,365,Ambient,18,False,Available,4.5,Regular
P002284,AMU-FRI-VEG-4000-9,Amul Fries & Bites Aloo Tikki Veg Masala 400.0 g,Amul,Popular,Frozen Foods,Frozen Snacks,Fries & Bites,Aloo Tikki,Veg,Masala,g,400.0,149,145.93,102.72,2.1,180,Frozen,18,True,Available,4.3,New Arrival
P002285,UNB-CHI-WIT-5000-2,Unbranded Chicken Mince With Skin 500.0 g,Unbranded,Budget,Meat & Fish,Chicken,Chicken,Mince,With Skin,Not Applicable,g,500.0,189,141.43,108.04,25.2,3,Refrigerated,5,True,Available,3.8,Regular
P002286,ABH-EGG-OME-60-1,Abhi Eggs Country Eggs Omega-3 Rich 6.0 pc,Abhi Eggs,Budget,"Dairy, Bread & Eggs",Eggs,Eggs,Country Eggs,Omega-3 Rich,Not Applicable,pc,6.0,75,68.69,52.05,8.4,21,Refrigerated,0,True,Available,3.9,Regular
P002287,LAY-CHI-ROA-1500-11,Lay's Chips Extruded Snacks Roasted Cheese 150.0 g,Lay's,Popular,Snacks,Munchies,Chips,Extruded Snacks,Roasted,Cheese,g,150.0,55,39.93,26.54,27.4,180,Ambient,12,False,Available,4.2,Regular
P002288,KUR-CHI-FRI-1500-7,Kurkure Potato Chips Fried Cheese 150.0 g,Kurkure,Popular,Snacks,Munchies,Chips,Potato Chips,Fried,Cheese,g,150.0,99,72.81,50.89,26.5,180,Ambient,12,False,Low Stock,4.6,Regular
P002289,EVE-BAT-AA-40-2,Eveready Batteries Rechargeable AA 4.0 pack,Eveready,Budget,Household Essentials,Electronics,Batteries,Rechargeable,AA,Not Applicable,pack,4.0,115,103.63,72.42,9.9,3650,Ambient,18,False,Available,4.0,Regular
P002290,MOD-BRE-GAR-2000-3,Modern Bread Loaf Brown Garlic 200.0 g,Modern,Popular,"Dairy, Bread & Eggs",Bread,Bread Loaf,Brown,Garlic,Not Applicable,g,200.0,29,27.67,19.24,4.6,5,Ambient,0,False,Available,4.4,Seasonal
P002291,HAL-CHI-ROA-900-13,Haldiram's Corn Chips Roasted Cheese 90.0 g,Haldiram's,Popular,Snacks,Munchies,Chips,Corn Chips,Roasted,Cheese,g,90.0,49,45.16,31.2,7.8,180,Ambient,12,False,Available,4.3,Regular
P002292,BIN-CHI-ROA-300-14,Bingo Potato Chips Roasted Classic Salted 30.0 g,Bingo,Budget,Snacks,Munchies,Chips,Potato Chips,Roasted,Classic Salted,g,30.0,14,12.73,9.48,9.1,180,Ambient,12,False,Available,4.0,Regular
P002293,UNB-BAS-COT-30-2,Unbranded Basic Wear Socks Cotton 3.0 pack,Unbranded,Budget,Fashion & Lifestyle,Apparel & Accessories,Basic Wear,Socks,Cotton,Not Applicable,pack,3.0,495,481.49,331.39,2.7,3650,Ambient,12,False,Available,3.9,Regular
P002294,UNB-CHI-WIT-2500-3,Unbranded Chicken Wings With Skin 250.0 g,Unbranded,Budget,Meat & Fish,Chicken,Chicken,Wings,With Skin,Not Applicable,g,250.0,89,81.48,60.18,8.5,3,Refrigerated,5,True,Available,4.2,Regular
P002295,FOR-CHA-SHA-50-3,Fortune Chakki Atta Wheat Sharbati 5.0 kg,Fortune,Popular,Staples & Grocery,Atta,Chakki Atta,Wheat,Sharbati,Not Applicable,kg,5.0,265,241.2,158.76,9.0,90,Ambient,0,False,Available,4.4,New Arrival
P002296,LAY-CHI-BAK-1500-11,Lay's Chips Nachos Baked Tomato 150.0 g,Lay's,Popular,Snacks,Munchies,Chips,Nachos,Baked,Tomato,g,150.0,109,79.61,61.86,27.0,180,Ambient,12,False,Available,4.5,Regular
P002297,HUG-DIA-PRE-720-1,Huggies Diapers Pant Style Premium Care 72.0 pack,Huggies,Popular,Baby Care,Baby Diapers & Wipes,Diapers,Pant Style,Premium Care,Not Applicable,pack,72.0,925,881.08,589.44,4.7,1095,Ambient,12,False,Available,4.5,Regular
P002298,PRI-CHI-BAK-1500-11,Pringles Corn Chips Baked Tomato 150.0 g,Pringles,Premium,Snacks,Munchies,Chips,Corn Chips,Baked,Tomato,g,150.0,75,50.21,39.04,33.1,180,Ambient,12,False,Low Stock,4.6,Regular
P002299,PAT-CHA-SHA-150-2,Patanjali Chakki Atta Wheat Sharbati 15.0 kg,Patanjali,Budget,Staples & Grocery,Atta,Chakki Atta,Wheat,Sharbati,Not Applicable,kg,15.0,849,771.85,512.66,9.1,90,Ambient,0,False,Available,3.9,Regular
P002300,PAT-CHA-SEL-62-2,Patanjali Chakki Atta Wheat Select 6.2 kg,Patanjali,Budget,Staples & Grocery,Atta,Chakki Atta,Wheat,Select,Not Applicable,kg,6.2,465,459.95,366.83,1.1,90,Ambient,0,False,Available,4.0,Regular
P002301,NIV-FAC-HYD-500-7,Nivea Face Serum Gel Hydrating Salicylic Acid 50.0 ml,Nivea,Popular,Beauty & Personal Care,Skin Care,Face Serum,Gel,Hydrating,Salicylic Acid,ml,50.0,705,662.78,398.02,6.0,730,Ambient,18,False,Available,4.3,Regular
P002302,KUR-CHI-ROA-300-6,Kurkure Potato Chips Roasted Cheese 30.0 g,Kurkure,Popular,Snacks,Munchies,Chips,Potato Chips,Roasted,Cheese,g,30.0,18,14.66,11.12,18.5,180,Ambient,12,False,Available,4.3,Regular
P002303,THE-FAC-ANT-300-7,The Derma Co Face Serum Gel Anti-Acne Hyaluronic Acid 30.0 ml,The Derma Co,Premium,Beauty & Personal Care,Skin Care,Face Serum,Gel,Anti-Acne,Hyaluronic Acid,ml,30.0,639,591.1,362.33,7.5,730,Ambient,18,False,Available,4.8,Regular
P002304,NES-COF-DEC-500-11,Nescafé Coffee Powder Roast & Ground Decaf Vanilla 50.0 g,Nescafé,Popular,Beverages,Coffee,Coffee Powder,Roast & Ground,Decaf,Vanilla,g,50.0,115,105.42,78.75,8.3,365,Ambient,18,False,Available,4.2,Seasonal
P002305,MOD-BRE-GAR-4000-2,Modern Bread Loaf White Garlic 400.0 g,Modern,Popular,"Dairy, Bread & Eggs",Bread,Bread Loaf,White,Garlic,Not Applicable,g,400.0,65,59.46,42.15,8.5,5,Ambient,0,False,Available,4.3,Regular
P002306,WHI-PET-ADU-4000-1,Whiskas Pet Food Biscuits Adult Liver 400.0 g,Whiskas,Popular,Pet Care,Dog & Cat Food,Pet Food,Biscuits,Adult,Liver,g,400.0,119,116.06,89.08,2.5,540,Ambient,18,False,Available,4.4,New Arrival
P002307,BIN-CHI-ROA-1500-8,Bingo Chips Extruded Snacks Roasted Tomato 150.0 g,Bingo,Budget,Snacks,Munchies,Chips,Extruded Snacks,Roasted,Tomato,g,150.0,115,96.24,72.1,16.3,180,Ambient,12,False,Available,4.0,New Arrival
P002308,NES-COF-GOL-1000-11,Nescafé Coffee Powder Roast & Ground Gold Mocha 100.0 g,Nescafé,Popular,Beverages,Coffee,Coffee Powder,Roast & Ground,Gold,Mocha,g,100.0,275,266.59,189.31,3.1,365,Ambient,18,False,Available,4.4,Regular
P002309,ITC-FRI-VEG-7500-7,ITC Master Chef Fries & Bites Cheese Balls Veg Masala 750.0 g,ITC Master Chef,Popular,Frozen Foods,Frozen Snacks,Fries & Bites,Cheese Balls,Veg,Masala,g,750.0,275,237.23,165.28,13.7,180,Frozen,18,True,Available,4.3,Regular
P002310,BEV-COF-GOL-1000-11,Bevzilla Coffee Powder Roast & Ground Gold Vanilla 100.0 g,Bevzilla,Premium,Beverages,Coffee,Coffee Powder,Roast & Ground,Gold,Vanilla,g,100.0,259,220.84,176.09,14.7,365,Ambient,18,False,Available,4.6,Regular
P002311,PAM-DIA-STA-310,Pampers Diapers Taped Standard 31.0 pack,Pampers,Premium,Baby Care,Baby Diapers & Wipes,Diapers,Taped,Standard,Not Applicable,pack,31.0,499,450.48,313.88,9.7,1095,Ambient,12,False,Available,4.9,Regular
P002312,MEI-CHI-SKI-10-3,Meister Chicken Wings Skinless 1.0 kg,Meister,Popular,Meat & Fish,Chicken,Chicken,Wings,Skinless,Not Applicable,kg,1.0,525,508.36,337.92,3.2,3,Refrigerated,5,True,Low Stock,4.4,Regular
P002313,PRI-CHI-ROA-1500-8,Pringles Chips Nachos Roasted Magic Masala 150.0 g,Pringles,Premium,Snacks,Munchies,Chips,Nachos,Roasted,Magic Masala,g,150.0,69,64.37,43.83,6.7,180,Ambient,12,False,Available,4.8,Regular
P002314,PRI-CHI-FRI-300-12,Pringles Chips Nachos Fried Cheese 30.0 g,Pringles,Premium,Snacks,Munchies,Chips,Nachos,Fried,Cheese,g,30.0,19,17.13,11.7,9.8,180,Ambient,12,False,Available,4.7,Regular
